user,day,logon_events,logoff_events,logon_outside_hours,unique_logon_pcs,usb_events,usb_connect_events,usb_disconnect_events,usb_outside_hours,unique_usb_pcs,file_copy_events,file_copy_outside_hours,unique_files_copied,unique_file_pcs,http_events,http_outside_hours,unique_urls,unique_domains,unique_http_pcs,email_events,email_outside_hours,total_email_size,avg_email_size,total_attachments,emails_with_attachments,to_recipients_count,cc_recipients_count,bcc_recipients_count,unique_email_pcs,rule_score,rule_reasons,anomaly_prediction,anomaly_score,is_anomaly,autoencoder_reconstruction_error,autoencoder_threshold,autoencoder_is_anomaly,risk_score,risk_level,alert_reason,employee_name,email,role,business_unit,functional_unit,department,team,supervisor,ldap_source_file
AAF0535,2010-01-05,1.0,1.0,0.0,1.0,4.0,2.0,2.0,0.0,1.0,1.0,0.0,1.0,1.0,0.0,0.0,0.0,0.0,0.0,0.0,0.0,0.0,0.0,0.0,0.0,0.0,0.0,0.0,0.0,15,USB activity detected,1,0.23342072694348898,0,0.06455823920665618,0.697005956229538,0,15,low,USB activity detected,Athena Amelia Foreman,Athena.Amelia.Foreman@dtaa.com,Technician,1,5 - SalesAndMarketing,3 - FieldService,2 - RegionalFieldService,Burke Randall Burnett,2010-07.csv
AAF0535,2010-01-06,1.0,1.0,0.0,1.0,2.0,1.0,1.0,0.0,1.0,5.0,0.0,5.0,1.0,0.0,0.0,0.0,0.0,0.0,0.0,0.0,0.0,0.0,0.0,0.0,0.0,0.0,0.0,0.0,15,USB activity detected,1,0.23403554596914067,0,0.048720406931456954,0.697005956229538,0,15,low,USB activity detected,Athena Amelia Foreman,Athena.Amelia.Foreman@dtaa.com,Technician,1,5 - SalesAndMarketing,3 - FieldService,2 - RegionalFieldService,Burke Randall Burnett,2010-07.csv
AAF0535,2010-01-07,1.0,1.0,0.0,1.0,4.0,2.0,2.0,0.0,1.0,1.0,0.0,1.0,1.0,0.0,0.0,0.0,0.0,0.0,0.0,0.0,0.0,0.0,0.0,0.0,0.0,0.0,0.0,0.0,15,USB activity detected,1,0.23342072694348898,0,0.06455823920665618,0.697005956229538,0,15,low,USB activity detected,Athena Amelia Foreman,Athena.Amelia.Foreman@dtaa.com,Technician,1,5 - SalesAndMarketing,3 - FieldService,2 - RegionalFieldService,Burke Randall Burnett,2010-07.csv
AAF0535,2010-01-08,0.0,0.0,0.0,0.0,8.0,4.0,4.0,0.0,1.0,3.0,0.0,3.0,1.0,0.0,0.0,0.0,0.0,0.0,0.0,0.0,0.0,0.0,0.0,0.0,0.0,0.0,0.0,0.0,15,USB activity detected,1,0.19816777509854322,0,0.033221526661336084,0.697005956229538,0,15,low,USB activity detected,Athena Amelia Foreman,Athena.Amelia.Foreman@dtaa.com,Technician,1,5 - SalesAndMarketing,3 - FieldService,2 - RegionalFieldService,Burke Randall Burnett,2010-07.csv
AAF0535,2010-01-11,0.0,0.0,0.0,0.0,2.0,1.0,1.0,0.0,1.0,0.0,0.0,0.0,0.0,0.0,0.0,0.0,0.0,0.0,0.0,0.0,0.0,0.0,0.0,0.0,0.0,0.0,0.0,0.0,15,USB activity detected,1,0.24138913393585137,0,0.034578884745784924,0.697005956229538,0,15,low,USB activity detected,Athena Amelia Foreman,Athena.Amelia.Foreman@dtaa.com,Technician,1,5 - SalesAndMarketing,3 - FieldService,2 - RegionalFieldService,Burke Randall Burnett,2010-07.csv
AAF0535,2010-01-12,0.0,0.0,0.0,0.0,2.0,1.0,1.0,0.0,1.0,2.0,0.0,2.0,1.0,0.0,0.0,0.0,0.0,0.0,0.0,0.0,0.0,0.0,0.0,0.0,0.0,0.0,0.0,0.0,15,USB activity detected,1,0.2257817351181608,0,0.0407946951664791,0.697005956229538,0,15,low,USB activity detected,Athena Amelia Foreman,Athena.Amelia.Foreman@dtaa.com,Technician,1,5 - SalesAndMarketing,3 - FieldService,2 - RegionalFieldService,Burke Randall Burnett,2010-07.csv
AAF0535,2010-01-13,0.0,0.0,0.0,0.0,2.0,1.0,1.0,0.0,1.0,0.0,0.0,0.0,0.0,0.0,0.0,0.0,0.0,0.0,0.0,0.0,0.0,0.0,0.0,0.0,0.0,0.0,0.0,0.0,15,USB activity detected,1,0.24138913393585137,0,0.034578884745784924,0.697005956229538,0,15,low,USB activity detected,Athena Amelia Foreman,Athena.Amelia.Foreman@dtaa.com,Technician,1,5 - SalesAndMarketing,3 - FieldService,2 - RegionalFieldService,Burke Randall Burnett,2010-07.csv
AAM0658,2010-01-04,1.0,1.0,1.0,1.0,0.0,0.0,0.0,0.0,0.0,0.0,0.0,0.0,0.0,0.0,0.0,0.0,0.0,0.0,3.0,0.0,104862.0,34954.0,3.0,1.0,7.0,0.0,0.0,1.0,20,Logon activity outside working hours,1,0.18947930376830668,0,0.11297750674264356,0.697005956229538,0,20,low,Logon activity outside working hours,Abel Adam Morton,Abel.Adam.Morton@dtaa.com,Technician,1,5 - SalesAndMarketing,3 - FieldService,3 - RegionalFieldService,Hedwig Regina Livingston,2010-10.csv
AAM0658,2010-01-05,1.0,1.0,1.0,1.0,0.0,0.0,0.0,0.0,0.0,0.0,0.0,0.0,0.0,0.0,0.0,0.0,0.0,0.0,0.0,0.0,0.0,0.0,0.0,0.0,0.0,0.0,0.0,0.0,20,Logon activity outside working hours,1,0.2543368308857394,0,0.04029176788212439,0.697005956229538,0,20,low,Logon activity outside working hours,Abel Adam Morton,Abel.Adam.Morton@dtaa.com,Technician,1,5 - SalesAndMarketing,3 - FieldService,3 - RegionalFieldService,Hedwig Regina Livingston,2010-10.csv
AAM0658,2010-01-06,1.0,1.0,1.0,1.0,0.0,0.0,0.0,0.0,0.0,0.0,0.0,0.0,0.0,0.0,0.0,0.0,0.0,0.0,0.0,0.0,0.0,0.0,0.0,0.0,0.0,0.0,0.0,0.0,20,Logon activity outside working hours,1,0.2543368308857394,0,0.04029176788212439,0.697005956229538,0,20,low,Logon activity outside working hours,Abel Adam Morton,Abel.Adam.Morton@dtaa.com,Technician,1,5 - SalesAndMarketing,3 - FieldService,3 - RegionalFieldService,Hedwig Regina Livingston,2010-10.csv
ABC0174,2010-01-02,2.0,1.0,0.0,1.0,4.0,2.0,2.0,0.0,1.0,2.0,0.0,2.0,1.0,162.0,0.0,50.0,47.0,1.0,15.0,0.0,415578.0,27705.2,4.0,2.0,21.0,22.0,13.0,1.0,15,USB activity detected,-1,-0.04286048263074782,1,0.42301969518364246,0.697005956229538,0,55,medium,USB activity detected; AI anomaly detected by Isolation Forest,Allegra Bree Coffey,Allegra.Bree.Coffey@dtaa.com,Salesman,1,5 - SalesAndMarketing,2 - Sales,1 - RegionalSales,Meredith Ainsley Wolf,2010-11.csv
ABC0174,2010-01-04,2.0,1.0,0.0,1.0,4.0,2.0,2.0,0.0,1.0,4.0,0.0,4.0,1.0,9.0,0.0,8.0,8.0,1.0,14.0,0.0,398617.0,28472.64285714286,6.0,3.0,17.0,14.0,14.0,1.0,15,USB activity detected,1,0.021087209700562326,0,0.948695532358021,0.697005956229538,1,45,medium,USB activity detected; AI anomaly detected by TensorFlow Autoencoder,Allegra Bree Coffey,Allegra.Bree.Coffey@dtaa.com,Salesman,1,5 - SalesAndMarketing,2 - Sales,1 - RegionalSales,Meredith Ainsley Wolf,2010-11.csv
ABC0174,2010-01-05,2.0,1.0,0.0,1.0,4.0,2.0,2.0,0.0,1.0,2.0,0.0,2.0,1.0,0.0,0.0,0.0,0.0,0.0,12.0,0.0,320737.0,26728.083333333332,0.0,0.0,21.0,11.0,17.0,1.0,15,USB activity detected,1,0.06168559629931947,0,0.7024956851224833,0.697005956229538,1,45,medium,USB activity detected; AI anomaly detected by TensorFlow Autoencoder,Allegra Bree Coffey,Allegra.Bree.Coffey@dtaa.com,Salesman,1,5 - SalesAndMarketing,2 - Sales,1 - RegionalSales,Meredith Ainsley Wolf,2010-11.csv
ABC0174,2010-01-06,2.0,1.0,0.0,1.0,2.0,1.0,1.0,0.0,1.0,0.0,0.0,0.0,0.0,0.0,0.0,0.0,0.0,0.0,0.0,0.0,0.0,0.0,0.0,0.0,0.0,0.0,0.0,0.0,15,USB activity detected,1,0.25189093925128153,0,0.0795926588453627,0.697005956229538,0,15,low,USB activity detected,Allegra Bree Coffey,Allegra.Bree.Coffey@dtaa.com,Salesman,1,5 - SalesAndMarketing,2 - Sales,1 - RegionalSales,Meredith Ainsley Wolf,2010-11.csv
ABC0174,2010-01-07,2.0,1.0,0.0,1.0,2.0,1.0,1.0,0.0,1.0,3.0,0.0,3.0,1.0,0.0,0.0,0.0,0.0,0.0,0.0,0.0,0.0,0.0,0.0,0.0,0.0,0.0,0.0,0.0,15,USB activity detected,1,0.23426035937108708,0,0.08227223845201406,0.697005956229538,0,15,low,USB activity detected,Allegra Bree Coffey,Allegra.Bree.Coffey@dtaa.com,Salesman,1,5 - SalesAndMarketing,2 - Sales,1 - RegionalSales,Meredith Ainsley Wolf,2010-11.csv
ABC0174,2010-01-08,0.0,0.0,0.0,0.0,6.0,3.0,3.0,0.0,1.0,1.0,0.0,1.0,1.0,0.0,0.0,0.0,0.0,0.0,0.0,0.0,0.0,0.0,0.0,0.0,0.0,0.0,0.0,0.0,15,USB activity detected,1,0.2092469980224541,0,0.04111771016119977,0.697005956229538,0,15,low,USB activity detected,Allegra Bree Coffey,Allegra.Bree.Coffey@dtaa.com,Salesman,1,5 - SalesAndMarketing,2 - Sales,1 - RegionalSales,Meredith Ainsley Wolf,2010-11.csv
ABC0174,2010-01-09,0.0,0.0,0.0,0.0,4.0,2.0,2.0,0.0,1.0,4.0,0.0,4.0,1.0,0.0,0.0,0.0,0.0,0.0,0.0,0.0,0.0,0.0,0.0,0.0,0.0,0.0,0.0,0.0,15,USB activity detected,1,0.22838849427851565,0,0.03044635091598822,0.697005956229538,0,15,low,USB activity detected,Allegra Bree Coffey,Allegra.Bree.Coffey@dtaa.com,Salesman,1,5 - SalesAndMarketing,2 - Sales,1 - RegionalSales,Meredith Ainsley Wolf,2010-11.csv
ABC0174,2010-01-11,0.0,0.0,0.0,0.0,8.0,4.0,4.0,0.0,1.0,0.0,0.0,0.0,0.0,0.0,0.0,0.0,0.0,0.0,0.0,0.0,0.0,0.0,0.0,0.0,0.0,0.0,0.0,0.0,15,USB activity detected,1,0.19727497896406737,0,0.026766841620095603,0.697005956229538,0,15,low,USB activity detected,Allegra Bree Coffey,Allegra.Bree.Coffey@dtaa.com,Salesman,1,5 - SalesAndMarketing,2 - Sales,1 - RegionalSales,Meredith Ainsley Wolf,2010-11.csv
ABC0174,2010-01-12,0.0,0.0,0.0,0.0,2.0,1.0,1.0,0.0,1.0,4.0,0.0,4.0,1.0,0.0,0.0,0.0,0.0,0.0,0.0,0.0,0.0,0.0,0.0,0.0,0.0,0.0,0.0,0.0,15,USB activity detected,1,0.2255480598108977,0,0.03194264222559186,0.697005956229538,0,15,low,USB activity detected,Allegra Bree Coffey,Allegra.Bree.Coffey@dtaa.com,Salesman,1,5 - SalesAndMarketing,2 - Sales,1 - RegionalSales,Meredith Ainsley Wolf,2010-11.csv
ABC0174,2010-01-13,0.0,0.0,0.0,0.0,2.0,1.0,1.0,0.0,1.0,0.0,0.0,0.0,0.0,0.0,0.0,0.0,0.0,0.0,0.0,0.0,0.0,0.0,0.0,0.0,0.0,0.0,0.0,0.0,15,USB activity detected,1,0.24138913393585137,0,0.034578884745784924,0.697005956229538,0,15,low,USB activity detected,Allegra Bree Coffey,Allegra.Bree.Coffey@dtaa.com,Salesman,1,5 - SalesAndMarketing,2 - Sales,1 - RegionalSales,Meredith Ainsley Wolf,2010-11.csv
ACC0042,2010-01-04,3.0,3.0,2.0,3.0,0.0,0.0,0.0,0.0,0.0,0.0,0.0,0.0,0.0,9.0,0.0,7.0,7.0,1.0,11.0,0.0,346694.0,31517.636363636364,8.0,5.0,21.0,4.0,0.0,1.0,35,Logon activity outside working hours; Multiple PCs used for logon,1,0.044430091534735094,0,0.10780643046968652,0.697005956229538,0,35,medium,Logon activity outside working hours; Multiple PCs used for logon,Alfonso Colin Cooley,Alfonso.Colin.Cooley@dtaa.com,ITAdmin,1,1 - Adminstration,6 - Security,2 - ElectronicSecurity,Frances Alisa Wiggins,2011-05.csv
ACC0042,2010-01-05,6.0,6.0,4.0,6.0,0.0,0.0,0.0,0.0,0.0,0.0,0.0,0.0,0.0,0.0,0.0,0.0,0.0,0.0,0.0,0.0,0.0,0.0,0.0,0.0,0.0,0.0,0.0,0.0,35,Logon activity outside working hours; Multiple PCs used for logon,1,0.06522154016427717,0,0.09816089396224031,0.697005956229538,0,35,medium,Logon activity outside working hours; Multiple PCs used for logon,Alfonso Colin Cooley,Alfonso.Colin.Cooley@dtaa.com,ITAdmin,1,1 - Adminstration,6 - Security,2 - ElectronicSecurity,Frances Alisa Wiggins,2011-05.csv
ACC0042,2010-01-06,3.0,3.0,2.0,3.0,0.0,0.0,0.0,0.0,0.0,0.0,0.0,0.0,0.0,0.0,0.0,0.0,0.0,0.0,0.0,0.0,0.0,0.0,0.0,0.0,0.0,0.0,0.0,0.0,35,Logon activity outside working hours; Multiple PCs used for logon,1,0.15936437867987246,0,0.04913809881525685,0.697005956229538,0,35,medium,Logon activity outside working hours; Multiple PCs used for logon,Alfonso Colin Cooley,Alfonso.Colin.Cooley@dtaa.com,ITAdmin,1,1 - Adminstration,6 - Security,2 - ElectronicSecurity,Frances Alisa Wiggins,2011-05.csv
ACC0042,2010-01-07,3.0,3.0,4.0,3.0,0.0,0.0,0.0,0.0,0.0,0.0,0.0,0.0,0.0,0.0,0.0,0.0,0.0,0.0,0.0,0.0,0.0,0.0,0.0,0.0,0.0,0.0,0.0,0.0,35,Logon activity outside working hours; Multiple PCs used for logon,1,0.1341275347966155,0,0.12118637963412873,0.697005956229538,0,35,medium,Logon activity outside working hours; Multiple PCs used for logon,Alfonso Colin Cooley,Alfonso.Colin.Cooley@dtaa.com,ITAdmin,1,1 - Adminstration,6 - Security,2 - ElectronicSecurity,Frances Alisa Wiggins,2011-05.csv
ACV0812,2010-01-07,3.0,1.0,2.0,1.0,0.0,0.0,0.0,0.0,0.0,0.0,0.0,0.0,0.0,0.0,0.0,0.0,0.0,0.0,0.0,0.0,0.0,0.0,0.0,0.0,0.0,0.0,0.0,0.0,20,Logon activity outside working hours,1,0.22692358202631413,0,0.1382116496777351,0.697005956229538,0,20,low,Logon activity outside working hours,Alden Caesar Velez,Alden.Caesar.Velez@dtaa.com,ComputerProgrammer,1,2 - ResearchAndEngineering,2 - SoftwareManagement,5 - Software,Sara Gail George,2011-05.csv
AGB0643,2010-01-04,1.0,1.0,1.0,1.0,0.0,0.0,0.0,0.0,0.0,0.0,0.0,0.0,0.0,0.0,0.0,0.0,0.0,0.0,3.0,0.0,55617.0,18539.0,0.0,0.0,5.0,0.0,0.0,1.0,20,Logon activity outside working hours,1,0.2005951091237404,0,0.0754927510548409,0.697005956229538,0,20,low,Logon activity outside working hours,Armand Gabriel Brewer,Armand.Gabriel.Brewer@dtaa.com,Technician,1,5 - SalesAndMarketing,3 - FieldService,3 - RegionalFieldService,Hedwig Regina Livingston,2011-05.csv
AGB0643,2010-01-05,1.0,1.0,1.0,1.0,0.0,0.0,0.0,0.0,0.0,0.0,0.0,0.0,0.0,0.0,0.0,0.0,0.0,0.0,0.0,0.0,0.0,0.0,0.0,0.0,0.0,0.0,0.0,0.0,20,Logon activity outside working hours,1,0.2543368308857394,0,0.040291766473220345,0.697005956229538,0,20,low,Logon activity outside working hours,Armand Gabriel Brewer,Armand.Gabriel.Brewer@dtaa.com,Technician,1,5 - SalesAndMarketing,3 - FieldService,3 - RegionalFieldService,Hedwig Regina Livingston,2011-05.csv
AGB0643,2010-01-06,1.0,1.0,1.0,1.0,0.0,0.0,0.0,0.0,0.0,0.0,0.0,0.0,0.0,0.0,0.0,0.0,0.0,0.0,0.0,0.0,0.0,0.0,0.0,0.0,0.0,0.0,0.0,0.0,20,Logon activity outside working hours,1,0.2543368308857394,0,0.04029176788212439,0.697005956229538,0,20,low,Logon activity outside working hours,Armand Gabriel Brewer,Armand.Gabriel.Brewer@dtaa.com,Technician,1,5 - SalesAndMarketing,3 - FieldService,3 - RegionalFieldService,Hedwig Regina Livingston,2011-05.csv
AHD0848,2010-01-07,2.0,0.0,0.0,1.0,2.0,1.0,1.0,0.0,1.0,9.0,0.0,9.0,1.0,0.0,0.0,0.0,0.0,0.0,0.0,0.0,0.0,0.0,0.0,0.0,0.0,0.0,0.0,0.0,15,USB activity detected,1,0.19858035694931592,0,0.09598649449253192,0.697005956229538,0,15,low,USB activity detected,Aladdin Hu Day,Aladdin.Hu.Day@dtaa.com,ProductionLineWorker,1,3 - Manufacturing,3 - Assembly,5 - AssemblyDept,Amy Lucy Chen,2011-05.csv
AHD0848,2010-01-09,0.0,0.0,0.0,0.0,2.0,1.0,1.0,0.0,1.0,0.0,0.0,0.0,0.0,0.0,0.0,0.0,0.0,0.0,0.0,0.0,0.0,0.0,0.0,0.0,0.0,0.0,0.0,0.0,15,USB activity detected,1,0.24138913393585137,0,0.034578884745784924,0.697005956229538,0,15,low,USB activity detected,Aladdin Hu Day,Aladdin.Hu.Day@dtaa.com,ProductionLineWorker,1,3 - Manufacturing,3 - Assembly,5 - AssemblyDept,Amy Lucy Chen,2011-05.csv
AHD0848,2010-01-13,0.0,0.0,0.0,0.0,2.0,1.0,1.0,0.0,1.0,0.0,0.0,0.0,0.0,0.0,0.0,0.0,0.0,0.0,0.0,0.0,0.0,0.0,0.0,0.0,0.0,0.0,0.0,0.0,15,USB activity detected,1,0.24138913393585137,0,0.034578884745784924,0.697005956229538,0,15,low,USB activity detected,Aladdin Hu Day,Aladdin.Hu.Day@dtaa.com,ProductionLineWorker,1,3 - Manufacturing,3 - Assembly,5 - AssemblyDept,Amy Lucy Chen,2011-05.csv
AHG0634,2010-01-04,2.0,1.0,1.0,1.0,0.0,0.0,0.0,0.0,0.0,0.0,0.0,0.0,0.0,0.0,0.0,0.0,0.0,0.0,3.0,0.0,88678.0,29559.333333333332,0.0,0.0,4.0,3.0,1.0,1.0,20,Logon activity outside working hours,1,0.1964052019472322,0,0.06917348273896906,0.697005956229538,0,20,low,Logon activity outside working hours,Amir Hayden Gray,Amir.Hayden.Gray@dtaa.com,Technician,1,5 - SalesAndMarketing,3 - FieldService,3 - RegionalFieldService,Hedwig Regina Livingston,2010-07.csv
AHG0634,2010-01-05,2.0,1.0,1.0,1.0,0.0,0.0,0.0,0.0,0.0,0.0,0.0,0.0,0.0,0.0,0.0,0.0,0.0,0.0,0.0,0.0,0.0,0.0,0.0,0.0,0.0,0.0,0.0,0.0,20,Logon activity outside working hours,1,0.25615140751235443,0,0.042606806625200486,0.697005956229538,0,20,low,Logon activity outside working hours,Amir Hayden Gray,Amir.Hayden.Gray@dtaa.com,Technician,1,5 - SalesAndMarketing,3 - FieldService,3 - RegionalFieldService,Hedwig Regina Livingston,2010-07.csv
AHG0634,2010-01-06,3.0,2.0,1.0,2.0,0.0,0.0,0.0,0.0,0.0,0.0,0.0,0.0,0.0,0.0,0.0,0.0,0.0,0.0,0.0,0.0,0.0,0.0,0.0,0.0,0.0,0.0,0.0,0.0,20,Logon activity outside working hours,1,0.2022079337021564,0,0.0427761008030773,0.697005956229538,0,20,low,Logon activity outside working hours,Amir Hayden Gray,Amir.Hayden.Gray@dtaa.com,Technician,1,5 - SalesAndMarketing,3 - FieldService,3 - RegionalFieldService,Hedwig Regina Livingston,2010-07.csv
AHM0410,2010-01-04,1.0,1.0,0.0,1.0,4.0,2.0,2.0,0.0,1.0,7.0,0.0,7.0,1.0,0.0,0.0,0.0,0.0,0.0,9.0,0.0,286226.0,31802.88888888889,8.0,3.0,15.0,11.0,5.0,1.0,15,USB activity detected,1,0.07201074161391152,0,0.10630534309072798,0.697005956229538,0,15,low,USB activity detected,Addison Hiram Morrow,Addison.Hiram.Morrow@dtaa.com,SystemsEngineer,1,2 - ResearchAndEngineering,3 - Engineering,6 - SystemsEngineering,Hadassah Riley Baker,2011-05.csv
AHM0410,2010-01-05,2.0,1.0,0.0,1.0,4.0,2.0,2.0,0.0,1.0,9.0,0.0,9.0,1.0,0.0,0.0,0.0,0.0,0.0,1.0,0.0,34912.0,34912.0,0.0,0.0,1.0,0.0,1.0,1.0,15,USB activity detected,1,0.13281005587834938,0,0.13836736495096225,0.697005956229538,0,15,low,USB activity detected,Addison Hiram Morrow,Addison.Hiram.Morrow@dtaa.com,SystemsEngineer,1,2 - ResearchAndEngineering,3 - Engineering,6 - SystemsEngineering,Hadassah Riley Baker,2011-05.csv
AHM0410,2010-01-06,2.0,2.0,0.0,2.0,4.0,2.0,2.0,0.0,1.0,6.0,0.0,6.0,1.0,0.0,0.0,0.0,0.0,0.0,0.0,0.0,0.0,0.0,0.0,0.0,0.0,0.0,0.0,0.0,15,USB activity detected,1,0.19353688320154794,0,0.13168185566651786,0.697005956229538,0,15,low,USB activity detected,Addison Hiram Morrow,Addison.Hiram.Morrow@dtaa.com,SystemsEngineer,1,2 - ResearchAndEngineering,3 - Engineering,6 - SystemsEngineering,Hadassah Riley Baker,2011-05.csv
AHM0410,2010-01-07,2.0,0.0,0.0,1.0,4.0,2.0,2.0,0.0,1.0,11.0,0.0,11.0,1.0,0.0,0.0,0.0,0.0,0.0,0.0,0.0,0.0,0.0,0.0,0.0,0.0,0.0,0.0,0.0,15,USB activity detected,1,0.19097723396070704,0,0.10147573347291147,0.697005956229538,0,15,low,USB activity detected,Addison Hiram Morrow,Addison.Hiram.Morrow@dtaa.com,SystemsEngineer,1,2 - ResearchAndEngineering,3 - Engineering,6 - SystemsEngineering,Hadassah Riley Baker,2011-05.csv
AHM0410,2010-01-08,0.0,0.0,0.0,0.0,2.0,1.0,1.0,0.0,1.0,8.0,0.0,8.0,1.0,0.0,0.0,0.0,0.0,0.0,0.0,0.0,0.0,0.0,0.0,0.0,0.0,0.0,0.0,0.0,15,USB activity detected,1,0.21152895624851709,0,0.02736644932722874,0.697005956229538,0,15,low,USB activity detected,Addison Hiram Morrow,Addison.Hiram.Morrow@dtaa.com,SystemsEngineer,1,2 - ResearchAndEngineering,3 - Engineering,6 - SystemsEngineering,Hadassah Riley Baker,2011-05.csv
AHM0410,2010-01-13,0.0,0.0,0.0,0.0,2.0,1.0,1.0,0.0,1.0,0.0,0.0,0.0,0.0,0.0,0.0,0.0,0.0,0.0,0.0,0.0,0.0,0.0,0.0,0.0,0.0,0.0,0.0,0.0,15,USB activity detected,1,0.24138913393585137,0,0.034578884745784924,0.697005956229538,0,15,low,USB activity detected,Addison Hiram Morrow,Addison.Hiram.Morrow@dtaa.com,SystemsEngineer,1,2 - ResearchAndEngineering,3 - Engineering,6 - SystemsEngineering,Hadassah Riley Baker,2011-05.csv
AIB0948,2010-01-04,2.0,1.0,0.0,1.0,18.0,9.0,9.0,0.0,1.0,0.0,0.0,0.0,0.0,1.0,0.0,1.0,1.0,1.0,1.0,0.0,21915.0,21915.0,0.0,0.0,2.0,1.0,1.0,1.0,15,USB activity detected,1,0.07649954800750403,0,0.5096151018935032,0.697005956229538,0,15,low,USB activity detected,Ariel Ina Barrett,Ariel.Ina.Barrett@dtaa.com,ProductionLineWorker,1,3 - Manufacturing,3 - Assembly,6 - AssemblyDept,Sandra Beverly Diaz,2011-05.csv
AIB0948,2010-01-05,2.0,1.0,0.0,1.0,18.0,9.0,9.0,0.0,1.0,6.0,0.0,6.0,1.0,0.0,0.0,0.0,0.0,0.0,0.0,0.0,0.0,0.0,0.0,0.0,0.0,0.0,0.0,0.0,15,USB activity detected,1,0.13670408869390815,0,0.10081150355567736,0.697005956229538,0,15,low,USB activity detected,Ariel Ina Barrett,Ariel.Ina.Barrett@dtaa.com,ProductionLineWorker,1,3 - Manufacturing,3 - Assembly,6 - AssemblyDept,Sandra Beverly Diaz,2011-05.csv
AIB0948,2010-01-06,2.0,2.0,0.0,2.0,18.0,9.0,9.0,0.0,1.0,4.0,0.0,4.0,1.0,0.0,0.0,0.0,0.0,0.0,0.0,0.0,0.0,0.0,0.0,0.0,0.0,0.0,0.0,0.0,15,USB activity detected,1,0.1131640717157536,0,0.15825966471846584,0.697005956229538,0,15,low,USB activity detected,Ariel Ina Barrett,Ariel.Ina.Barrett@dtaa.com,ProductionLineWorker,1,3 - Manufacturing,3 - Assembly,6 - AssemblyDept,Sandra Beverly Diaz,2011-05.csv
AIB0948,2010-01-07,2.0,1.0,0.0,1.0,18.0,9.0,9.0,0.0,1.0,4.0,0.0,4.0,1.0,0.0,0.0,0.0,0.0,0.0,0.0,0.0,0.0,0.0,0.0,0.0,0.0,0.0,0.0,0.0,15,USB activity detected,1,0.1348604998100454,0,0.10259628011999952,0.697005956229538,0,15,low,USB activity detected,Ariel Ina Barrett,Ariel.Ina.Barrett@dtaa.com,ProductionLineWorker,1,3 - Manufacturing,3 - Assembly,6 - AssemblyDept,Sandra Beverly Diaz,2011-05.csv
AIB0948,2010-01-08,0.0,0.0,0.0,0.0,18.0,9.0,9.0,0.0,1.0,1.0,0.0,1.0,1.0,0.0,0.0,0.0,0.0,0.0,0.0,0.0,0.0,0.0,0.0,0.0,0.0,0.0,0.0,0.0,15,USB activity detected,1,0.13338406848162387,0,0.05768894638016156,0.697005956229538,0,15,low,USB activity detected,Ariel Ina Barrett,Ariel.Ina.Barrett@dtaa.com,ProductionLineWorker,1,3 - Manufacturing,3 - Assembly,6 - AssemblyDept,Sandra Beverly Diaz,2011-05.csv
AIB0948,2010-01-11,0.0,0.0,0.0,0.0,18.0,9.0,9.0,0.0,1.0,0.0,0.0,0.0,0.0,0.0,0.0,0.0,0.0,0.0,0.0,0.0,0.0,0.0,0.0,0.0,0.0,0.0,0.0,0.0,15,USB activity detected,1,0.1353685565527865,0,0.0331418890848386,0.697005956229538,0,15,low,USB activity detected,Ariel Ina Barrett,Ariel.Ina.Barrett@dtaa.com,ProductionLineWorker,1,3 - Manufacturing,3 - Assembly,6 - AssemblyDept,Sandra Beverly Diaz,2011-05.csv
AIB0948,2010-01-12,0.0,0.0,0.0,0.0,18.0,9.0,9.0,0.0,1.0,1.0,0.0,1.0,1.0,0.0,0.0,0.0,0.0,0.0,0.0,0.0,0.0,0.0,0.0,0.0,0.0,0.0,0.0,0.0,15,USB activity detected,1,0.13338406848162387,0,0.05768894638016156,0.697005956229538,0,15,low,USB activity detected,Ariel Ina Barrett,Ariel.Ina.Barrett@dtaa.com,ProductionLineWorker,1,3 - Manufacturing,3 - Assembly,6 - AssemblyDept,Sandra Beverly Diaz,2011-05.csv
AIB0948,2010-01-13,0.0,0.0,0.0,0.0,9.0,5.0,4.0,0.0,1.0,0.0,0.0,0.0,0.0,0.0,0.0,0.0,0.0,0.0,0.0,0.0,0.0,0.0,0.0,0.0,0.0,0.0,0.0,0.0,15,USB activity detected,1,0.19263759731893615,0,0.027857543854367298,0.697005956229538,0,15,low,USB activity detected,Ariel Ina Barrett,Ariel.Ina.Barrett@dtaa.com,ProductionLineWorker,1,3 - Manufacturing,3 - Assembly,6 - AssemblyDept,Sandra Beverly Diaz,2011-05.csv
AIP0982,2010-01-06,1.0,1.0,0.0,1.0,4.0,2.0,2.0,0.0,1.0,16.0,0.0,16.0,1.0,0.0,0.0,0.0,0.0,0.0,0.0,0.0,0.0,0.0,0.0,0.0,0.0,0.0,0.0,0.0,15,USB activity detected,1,0.1861275748891157,0,0.06550672086011669,0.697005956229538,0,15,low,USB activity detected,Althea Ina Palmer,Althea.Ina.Palmer@dtaa.com,ManagementTrainer,1,1 - Adminstration,3 - Training,,Walter Kaseem Foley,2011-05.csv
AIP0982,2010-01-07,2.0,0.0,0.0,1.0,2.0,1.0,1.0,0.0,1.0,27.0,0.0,27.0,1.0,0.0,0.0,0.0,0.0,0.0,0.0,0.0,0.0,0.0,0.0,0.0,0.0,0.0,0.0,0.0,45,USB activity detected; High file copy activity,1,0.11496482880527925,0,0.1154446391215711,0.697005956229538,0,45,medium,USB activity detected; High file copy activity,Althea Ina Palmer,Althea.Ina.Palmer@dtaa.com,ManagementTrainer,1,1 - Adminstration,3 - Training,,Walter Kaseem Foley,2011-05.csv
AIP0982,2010-01-08,0.0,0.0,0.0,0.0,2.0,1.0,1.0,0.0,1.0,27.0,0.0,27.0,1.0,0.0,0.0,0.0,0.0,0.0,0.0,0.0,0.0,0.0,0.0,0.0,0.0,0.0,0.0,0.0,45,USB activity detected; High file copy activity,1,0.11667756785690575,0,0.07398013920069593,0.697005956229538,0,45,medium,USB activity detected; High file copy activity,Althea Ina Palmer,Althea.Ina.Palmer@dtaa.com,ManagementTrainer,1,1 - Adminstration,3 - Training,,Walter Kaseem Foley,2011-05.csv
AIP0982,2010-01-11,0.0,0.0,0.0,0.0,4.0,2.0,2.0,0.0,1.0,27.0,0.0,27.0,1.0,0.0,0.0,0.0,0.0,0.0,0.0,0.0,0.0,0.0,0.0,0.0,0.0,0.0,0.0,0.0,45,USB activity detected; High file copy activity,1,0.11573366608737867,0,0.05909599313091834,0.697005956229538,0,45,medium,USB activity detected; High file copy activity,Althea Ina Palmer,Althea.Ina.Palmer@dtaa.com,ManagementTrainer,1,1 - Adminstration,3 - Training,,Walter Kaseem Foley,2011-05.csv
AIP0982,2010-01-12,0.0,0.0,0.0,0.0,2.0,1.0,1.0,0.0,1.0,20.0,0.0,20.0,1.0,0.0,0.0,0.0,0.0,0.0,0.0,0.0,0.0,0.0,0.0,0.0,0.0,0.0,0.0,0.0,15,USB activity detected,1,0.16674886264858058,0,0.08607691104149465,0.697005956229538,0,15,low,USB activity detected,Althea Ina Palmer,Althea.Ina.Palmer@dtaa.com,ManagementTrainer,1,1 - Adminstration,3 - Training,,Walter Kaseem Foley,2011-05.csv
AIP0982,2010-01-13,0.0,0.0,0.0,0.0,2.0,1.0,1.0,0.0,1.0,0.0,0.0,0.0,0.0,0.0,0.0,0.0,0.0,0.0,0.0,0.0,0.0,0.0,0.0,0.0,0.0,0.0,0.0,0.0,15,USB activity detected,1,0.24138913393585137,0,0.034578884745784924,0.697005956229538,0,15,low,USB activity detected,Althea Ina Palmer,Althea.Ina.Palmer@dtaa.com,ManagementTrainer,1,1 - Adminstration,3 - Training,,Walter Kaseem Foley,2011-05.csv
AJD0074,2010-01-04,2.0,1.0,1.0,1.0,0.0,0.0,0.0,0.0,0.0,0.0,0.0,0.0,0.0,25.0,4.0,16.0,15.0,1.0,10.0,1.0,291505.0,29150.5,6.0,4.0,18.0,9.0,5.0,1.0,20,Logon activity outside working hours,1,0.047902406610470294,0,1.6308242562739967,0.697005956229538,1,50,medium,Logon activity outside working hours; AI anomaly detected by TensorFlow Autoencoder,Alden Jesse Day,Alden.Jesse.Day@dtaa.com,AdministrativeAssistant,1,2 - ResearchAndEngineering,3 - Engineering,,Declan Lester Moss,2011-05.csv
AJD0074,2010-01-05,2.0,1.0,0.0,1.0,2.0,1.0,1.0,0.0,1.0,6.0,0.0,6.0,1.0,0.0,0.0,0.0,0.0,0.0,0.0,0.0,0.0,0.0,0.0,0.0,0.0,0.0,0.0,0.0,15,USB activity detected,1,0.2272330611977142,0,0.072241260561706,0.697005956229538,0,15,low,USB activity detected,Alden Jesse Day,Alden.Jesse.Day@dtaa.com,AdministrativeAssistant,1,2 - ResearchAndEngineering,3 - Engineering,,Declan Lester Moss,2011-05.csv
AJD0074,2010-01-11,0.0,0.0,0.0,0.0,4.0,2.0,2.0,0.0,1.0,2.0,0.0,2.0,1.0,0.0,0.0,0.0,0.0,0.0,0.0,0.0,0.0,0.0,0.0,0.0,0.0,0.0,0.0,0.0,15,USB activity detected,1,0.2290339102880541,0,0.037354670624245676,0.697005956229538,0,15,low,USB activity detected,Alden Jesse Day,Alden.Jesse.Day@dtaa.com,AdministrativeAssistant,1,2 - ResearchAndEngineering,3 - Engineering,,Declan Lester Moss,2011-05.csv
AJF0370,2010-01-04,6.0,5.0,4.0,5.0,26.0,13.0,13.0,4.0,5.0,37.0,9.0,37.0,4.0,0.0,0.0,0.0,0.0,0.0,10.0,0.0,307333.0,30733.3,6.0,5.0,20.0,7.0,0.0,1.0,100,Logon activity outside working hours; USB activity detected; USB activity outside working hours; High file copy activity; File copy activity outside working hours; Multiple PCs used for logon; Possible data exfiltration pattern,-1,-0.14317814176136967,1,1.5933471889703759,0.697005956229538,1,100,critical,Logon activity outside working hours; USB activity detected; USB activity outside working hours; High file copy activity; File copy activity outside working hours; Multiple PCs used for logon; Possible data exfiltration pattern; AI anomaly detected by Isolation Forest; AI anomaly detected by TensorFlow Autoencoder,Arthur John Floyd,Arthur.John.Floyd@dtaa.com,ITAdmin,1,1 - Adminstration,6 - Security,3 - ElectronicSecurity,Francis Brian Armstrong,2011-05.csv
AJF0370,2010-01-05,6.0,5.0,4.0,5.0,24.0,12.0,12.0,4.0,4.0,23.0,3.0,23.0,3.0,0.0,0.0,0.0,0.0,0.0,11.0,0.0,321977.0,29270.636363636364,11.0,5.0,16.0,2.0,0.0,1.0,100,Logon activity outside working hours; USB activity detected; USB activity outside working hours; High file copy activity; File copy activity outside working hours; Multiple PCs used for logon; Possible data exfiltration pattern,-1,-0.1317916438992851,1,0.8091807006629225,0.697005956229538,1,100,critical,Logon activity outside working hours; USB activity detected; USB activity outside working hours; High file copy activity; File copy activity outside working hours; Multiple PCs used for logon; Possible data exfiltration pattern; AI anomaly detected by Isolation Forest; AI anomaly detected by TensorFlow Autoencoder,Arthur John Floyd,Arthur.John.Floyd@dtaa.com,ITAdmin,1,1 - Adminstration,6 - Security,3 - ElectronicSecurity,Francis Brian Armstrong,2011-05.csv
AJF0370,2010-01-06,6.0,6.0,8.0,6.0,25.0,13.0,12.0,8.0,6.0,32.0,9.0,32.0,4.0,0.0,0.0,0.0,0.0,0.0,0.0,0.0,0.0,0.0,0.0,0.0,0.0,0.0,0.0,0.0,100,Logon activity outside working hours; USB activity detected; USB activity outside working hours; High file copy activity; File copy activity outside working hours; Multiple PCs used for logon; Possible data exfiltration pattern,-1,-0.12669939206687109,1,0.6818400147643533,0.697005956229538,0,100,critical,Logon activity outside working hours; USB activity detected; USB activity outside working hours; High file copy activity; File copy activity outside working hours; Multiple PCs used for logon; Possible data exfiltration pattern; AI anomaly detected by Isolation Forest,Arthur John Floyd,Arthur.John.Floyd@dtaa.com,ITAdmin,1,1 - Adminstration,6 - Security,3 - ElectronicSecurity,Francis Brian Armstrong,2011-05.csv
AJF0370,2010-01-07,5.0,4.0,4.0,4.0,22.0,11.0,11.0,4.0,4.0,23.0,0.0,23.0,1.0,0.0,0.0,0.0,0.0,0.0,0.0,0.0,0.0,0.0,0.0,0.0,0.0,0.0,0.0,0.0,100,Logon activity outside working hours; USB activity detected; USB activity outside working hours; High file copy activity; Multiple PCs used for logon; Possible data exfiltration pattern,-1,-0.06407758153150755,1,1.4010150517962467,0.697005956229538,1,100,critical,Logon activity outside working hours; USB activity detected; USB activity outside working hours; High file copy activity; Multiple PCs used for logon; Possible data exfiltration pattern; AI anomaly detected by Isolation Forest; AI anomaly detected by TensorFlow Autoencoder,Arthur John Floyd,Arthur.John.Floyd@dtaa.com,ITAdmin,1,1 - Adminstration,6 - Security,3 - ElectronicSecurity,Francis Brian Armstrong,2011-05.csv
AJF0370,2010-01-08,0.0,0.0,0.0,0.0,20.0,10.0,10.0,0.0,2.0,26.0,0.0,26.0,2.0,0.0,0.0,0.0,0.0,0.0,0.0,0.0,0.0,0.0,0.0,0.0,0.0,0.0,0.0,0.0,45,USB activity detected; High file copy activity,1,0.05102564330537074,0,0.08118933946204834,0.697005956229538,0,45,medium,USB activity detected; High file copy activity,Arthur John Floyd,Arthur.John.Floyd@dtaa.com,ITAdmin,1,1 - Adminstration,6 - Security,3 - ElectronicSecurity,Francis Brian Armstrong,2011-05.csv
AJF0370,2010-01-09,0.0,0.0,0.0,0.0,20.0,10.0,10.0,2.0,2.0,22.0,0.0,22.0,1.0,0.0,0.0,0.0,0.0,0.0,0.0,0.0,0.0,0.0,0.0,0.0,0.0,0.0,0.0,0.0,70,USB activity detected; USB activity outside working hours; High file copy activity,1,0.02974967781460458,0,0.3291272022168118,0.697005956229538,0,70,high,USB activity detected; USB activity outside working hours; High file copy activity,Arthur John Floyd,Arthur.John.Floyd@dtaa.com,ITAdmin,1,1 - Adminstration,6 - Security,3 - ElectronicSecurity,Francis Brian Armstrong,2011-05.csv
AJF0370,2010-01-11,0.0,0.0,0.0,0.0,20.0,10.0,10.0,2.0,2.0,30.0,9.0,30.0,2.0,0.0,0.0,0.0,0.0,0.0,0.0,0.0,0.0,0.0,0.0,0.0,0.0,0.0,0.0,0.0,95,USB activity detected; USB activity outside working hours; High file copy activity; File copy activity outside working hours,-1,-0.03792490760856415,1,1.7587315997655448,0.697005956229538,1,100,critical,USB activity detected; USB activity outside working hours; High file copy activity; File copy activity outside working hours; AI anomaly detected by Isolation Forest; AI anomaly detected by TensorFlow Autoencoder,Arthur John Floyd,Arthur.John.Floyd@dtaa.com,ITAdmin,1,1 - Adminstration,6 - Security,3 - ElectronicSecurity,Francis Brian Armstrong,2011-05.csv
AJF0370,2010-01-12,0.0,0.0,0.0,0.0,26.0,13.0,13.0,8.0,5.0,30.0,6.0,30.0,3.0,0.0,0.0,0.0,0.0,0.0,0.0,0.0,0.0,0.0,0.0,0.0,0.0,0.0,0.0,0.0,95,USB activity detected; USB activity outside working hours; High file copy activity; File copy activity outside working hours,-1,-0.08760146642714062,1,0.6952194590498885,0.697005956229538,0,100,critical,USB activity detected; USB activity outside working hours; High file copy activity; File copy activity outside working hours; AI anomaly detected by Isolation Forest,Arthur John Floyd,Arthur.John.Floyd@dtaa.com,ITAdmin,1,1 - Adminstration,6 - Security,3 - ElectronicSecurity,Francis Brian Armstrong,2011-05.csv
AJF0370,2010-01-13,0.0,0.0,0.0,0.0,18.0,9.0,9.0,2.0,3.0,0.0,0.0,0.0,0.0,0.0,0.0,0.0,0.0,0.0,0.0,0.0,0.0,0.0,0.0,0.0,0.0,0.0,0.0,0.0,40,USB activity detected; USB activity outside working hours,1,0.051046374236738634,0,0.3836946981192634,0.697005956229538,0,40,medium,USB activity detected; USB activity outside working hours,Arthur John Floyd,Arthur.John.Floyd@dtaa.com,ITAdmin,1,1 - Adminstration,6 - Security,3 - ElectronicSecurity,Francis Brian Armstrong,2011-05.csv
AJH0175,2010-01-06,2.0,1.0,1.0,1.0,0.0,0.0,0.0,0.0,0.0,0.0,0.0,0.0,0.0,0.0,0.0,0.0,0.0,0.0,0.0,0.0,0.0,0.0,0.0,0.0,0.0,0.0,0.0,0.0,20,Logon activity outside working hours,1,0.25615140751235443,0,0.042606806625200486,0.697005956229538,0,20,low,Logon activity outside working hours,Aurora Jael Hopkins,Aurora.Jael.Hopkins@dtaa.com,Salesman,1,5 - SalesAndMarketing,2 - Sales,1 - RegionalSales,Meredith Ainsley Wolf,2011-05.csv
AJH0175,2010-01-07,1.0,2.0,1.0,1.0,0.0,0.0,0.0,0.0,0.0,0.0,0.0,0.0,0.0,0.0,0.0,0.0,0.0,0.0,0.0,0.0,0.0,0.0,0.0,0.0,0.0,0.0,0.0,0.0,20,Logon activity outside working hours,1,0.2349251791899385,0,0.07389597272693454,0.697005956229538,0,20,low,Logon activity outside working hours,Aurora Jael Hopkins,Aurora.Jael.Hopkins@dtaa.com,Salesman,1,5 - SalesAndMarketing,2 - Sales,1 - RegionalSales,Meredith Ainsley Wolf,2011-05.csv
AJH0175,2010-01-13,0.0,0.0,0.0,0.0,2.0,1.0,1.0,0.0,1.0,0.0,0.0,0.0,0.0,0.0,0.0,0.0,0.0,0.0,0.0,0.0,0.0,0.0,0.0,0.0,0.0,0.0,0.0,0.0,15,USB activity detected,1,0.24138913393585137,0,0.034578884745784924,0.697005956229538,0,15,low,USB activity detected,Aurora Jael Hopkins,Aurora.Jael.Hopkins@dtaa.com,Salesman,1,5 - SalesAndMarketing,2 - Sales,1 - RegionalSales,Meredith Ainsley Wolf,2011-05.csv
AJL0462,2010-01-06,2.0,1.0,1.0,1.0,0.0,0.0,0.0,0.0,0.0,0.0,0.0,0.0,0.0,0.0,0.0,0.0,0.0,0.0,0.0,0.0,0.0,0.0,0.0,0.0,0.0,0.0,0.0,0.0,20,Logon activity outside working hours,1,0.25615140751235443,0,0.042606806625200486,0.697005956229538,0,20,low,Logon activity outside working hours,Akeem Jerry Lopez,Akeem.Jerry.Lopez@dtaa.com,ProductionLineWorker,1,3 - Manufacturing,3 - Assembly,2 - AssemblyDept,Armando Albert Walter,2011-05.csv
AJL0462,2010-01-07,2.0,1.0,1.0,1.0,0.0,0.0,0.0,0.0,0.0,0.0,0.0,0.0,0.0,0.0,0.0,0.0,0.0,0.0,0.0,0.0,0.0,0.0,0.0,0.0,0.0,0.0,0.0,0.0,20,Logon activity outside working hours,1,0.25615140751235443,0,0.042606806625200486,0.697005956229538,0,20,low,Logon activity outside working hours,Akeem Jerry Lopez,Akeem.Jerry.Lopez@dtaa.com,ProductionLineWorker,1,3 - Manufacturing,3 - Assembly,2 - AssemblyDept,Armando Albert Walter,2011-05.csv
AJN0607,2010-01-04,3.0,2.0,0.0,2.0,8.0,4.0,4.0,0.0,1.0,0.0,0.0,0.0,0.0,0.0,0.0,0.0,0.0,0.0,15.0,0.0,470457.0,31363.8,21.0,7.0,24.0,5.0,0.0,1.0,15,USB activity detected,-1,-0.009338367220054877,1,1.8407342382633454,0.697005956229538,1,85,critical,USB activity detected; AI anomaly detected by Isolation Forest; AI anomaly detected by TensorFlow Autoencoder,Armand Jasper Nicholson,Armand.Jasper.Nicholson@dtaa.com,Salesman,1,5 - SalesAndMarketing,2 - Sales,3 - RegionalSales,Winter Veda Burks,2011-05.csv
AJN0607,2010-01-05,2.0,1.0,0.0,1.0,2.0,1.0,1.0,0.0,1.0,2.0,0.0,2.0,1.0,0.0,0.0,0.0,0.0,0.0,0.0,0.0,0.0,0.0,0.0,0.0,0.0,0.0,0.0,0.0,15,USB activity detected,1,0.23144825240705325,0,0.08529971320585997,0.697005956229538,0,15,low,USB activity detected,Armand Jasper Nicholson,Armand.Jasper.Nicholson@dtaa.com,Salesman,1,5 - SalesAndMarketing,2 - Sales,3 - RegionalSales,Winter Veda Burks,2011-05.csv
AJN0607,2010-01-06,2.0,2.0,0.0,2.0,10.0,5.0,5.0,0.0,1.0,3.0,0.0,3.0,1.0,0.0,0.0,0.0,0.0,0.0,0.0,0.0,0.0,0.0,0.0,0.0,0.0,0.0,0.0,0.0,15,USB activity detected,1,0.1735009534633672,0,0.14905989699992583,0.697005956229538,0,15,low,USB activity detected,Armand Jasper Nicholson,Armand.Jasper.Nicholson@dtaa.com,Salesman,1,5 - SalesAndMarketing,2 - Sales,3 - RegionalSales,Winter Veda Burks,2011-05.csv
AJN0607,2010-01-07,2.0,1.0,0.0,1.0,8.0,4.0,4.0,0.0,1.0,5.0,0.0,5.0,1.0,0.0,0.0,0.0,0.0,0.0,0.0,0.0,0.0,0.0,0.0,0.0,0.0,0.0,0.0,0.0,15,USB activity detected,1,0.19958851257514088,0,0.08146628287637592,0.697005956229538,0,15,low,USB activity detected,Armand Jasper Nicholson,Armand.Jasper.Nicholson@dtaa.com,Salesman,1,5 - SalesAndMarketing,2 - Sales,3 - RegionalSales,Winter Veda Burks,2011-05.csv
AJN0607,2010-01-08,0.0,0.0,0.0,0.0,4.0,2.0,2.0,0.0,1.0,7.0,0.0,7.0,1.0,0.0,0.0,0.0,0.0,0.0,0.0,0.0,0.0,0.0,0.0,0.0,0.0,0.0,0.0,0.0,15,USB activity detected,1,0.22151117415156107,0,0.02464864816691023,0.697005956229538,0,15,low,USB activity detected,Armand Jasper Nicholson,Armand.Jasper.Nicholson@dtaa.com,Salesman,1,5 - SalesAndMarketing,2 - Sales,3 - RegionalSales,Winter Veda Burks,2011-05.csv
AJN0607,2010-01-11,0.0,0.0,0.0,0.0,6.0,3.0,3.0,0.0,1.0,3.0,0.0,3.0,1.0,0.0,0.0,0.0,0.0,0.0,0.0,0.0,0.0,0.0,0.0,0.0,0.0,0.0,0.0,0.0,15,USB activity detected,1,0.2141777637312171,0,0.03250715148939502,0.697005956229538,0,15,low,USB activity detected,Armand Jasper Nicholson,Armand.Jasper.Nicholson@dtaa.com,Salesman,1,5 - SalesAndMarketing,2 - Sales,3 - RegionalSales,Winter Veda Burks,2011-05.csv
AJN0607,2010-01-12,0.0,0.0,0.0,0.0,2.0,1.0,1.0,0.0,1.0,1.0,0.0,1.0,1.0,0.0,0.0,0.0,0.0,0.0,0.0,0.0,0.0,0.0,0.0,0.0,0.0,0.0,0.0,0.0,15,USB activity detected,1,0.22229860667995976,0,0.04602747331857822,0.697005956229538,0,15,low,USB activity detected,Armand Jasper Nicholson,Armand.Jasper.Nicholson@dtaa.com,Salesman,1,5 - SalesAndMarketing,2 - Sales,3 - RegionalSales,Winter Veda Burks,2011-05.csv
AJN0607,2010-01-13,0.0,0.0,0.0,0.0,3.0,2.0,1.0,0.0,1.0,0.0,0.0,0.0,0.0,0.0,0.0,0.0,0.0,0.0,0.0,0.0,0.0,0.0,0.0,0.0,0.0,0.0,0.0,0.0,15,USB activity detected,1,0.23826932337468903,0,0.034015706009011604,0.697005956229538,0,15,low,USB activity detected,Armand Jasper Nicholson,Armand.Jasper.Nicholson@dtaa.com,Salesman,1,5 - SalesAndMarketing,2 - Sales,3 - RegionalSales,Winter Veda Burks,2011-05.csv
AKR0057,2010-01-04,2.0,1.0,0.0,1.0,6.0,3.0,3.0,0.0,1.0,1.0,0.0,1.0,1.0,0.0,0.0,0.0,0.0,0.0,9.0,0.0,247730.0,27525.555555555555,0.0,0.0,12.0,9.0,3.0,1.0,15,USB activity detected,1,0.10417919086508076,0,0.2823984201872356,0.697005956229538,0,15,low,USB activity detected,Aurora Katell Rhodes,Aurora.Katell.Rhodes@dtaa.com,AdministrativeAssistant,1,2 - ResearchAndEngineering,1 - Research,1 - Lab,Jackson Linus Wilkerson,2010-10.csv
AKR0057,2010-01-06,1.0,1.0,0.0,1.0,2.0,1.0,1.0,0.0,1.0,0.0,0.0,0.0,0.0,0.0,0.0,0.0,0.0,0.0,0.0,0.0,0.0,0.0,0.0,0.0,0.0,0.0,0.0,0.0,15,USB activity detected,1,0.2603283061036015,0,0.05398812641293277,0.697005956229538,0,15,low,USB activity detected,Aurora Katell Rhodes,Aurora.Katell.Rhodes@dtaa.com,AdministrativeAssistant,1,2 - ResearchAndEngineering,1 - Research,1 - Lab,Jackson Linus Wilkerson,2010-10.csv
AKR0057,2010-01-07,2.0,0.0,0.0,1.0,7.0,4.0,3.0,0.0,1.0,3.0,0.0,3.0,1.0,0.0,0.0,0.0,0.0,0.0,0.0,0.0,0.0,0.0,0.0,0.0,0.0,0.0,0.0,0.0,15,USB activity detected,1,0.196048040386963,0,0.11662706569552911,0.697005956229538,0,15,low,USB activity detected,Aurora Katell Rhodes,Aurora.Katell.Rhodes@dtaa.com,AdministrativeAssistant,1,2 - ResearchAndEngineering,1 - Research,1 - Lab,Jackson Linus Wilkerson,2010-10.csv
AKR0057,2010-01-08,0.0,0.0,0.0,0.0,4.0,2.0,2.0,0.0,1.0,5.0,0.0,5.0,1.0,0.0,0.0,0.0,0.0,0.0,0.0,0.0,0.0,0.0,0.0,0.0,0.0,0.0,0.0,0.0,15,USB activity detected,1,0.22467427013337,0,0.027613971130823235,0.697005956229538,0,15,low,USB activity detected,Aurora Katell Rhodes,Aurora.Katell.Rhodes@dtaa.com,AdministrativeAssistant,1,2 - ResearchAndEngineering,1 - Research,1 - Lab,Jackson Linus Wilkerson,2010-10.csv
AKR0057,2010-01-11,0.0,0.0,0.0,0.0,4.0,2.0,2.0,0.0,1.0,0.0,0.0,0.0,0.0,0.0,0.0,0.0,0.0,0.0,0.0,0.0,0.0,0.0,0.0,0.0,0.0,0.0,0.0,0.0,15,USB activity detected,1,0.24050968498880276,0,0.029387747032837967,0.697005956229538,0,15,low,USB activity detected,Aurora Katell Rhodes,Aurora.Katell.Rhodes@dtaa.com,AdministrativeAssistant,1,2 - ResearchAndEngineering,1 - Research,1 - Lab,Jackson Linus Wilkerson,2010-10.csv
AKR0057,2010-01-12,0.0,0.0,0.0,0.0,4.0,2.0,2.0,0.0,1.0,0.0,0.0,0.0,0.0,0.0,0.0,0.0,0.0,0.0,0.0,0.0,0.0,0.0,0.0,0.0,0.0,0.0,0.0,0.0,15,USB activity detected,1,0.24050968498880276,0,0.029387752890849578,0.697005956229538,0,15,low,USB activity detected,Aurora Katell Rhodes,Aurora.Katell.Rhodes@dtaa.com,AdministrativeAssistant,1,2 - ResearchAndEngineering,1 - Research,1 - Lab,Jackson Linus Wilkerson,2010-10.csv
AKR0057,2010-01-13,0.0,0.0,0.0,0.0,4.0,2.0,2.0,0.0,1.0,0.0,0.0,0.0,0.0,0.0,0.0,0.0,0.0,0.0,0.0,0.0,0.0,0.0,0.0,0.0,0.0,0.0,0.0,0.0,15,USB activity detected,1,0.24050968498880276,0,0.029387752890849578,0.697005956229538,0,15,low,USB activity detected,Aurora Katell Rhodes,Aurora.Katell.Rhodes@dtaa.com,AdministrativeAssistant,1,2 - ResearchAndEngineering,1 - Research,1 - Lab,Jackson Linus Wilkerson,2010-10.csv
AMR0318,2010-01-11,0.0,0.0,0.0,0.0,4.0,2.0,2.0,2.0,1.0,0.0,0.0,0.0,0.0,0.0,0.0,0.0,0.0,0.0,0.0,0.0,0.0,0.0,0.0,0.0,0.0,0.0,0.0,0.0,40,USB activity detected; USB activity outside working hours,1,0.16222153180334015,0,0.3559153625624228,0.697005956229538,0,40,medium,USB activity detected; USB activity outside working hours,Axel Malik Rosa,Axel.Malik.Rosa@dtaa.com,Salesman,1,5 - SalesAndMarketing,2 - Sales,1 - RegionalSales,Meredith Ainsley Wolf,2011-05.csv
AMR0318,2010-01-12,0.0,0.0,0.0,0.0,2.0,1.0,1.0,0.0,1.0,0.0,0.0,0.0,0.0,0.0,0.0,0.0,0.0,0.0,0.0,0.0,0.0,0.0,0.0,0.0,0.0,0.0,0.0,0.0,15,USB activity detected,1,0.24138913393585137,0,0.034578884745784924,0.697005956229538,0,15,low,USB activity detected,Axel Malik Rosa,Axel.Malik.Rosa@dtaa.com,Salesman,1,5 - SalesAndMarketing,2 - Sales,1 - RegionalSales,Meredith Ainsley Wolf,2011-05.csv
ANM0123,2010-01-04,1.0,1.0,0.0,1.0,2.0,1.0,1.0,0.0,1.0,0.0,0.0,0.0,0.0,0.0,0.0,0.0,0.0,0.0,11.0,0.0,356921.0,32447.363636363636,4.0,3.0,16.0,10.0,5.0,1.0,15,USB activity detected,1,0.1316116878957464,0,0.07515488501112536,0.697005956229538,0,15,low,USB activity detected,Astra Nicole Maldonado,Astra.Nicole.Maldonado@dtaa.com,AdministrativeAssistant,1,3 - Manufacturing,2 - ManufacturingEngineering,,Fritz Dale Ellison,2010-01.csv
ANM0123,2010-01-05,2.0,1.0,0.0,1.0,2.0,1.0,1.0,0.0,1.0,0.0,0.0,0.0,0.0,0.0,0.0,0.0,0.0,0.0,6.0,0.0,143773.0,23962.166666666668,3.0,2.0,11.0,6.0,2.0,1.0,15,USB activity detected,1,0.15540293723338933,0,0.09789588424861953,0.697005956229538,0,15,low,USB activity detected,Astra Nicole Maldonado,Astra.Nicole.Maldonado@dtaa.com,AdministrativeAssistant,1,3 - Manufacturing,2 - ManufacturingEngineering,,Fritz Dale Ellison,2010-01.csv
ANM0123,2010-01-06,1.0,1.0,0.0,1.0,4.0,2.0,2.0,0.0,1.0,0.0,0.0,0.0,0.0,0.0,0.0,0.0,0.0,0.0,0.0,0.0,0.0,0.0,0.0,0.0,0.0,0.0,0.0,0.0,15,USB activity detected,1,0.25267871115825713,0,0.056063175244408625,0.697005956229538,0,15,low,USB activity detected,Astra Nicole Maldonado,Astra.Nicole.Maldonado@dtaa.com,AdministrativeAssistant,1,3 - Manufacturing,2 - ManufacturingEngineering,,Fritz Dale Ellison,2010-01.csv
ANM0123,2010-01-07,2.0,0.0,0.0,1.0,4.0,2.0,2.0,0.0,1.0,1.0,0.0,1.0,1.0,0.0,0.0,0.0,0.0,0.0,0.0,0.0,0.0,0.0,0.0,0.0,0.0,0.0,0.0,0.0,15,USB activity detected,1,0.2161227990835093,0,0.11662455485171425,0.697005956229538,0,15,low,USB activity detected,Astra Nicole Maldonado,Astra.Nicole.Maldonado@dtaa.com,AdministrativeAssistant,1,3 - Manufacturing,2 - ManufacturingEngineering,,Fritz Dale Ellison,2010-01.csv
ANM0123,2010-01-08,0.0,0.0,0.0,0.0,4.0,2.0,2.0,0.0,1.0,2.0,0.0,2.0,1.0,0.0,0.0,0.0,0.0,0.0,0.0,0.0,0.0,0.0,0.0,0.0,0.0,0.0,0.0,0.0,15,USB activity detected,1,0.2290339102880541,0,0.037354675290764694,0.697005956229538,0,15,low,USB activity detected,Astra Nicole Maldonado,Astra.Nicole.Maldonado@dtaa.com,AdministrativeAssistant,1,3 - Manufacturing,2 - ManufacturingEngineering,,Fritz Dale Ellison,2010-01.csv
ANM0123,2010-01-11,0.0,0.0,0.0,0.0,2.0,1.0,1.0,0.0,1.0,5.0,0.0,5.0,1.0,0.0,0.0,0.0,0.0,0.0,0.0,0.0,0.0,0.0,0.0,0.0,0.0,0.0,0.0,0.0,15,USB activity detected,1,0.2213894973586028,0,0.02906544660483747,0.697005956229538,0,15,low,USB activity detected,Astra Nicole Maldonado,Astra.Nicole.Maldonado@dtaa.com,AdministrativeAssistant,1,3 - Manufacturing,2 - ManufacturingEngineering,,Fritz Dale Ellison,2010-01.csv
ANM0123,2010-01-12,0.0,0.0,0.0,0.0,2.0,1.0,1.0,0.0,1.0,5.0,0.0,5.0,1.0,0.0,0.0,0.0,0.0,0.0,0.0,0.0,0.0,0.0,0.0,0.0,0.0,0.0,0.0,0.0,15,USB activity detected,1,0.2213894973586028,0,0.02906544660483747,0.697005956229538,0,15,low,USB activity detected,Astra Nicole Maldonado,Astra.Nicole.Maldonado@dtaa.com,AdministrativeAssistant,1,3 - Manufacturing,2 - ManufacturingEngineering,,Fritz Dale Ellison,2010-01.csv
ANM0123,2010-01-13,0.0,0.0,0.0,0.0,3.0,2.0,1.0,0.0,1.0,0.0,0.0,0.0,0.0,0.0,0.0,0.0,0.0,0.0,0.0,0.0,0.0,0.0,0.0,0.0,0.0,0.0,0.0,0.0,15,USB activity detected,1,0.23826932337468903,0,0.034015706009011604,0.697005956229538,0,15,low,USB activity detected,Astra Nicole Maldonado,Astra.Nicole.Maldonado@dtaa.com,AdministrativeAssistant,1,3 - Manufacturing,2 - ManufacturingEngineering,,Fritz Dale Ellison,2010-01.csv
AOK0844,2010-01-02,1.0,1.0,0.0,1.0,2.0,1.0,1.0,0.0,1.0,7.0,0.0,7.0,1.0,10.0,0.0,9.0,9.0,1.0,1.0,0.0,30228.0,30228.0,2.0,1.0,1.0,1.0,0.0,1.0,15,USB activity detected,1,0.09066310907388597,0,0.31428095981834125,0.697005956229538,0,15,low,USB activity detected,Armand Odysseus Key,Armand.Odysseus.Key@dtaa.com,ProductionLineWorker,1,3 - Manufacturing,3 - Assembly,5 - AssemblyDept,Amy Lucy Chen,2010-12.csv
AOK0844,2010-01-05,2.0,1.0,0.0,1.0,6.0,3.0,3.0,0.0,1.0,7.0,0.0,7.0,1.0,0.0,0.0,0.0,0.0,0.0,0.0,0.0,0.0,0.0,0.0,0.0,0.0,0.0,0.0,0.0,15,USB activity detected,1,0.20700000473182723,0,0.07607443696082297,0.697005956229538,0,15,low,USB activity detected,Armand Odysseus Key,Armand.Odysseus.Key@dtaa.com,ProductionLineWorker,1,3 - Manufacturing,3 - Assembly,5 - AssemblyDept,Amy Lucy Chen,2010-12.csv
AOK0844,2010-01-07,1.0,0.0,0.0,1.0,8.0,4.0,4.0,0.0,1.0,1.0,0.0,1.0,1.0,0.0,0.0,0.0,0.0,0.0,0.0,0.0,0.0,0.0,0.0,0.0,0.0,0.0,0.0,0.0,15,USB activity detected,1,0.19485894017539218,0,0.06882106554023867,0.697005956229538,0,15,low,USB activity detected,Armand Odysseus Key,Armand.Odysseus.Key@dtaa.com,ProductionLineWorker,1,3 - Manufacturing,3 - Assembly,5 - AssemblyDept,Amy Lucy Chen,2010-12.csv
ATE0869,2010-01-02,2.0,1.0,0.0,1.0,0.0,0.0,0.0,0.0,0.0,0.0,0.0,0.0,0.0,153.0,0.0,42.0,41.0,1.0,16.0,0.0,482890.0,30180.625,11.0,6.0,28.0,28.0,12.0,1.0,0,,-1,-0.03144849706047359,1,0.9315020645538474,0.697005956229538,1,70,high,AI anomaly detected by Isolation Forest; AI anomaly detected by TensorFlow Autoencoder,Aquila Tanner Ellison,Aquila.Tanner.Ellison@dtaa.com,Salesman,1,5 - SalesAndMarketing,2 - Sales,5 - RegionalSales,Hashim Damon Dudley,2011-05.csv
ATE0869,2010-01-03,2.0,1.0,0.0,1.0,4.0,2.0,2.0,0.0,1.0,9.0,0.0,9.0,1.0,153.0,0.0,48.0,45.0,1.0,16.0,0.0,467812.0,29238.25,3.0,3.0,25.0,14.0,22.0,1.0,15,USB activity detected,-1,-0.059564950432517416,1,0.6388495722566571,0.697005956229538,0,55,medium,USB activity detected; AI anomaly detected by Isolation Forest,Aquila Tanner Ellison,Aquila.Tanner.Ellison@dtaa.com,Salesman,1,5 - SalesAndMarketing,2 - Sales,5 - RegionalSales,Hashim Damon Dudley,2011-05.csv
ATE0869,2010-01-04,1.0,1.0,0.0,1.0,2.0,1.0,1.0,0.0,1.0,0.0,0.0,0.0,0.0,3.0,0.0,3.0,3.0,1.0,14.0,0.0,378406.0,27029.0,7.0,4.0,27.0,21.0,12.0,1.0,15,USB activity detected,1,0.052052373945320585,0,0.8281835538225293,0.697005956229538,1,45,medium,USB activity detected; AI anomaly detected by TensorFlow Autoencoder,Aquila Tanner Ellison,Aquila.Tanner.Ellison@dtaa.com,Salesman,1,5 - SalesAndMarketing,2 - Sales,5 - RegionalSales,Hashim Damon Dudley,2011-05.csv
ATE0869,2010-01-06,2.0,1.0,0.0,1.0,2.0,1.0,1.0,0.0,1.0,5.0,0.0,5.0,1.0,0.0,0.0,0.0,0.0,0.0,0.0,0.0,0.0,0.0,0.0,0.0,0.0,0.0,0.0,0.0,15,USB activity detected,1,0.2301695216135437,0,0.07495448797236773,0.697005956229538,0,15,low,USB activity detected,Aquila Tanner Ellison,Aquila.Tanner.Ellison@dtaa.com,Salesman,1,5 - SalesAndMarketing,2 - Sales,5 - RegionalSales,Hashim Damon Dudley,2011-05.csv
ATE0869,2010-01-07,1.0,0.0,0.0,1.0,2.0,1.0,1.0,0.0,1.0,6.0,0.0,6.0,1.0,0.0,0.0,0.0,0.0,0.0,0.0,0.0,0.0,0.0,0.0,0.0,0.0,0.0,0.0,0.0,15,USB activity detected,1,0.21964033156560958,0,0.0524108804906641,0.697005956229538,0,15,low,USB activity detected,Aquila Tanner Ellison,Aquila.Tanner.Ellison@dtaa.com,Salesman,1,5 - SalesAndMarketing,2 - Sales,5 - RegionalSales,Hashim Damon Dudley,2011-05.csv
ATE0869,2010-01-10,0.0,0.0,0.0,0.0,2.0,1.0,1.0,0.0,1.0,7.0,0.0,7.0,1.0,0.0,0.0,0.0,0.0,0.0,0.0,0.0,0.0,0.0,0.0,0.0,0.0,0.0,0.0,0.0,15,USB activity detected,1,0.21587164789847074,0,0.02690292616353593,0.697005956229538,0,15,low,USB activity detected,Aquila Tanner Ellison,Aquila.Tanner.Ellison@dtaa.com,Salesman,1,5 - SalesAndMarketing,2 - Sales,5 - RegionalSales,Hashim Damon Dudley,2011-05.csv
ATE0869,2010-01-12,0.0,0.0,0.0,0.0,2.0,1.0,1.0,0.0,1.0,0.0,0.0,0.0,0.0,0.0,0.0,0.0,0.0,0.0,0.0,0.0,0.0,0.0,0.0,0.0,0.0,0.0,0.0,0.0,15,USB activity detected,1,0.24138913393585137,0,0.034578884745784924,0.697005956229538,0,15,low,USB activity detected,Aquila Tanner Ellison,Aquila.Tanner.Ellison@dtaa.com,Salesman,1,5 - SalesAndMarketing,2 - Sales,5 - RegionalSales,Hashim Damon Dudley,2011-05.csv
ATP0662,2010-01-04,1.0,1.0,0.0,1.0,2.0,1.0,1.0,0.0,1.0,6.0,0.0,6.0,1.0,0.0,0.0,0.0,0.0,0.0,14.0,0.0,396922.0,28351.571428571428,12.0,6.0,25.0,11.0,8.0,1.0,15,USB activity detected,1,0.05305553674390584,0,0.09466626499284655,0.697005956229538,0,15,low,USB activity detected,Aurora Tatiana Payne,Aurora.Tatiana.Payne@dtaa.com,Manager,1,2 - ResearchAndEngineering,2 - SoftwareManagement,4 - Software,Todd Vance Spears,2011-05.csv
ATP0662,2010-01-05,2.0,1.0,0.0,1.0,4.0,2.0,2.0,0.0,1.0,3.0,0.0,3.0,1.0,0.0,0.0,0.0,0.0,0.0,0.0,0.0,0.0,0.0,0.0,0.0,0.0,0.0,0.0,0.0,15,USB activity detected,1,0.2310312203707111,0,0.08434180734293042,0.697005956229538,0,15,low,USB activity detected,Aurora Tatiana Payne,Aurora.Tatiana.Payne@dtaa.com,Manager,1,2 - ResearchAndEngineering,2 - SoftwareManagement,4 - Software,Todd Vance Spears,2011-05.csv
ATP0662,2010-01-06,2.0,2.0,0.0,2.0,2.0,1.0,1.0,0.0,1.0,9.0,0.0,9.0,1.0,0.0,0.0,0.0,0.0,0.0,0.0,0.0,0.0,0.0,0.0,0.0,0.0,0.0,0.0,0.0,15,USB activity detected,1,0.1780292472584079,0,0.12759242217079417,0.697005956229538,0,15,low,USB activity detected,Aurora Tatiana Payne,Aurora.Tatiana.Payne@dtaa.com,Manager,1,2 - ResearchAndEngineering,2 - SoftwareManagement,4 - Software,Todd Vance Spears,2011-05.csv
ATP0662,2010-01-07,3.0,1.0,2.0,1.0,0.0,0.0,0.0,0.0,0.0,0.0,0.0,0.0,0.0,0.0,0.0,0.0,0.0,0.0,0.0,0.0,0.0,0.0,0.0,0.0,0.0,0.0,0.0,0.0,20,Logon activity outside working hours,1,0.22692358202631413,0,0.1382116496777351,0.697005956229538,0,20,low,Logon activity outside working hours,Aurora Tatiana Payne,Aurora.Tatiana.Payne@dtaa.com,Manager,1,2 - ResearchAndEngineering,2 - SoftwareManagement,4 - Software,Todd Vance Spears,2011-05.csv
ATP0662,2010-01-09,0.0,0.0,0.0,0.0,2.0,1.0,1.0,0.0,1.0,2.0,0.0,2.0,1.0,0.0,0.0,0.0,0.0,0.0,0.0,0.0,0.0,0.0,0.0,0.0,0.0,0.0,0.0,0.0,15,USB activity detected,1,0.2257817351181608,0,0.0407946951664791,0.697005956229538,0,15,low,USB activity detected,Aurora Tatiana Payne,Aurora.Tatiana.Payne@dtaa.com,Manager,1,2 - ResearchAndEngineering,2 - SoftwareManagement,4 - Software,Todd Vance Spears,2011-05.csv
ATP0662,2010-01-12,0.0,0.0,0.0,0.0,2.0,1.0,1.0,0.0,1.0,8.0,0.0,8.0,1.0,0.0,0.0,0.0,0.0,0.0,0.0,0.0,0.0,0.0,0.0,0.0,0.0,0.0,0.0,0.0,15,USB activity detected,1,0.21152895624851709,0,0.02736644932722874,0.697005956229538,0,15,low,USB activity detected,Aurora Tatiana Payne,Aurora.Tatiana.Payne@dtaa.com,Manager,1,2 - ResearchAndEngineering,2 - SoftwareManagement,4 - Software,Todd Vance Spears,2011-05.csv
AVM0947,2010-01-04,1.0,1.0,0.0,1.0,12.0,6.0,6.0,0.0,1.0,23.0,0.0,23.0,1.0,2.0,0.0,2.0,2.0,1.0,0.0,0.0,0.0,0.0,0.0,0.0,0.0,0.0,0.0,0.0,45,USB activity detected; High file copy activity,1,0.09463945895345605,0,0.4390006161272554,0.697005956229538,0,45,medium,USB activity detected; High file copy activity,Ayanna Vivian Murray,Ayanna.Vivian.Murray@dtaa.com,ProductionLineWorker,1,3 - Manufacturing,3 - Assembly,6 - AssemblyDept,Sandra Beverly Diaz,2011-05.csv
AVM0947,2010-01-05,1.0,1.0,0.0,1.0,14.0,7.0,7.0,0.0,1.0,18.0,0.0,18.0,1.0,0.0,0.0,0.0,0.0,0.0,0.0,0.0,0.0,0.0,0.0,0.0,0.0,0.0,0.0,0.0,15,USB activity detected,1,0.1360594078794793,0,0.09616247077604742,0.697005956229538,0,15,low,USB activity detected,Ayanna Vivian Murray,Ayanna.Vivian.Murray@dtaa.com,ProductionLineWorker,1,3 - Manufacturing,3 - Assembly,6 - AssemblyDept,Sandra Beverly Diaz,2011-05.csv
AVM0947,2010-01-06,1.0,1.0,0.0,1.0,18.0,9.0,9.0,0.0,1.0,24.0,0.0,24.0,1.0,0.0,0.0,0.0,0.0,0.0,0.0,0.0,0.0,0.0,0.0,0.0,0.0,0.0,0.0,0.0,45,USB activity detected; High file copy activity,1,0.09134190125622221,0,0.06390865520870165,0.697005956229538,0,45,medium,USB activity detected; High file copy activity,Ayanna Vivian Murray,Ayanna.Vivian.Murray@dtaa.com,ProductionLineWorker,1,3 - Manufacturing,3 - Assembly,6 - AssemblyDept,Sandra Beverly Diaz,2011-05.csv
AVM0947,2010-01-07,1.0,1.0,0.0,1.0,18.0,9.0,9.0,0.0,1.0,27.0,0.0,27.0,1.0,0.0,0.0,0.0,0.0,0.0,0.0,0.0,0.0,0.0,0.0,0.0,0.0,0.0,0.0,0.0,45,USB activity detected; High file copy activity,1,0.07404346950740104,0,0.07365074946758597,0.697005956229538,0,45,medium,USB activity detected; High file copy activity,Ayanna Vivian Murray,Ayanna.Vivian.Murray@dtaa.com,ProductionLineWorker,1,3 - Manufacturing,3 - Assembly,6 - AssemblyDept,Sandra Beverly Diaz,2011-05.csv
AVM0947,2010-01-08,0.0,0.0,0.0,0.0,18.0,9.0,9.0,0.0,1.0,20.0,0.0,20.0,1.0,0.0,0.0,0.0,0.0,0.0,0.0,0.0,0.0,0.0,0.0,0.0,0.0,0.0,0.0,0.0,15,USB activity detected,1,0.10135301074777103,0,0.09463234391582274,0.697005956229538,0,15,low,USB activity detected,Ayanna Vivian Murray,Ayanna.Vivian.Murray@dtaa.com,ProductionLineWorker,1,3 - Manufacturing,3 - Assembly,6 - AssemblyDept,Sandra Beverly Diaz,2011-05.csv
AVM0947,2010-01-11,0.0,0.0,0.0,0.0,16.0,8.0,8.0,0.0,1.0,22.0,0.0,22.0,1.0,0.0,0.0,0.0,0.0,0.0,0.0,0.0,0.0,0.0,0.0,0.0,0.0,0.0,0.0,0.0,45,USB activity detected; High file copy activity,1,0.1070511338589939,0,0.058091694615128045,0.697005956229538,0,45,medium,USB activity detected; High file copy activity,Ayanna Vivian Murray,Ayanna.Vivian.Murray@dtaa.com,ProductionLineWorker,1,3 - Manufacturing,3 - Assembly,6 - AssemblyDept,Sandra Beverly Diaz,2011-05.csv
AVM0947,2010-01-12,0.0,0.0,0.0,0.0,18.0,9.0,9.0,0.0,1.0,24.0,0.0,24.0,1.0,0.0,0.0,0.0,0.0,0.0,0.0,0.0,0.0,0.0,0.0,0.0,0.0,0.0,0.0,0.0,45,USB activity detected; High file copy activity,1,0.0937288301095639,0,0.06754479343833958,0.697005956229538,0,45,medium,USB activity detected; High file copy activity,Ayanna Vivian Murray,Ayanna.Vivian.Murray@dtaa.com,ProductionLineWorker,1,3 - Manufacturing,3 - Assembly,6 - AssemblyDept,Sandra Beverly Diaz,2011-05.csv
AVM0947,2010-01-13,0.0,0.0,0.0,0.0,13.0,7.0,6.0,0.0,1.0,0.0,0.0,0.0,0.0,0.0,0.0,0.0,0.0,0.0,0.0,0.0,0.0,0.0,0.0,0.0,0.0,0.0,0.0,0.0,15,USB activity detected,1,0.16040036517451867,0,0.029549205612785,0.697005956229538,0,15,low,USB activity detected,Ayanna Vivian Murray,Ayanna.Vivian.Murray@dtaa.com,ProductionLineWorker,1,3 - Manufacturing,3 - Assembly,6 - AssemblyDept,Sandra Beverly Diaz,2011-05.csv
BAH0875,2010-01-05,2.0,2.0,2.0,1.0,0.0,0.0,0.0,0.0,0.0,0.0,0.0,0.0,0.0,0.0,0.0,0.0,0.0,0.0,3.0,0.0,105237.0,35079.0,0.0,0.0,5.0,0.0,0.0,1.0,20,Logon activity outside working hours,1,0.17760498143016445,0,0.13005043709297648,0.697005956229538,0,20,low,Logon activity outside working hours,Brianna Aretha Hopper,Brianna.Aretha.Hopper@dtaa.com,Salesman,1,5 - SalesAndMarketing,2 - Sales,5 - RegionalSales,Hashim Damon Dudley,2011-05.csv
BAJ0654,2010-01-04,1.0,1.0,1.0,1.0,2.0,1.0,1.0,0.0,1.0,27.0,0.0,27.0,1.0,0.0,0.0,0.0,0.0,0.0,3.0,0.0,95785.0,31928.333333333332,3.0,2.0,6.0,1.0,0.0,1.0,95,Logon activity outside working hours; USB activity detected; High file copy activity; Possible data exfiltration pattern,1,0.015549044465483997,0,0.736897212266141,0.697005956229538,1,100,critical,Logon activity outside working hours; USB activity detected; High file copy activity; Possible data exfiltration pattern; AI anomaly detected by TensorFlow Autoencoder,Brock Aladdin Joyce,Brock.Aladdin.Joyce@dtaa.com,Technician,1,5 - SalesAndMarketing,3 - FieldService,3 - RegionalFieldService,Hedwig Regina Livingston,2011-05.csv
BAJ0654,2010-01-05,1.0,1.0,1.0,1.0,4.0,2.0,2.0,0.0,1.0,27.0,0.0,27.0,1.0,0.0,0.0,0.0,0.0,0.0,0.0,0.0,0.0,0.0,0.0,0.0,0.0,0.0,0.0,0.0,95,Logon activity outside working hours; USB activity detected; High file copy activity; Possible data exfiltration pattern,1,0.0833143109383373,0,0.36670515815690463,0.697005956229538,0,95,critical,Logon activity outside working hours; USB activity detected; High file copy activity; Possible data exfiltration pattern,Brock Aladdin Joyce,Brock.Aladdin.Joyce@dtaa.com,Technician,1,5 - SalesAndMarketing,3 - FieldService,3 - RegionalFieldService,Hedwig Regina Livingston,2011-05.csv
BAJ0654,2010-01-06,1.0,1.0,1.0,1.0,2.0,1.0,1.0,0.0,1.0,25.0,0.0,25.0,1.0,0.0,0.0,0.0,0.0,0.0,0.0,0.0,0.0,0.0,0.0,0.0,0.0,0.0,0.0,0.0,95,Logon activity outside working hours; USB activity detected; High file copy activity; Possible data exfiltration pattern,1,0.09080711569857991,0,0.3980898777587788,0.697005956229538,0,95,critical,Logon activity outside working hours; USB activity detected; High file copy activity; Possible data exfiltration pattern,Brock Aladdin Joyce,Brock.Aladdin.Joyce@dtaa.com,Technician,1,5 - SalesAndMarketing,3 - FieldService,3 - RegionalFieldService,Hedwig Regina Livingston,2011-05.csv
BAJ0654,2010-01-07,1.0,0.0,0.0,1.0,2.0,1.0,1.0,0.0,1.0,24.0,0.0,24.0,1.0,0.0,0.0,0.0,0.0,0.0,0.0,0.0,0.0,0.0,0.0,0.0,0.0,0.0,0.0,0.0,45,USB activity detected; High file copy activity,1,0.1413968371956817,0,0.05699018459482011,0.697005956229538,0,45,medium,USB activity detected; High file copy activity,Brock Aladdin Joyce,Brock.Aladdin.Joyce@dtaa.com,Technician,1,5 - SalesAndMarketing,3 - FieldService,3 - RegionalFieldService,Hedwig Regina Livingston,2011-05.csv
BAL0044,2010-01-04,3.0,2.0,2.0,2.0,2.0,1.0,1.0,2.0,1.0,1.0,1.0,1.0,1.0,10.0,0.0,7.0,7.0,1.0,11.0,0.0,363772.0,33070.181818181816,7.0,3.0,14.0,8.0,7.0,1.0,85,Logon activity outside working hours; USB activity detected; USB activity outside working hours; File copy activity outside working hours,-1,-0.023860617839083553,1,1.067272039319335,0.697005956229538,1,100,critical,Logon activity outside working hours; USB activity detected; USB activity outside working hours; File copy activity outside working hours; AI anomaly detected by Isolation Forest; AI anomaly detected by TensorFlow Autoencoder,Byron Armand Livingston,Byron.Armand.Livingston@dtaa.com,ITAdmin,1,1 - Adminstration,6 - Security,2 - ElectronicSecurity,Frances Alisa Wiggins,2011-05.csv
BAL0044,2010-01-05,3.0,2.0,2.0,2.0,6.0,3.0,3.0,2.0,2.0,6.0,0.0,6.0,1.0,0.0,0.0,0.0,0.0,0.0,0.0,0.0,0.0,0.0,0.0,0.0,0.0,0.0,0.0,0.0,60,Logon activity outside working hours; USB activity detected; USB activity outside working hours,1,0.07053982684581472,0,0.28272121262714606,0.697005956229538,0,60,medium,Logon activity outside working hours; USB activity detected; USB activity outside working hours,Byron Armand Livingston,Byron.Armand.Livingston@dtaa.com,ITAdmin,1,1 - Adminstration,6 - Security,2 - ElectronicSecurity,Frances Alisa Wiggins,2011-05.csv
BAL0044,2010-01-06,6.0,5.0,6.0,5.0,8.0,4.0,4.0,6.0,4.0,16.0,11.0,16.0,3.0,0.0,0.0,0.0,0.0,0.0,0.0,0.0,0.0,0.0,0.0,0.0,0.0,0.0,0.0,0.0,100,Logon activity outside working hours; USB activity detected; USB activity outside working hours; File copy activity outside working hours; Multiple PCs used for logon,-1,-0.09135887695591571,1,0.6837960979465039,0.697005956229538,0,100,critical,Logon activity outside working hours; USB activity detected; USB activity outside working hours; File copy activity outside working hours; Multiple PCs used for logon; AI anomaly detected by Isolation Forest,Byron Armand Livingston,Byron.Armand.Livingston@dtaa.com,ITAdmin,1,1 - Adminstration,6 - Security,2 - ElectronicSecurity,Frances Alisa Wiggins,2011-05.csv
BAL0044,2010-01-07,4.0,3.0,4.0,3.0,10.0,5.0,5.0,8.0,5.0,15.0,8.0,15.0,3.0,0.0,0.0,0.0,0.0,0.0,0.0,0.0,0.0,0.0,0.0,0.0,0.0,0.0,0.0,0.0,100,Logon activity outside working hours; USB activity detected; USB activity outside working hours; File copy activity outside working hours; Multiple PCs used for logon,-1,-0.08049143243177559,1,0.3328099792243557,0.697005956229538,0,100,critical,Logon activity outside working hours; USB activity detected; USB activity outside working hours; File copy activity outside working hours; Multiple PCs used for logon; AI anomaly detected by Isolation Forest,Byron Armand Livingston,Byron.Armand.Livingston@dtaa.com,ITAdmin,1,1 - Adminstration,6 - Security,2 - ElectronicSecurity,Frances Alisa Wiggins,2011-05.csv
BAL0044,2010-01-08,0.0,0.0,0.0,0.0,6.0,3.0,3.0,0.0,3.0,5.0,0.0,5.0,1.0,0.0,0.0,0.0,0.0,0.0,0.0,0.0,0.0,0.0,0.0,0.0,0.0,0.0,0.0,0.0,15,USB activity detected,1,0.1744618347290729,0,0.2776461811344851,0.697005956229538,0,15,low,USB activity detected,Byron Armand Livingston,Byron.Armand.Livingston@dtaa.com,ITAdmin,1,1 - Adminstration,6 - Security,2 - ElectronicSecurity,Frances Alisa Wiggins,2011-05.csv
BAL0044,2010-01-11,0.0,0.0,0.0,0.0,8.0,4.0,4.0,6.0,4.0,11.0,8.0,11.0,2.0,0.0,0.0,0.0,0.0,0.0,0.0,0.0,0.0,0.0,0.0,0.0,0.0,0.0,0.0,0.0,65,USB activity detected; USB activity outside working hours; File copy activity outside working hours,-1,-0.01691039468326605,1,0.44657908179549477,0.697005956229538,0,100,critical,USB activity detected; USB activity outside working hours; File copy activity outside working hours; AI anomaly detected by Isolation Forest,Byron Armand Livingston,Byron.Armand.Livingston@dtaa.com,ITAdmin,1,1 - Adminstration,6 - Security,2 - ElectronicSecurity,Frances Alisa Wiggins,2011-05.csv
BAL0044,2010-01-12,0.0,0.0,0.0,0.0,10.0,5.0,5.0,6.0,5.0,1.0,0.0,1.0,1.0,0.0,0.0,0.0,0.0,0.0,0.0,0.0,0.0,0.0,0.0,0.0,0.0,0.0,0.0,0.0,40,USB activity detected; USB activity outside working hours,1,0.037364549234192856,0,2.089243911872795,0.697005956229538,1,70,high,USB activity detected; USB activity outside working hours; AI anomaly detected by TensorFlow Autoencoder,Byron Armand Livingston,Byron.Armand.Livingston@dtaa.com,ITAdmin,1,1 - Adminstration,6 - Security,2 - ElectronicSecurity,Frances Alisa Wiggins,2011-05.csv
BAL0044,2010-01-13,0.0,0.0,0.0,0.0,2.0,1.0,1.0,0.0,1.0,0.0,0.0,0.0,0.0,0.0,0.0,0.0,0.0,0.0,0.0,0.0,0.0,0.0,0.0,0.0,0.0,0.0,0.0,0.0,15,USB activity detected,1,0.24138913393585137,0,0.034578884745784924,0.697005956229538,0,15,low,USB activity detected,Byron Armand Livingston,Byron.Armand.Livingston@dtaa.com,ITAdmin,1,1 - Adminstration,6 - Security,2 - ElectronicSecurity,Frances Alisa Wiggins,2011-05.csv
BAM0636,2010-01-04,1.0,1.0,1.0,1.0,0.0,0.0,0.0,0.0,0.0,0.0,0.0,0.0,0.0,0.0,0.0,0.0,0.0,0.0,3.0,0.0,93427.0,31142.333333333332,0.0,0.0,3.0,1.0,0.0,1.0,20,Logon activity outside working hours,1,0.2047622659338853,0,0.0705378920357139,0.697005956229538,0,20,low,Logon activity outside working hours,Brenda Alika Matthews,Brenda.Alika.Matthews@dtaa.com,Technician,1,5 - SalesAndMarketing,3 - FieldService,3 - RegionalFieldService,Hedwig Regina Livingston,2011-05.csv
BAM0636,2010-01-05,1.0,1.0,1.0,1.0,0.0,0.0,0.0,0.0,0.0,0.0,0.0,0.0,0.0,0.0,0.0,0.0,0.0,0.0,0.0,0.0,0.0,0.0,0.0,0.0,0.0,0.0,0.0,0.0,20,Logon activity outside working hours,1,0.2543368308857394,0,0.04029176788212439,0.697005956229538,0,20,low,Logon activity outside working hours,Brenda Alika Matthews,Brenda.Alika.Matthews@dtaa.com,Technician,1,5 - SalesAndMarketing,3 - FieldService,3 - RegionalFieldService,Hedwig Regina Livingston,2011-05.csv
BAM0636,2010-01-06,1.0,1.0,1.0,1.0,0.0,0.0,0.0,0.0,0.0,0.0,0.0,0.0,0.0,0.0,0.0,0.0,0.0,0.0,0.0,0.0,0.0,0.0,0.0,0.0,0.0,0.0,0.0,0.0,20,Logon activity outside working hours,1,0.2543368308857394,0,0.04029176788212439,0.697005956229538,0,20,low,Logon activity outside working hours,Brenda Alika Matthews,Brenda.Alika.Matthews@dtaa.com,Technician,1,5 - SalesAndMarketing,3 - FieldService,3 - RegionalFieldService,Hedwig Regina Livingston,2011-05.csv
BBG0325,2010-01-04,1.0,1.0,0.0,1.0,2.0,1.0,1.0,0.0,1.0,0.0,0.0,0.0,0.0,2.0,0.0,2.0,2.0,1.0,15.0,0.0,447790.0,29852.666666666668,8.0,6.0,26.0,14.0,11.0,1.0,15,USB activity detected,1,0.05432439301962633,0,0.6359633580704396,0.697005956229538,0,15,low,USB activity detected,Blair Bruno Grimes,Blair.Bruno.Grimes@dtaa.com,Salesman,1,5 - SalesAndMarketing,2 - Sales,1 - RegionalSales,Meredith Ainsley Wolf,2011-05.csv
BBG0325,2010-01-05,2.0,1.0,0.0,1.0,2.0,1.0,1.0,0.0,1.0,4.0,0.0,4.0,1.0,0.0,0.0,0.0,0.0,0.0,0.0,0.0,0.0,0.0,0.0,0.0,0.0,0.0,0.0,0.0,15,USB activity detected,1,0.2322243189174663,0,0.07821326811304727,0.697005956229538,0,15,low,USB activity detected,Blair Bruno Grimes,Blair.Bruno.Grimes@dtaa.com,Salesman,1,5 - SalesAndMarketing,2 - Sales,1 - RegionalSales,Meredith Ainsley Wolf,2011-05.csv
BBG0325,2010-01-06,1.0,1.0,0.0,1.0,2.0,1.0,1.0,0.0,1.0,2.0,0.0,2.0,1.0,0.0,0.0,0.0,0.0,0.0,0.0,0.0,0.0,0.0,0.0,0.0,0.0,0.0,0.0,0.0,15,USB activity detected,1,0.236033721136646,0,0.05968404201601104,0.697005956229538,0,15,low,USB activity detected,Blair Bruno Grimes,Blair.Bruno.Grimes@dtaa.com,Salesman,1,5 - SalesAndMarketing,2 - Sales,1 - RegionalSales,Meredith Ainsley Wolf,2011-05.csv
BBG0325,2010-01-11,0.0,0.0,0.0,0.0,6.0,3.0,3.0,0.0,1.0,0.0,0.0,0.0,0.0,0.0,0.0,0.0,0.0,0.0,0.0,0.0,0.0,0.0,0.0,0.0,0.0,0.0,0.0,0.0,15,USB activity detected,1,0.21255883227265943,0,0.027228120552410202,0.697005956229538,0,15,low,USB activity detected,Blair Bruno Grimes,Blair.Bruno.Grimes@dtaa.com,Salesman,1,5 - SalesAndMarketing,2 - Sales,1 - RegionalSales,Meredith Ainsley Wolf,2011-05.csv
BBG0325,2010-01-13,0.0,0.0,0.0,0.0,4.0,2.0,2.0,0.0,1.0,0.0,0.0,0.0,0.0,0.0,0.0,0.0,0.0,0.0,0.0,0.0,0.0,0.0,0.0,0.0,0.0,0.0,0.0,0.0,15,USB activity detected,1,0.24050968498880276,0,0.029387752890849578,0.697005956229538,0,15,low,USB activity detected,Blair Bruno Grimes,Blair.Bruno.Grimes@dtaa.com,Salesman,1,5 - SalesAndMarketing,2 - Sales,1 - RegionalSales,Meredith Ainsley Wolf,2011-05.csv
BBS0039,2010-01-04,3.0,3.0,0.0,3.0,0.0,0.0,0.0,0.0,0.0,0.0,0.0,0.0,0.0,7.0,0.0,2.0,2.0,1.0,11.0,0.0,321814.0,29255.81818181818,5.0,3.0,17.0,6.0,0.0,1.0,15,Multiple PCs used for logon,1,0.09274087577277323,0,0.2599904541353129,0.697005956229538,0,15,low,Multiple PCs used for logon,Bevis Brady Sheppard,Bevis.Brady.Sheppard@dtaa.com,ITAdmin,1,1 - Adminstration,6 - Security,2 - ElectronicSecurity,Frances Alisa Wiggins,2010-07.csv
BBS0039,2010-01-05,3.0,3.0,4.0,3.0,0.0,0.0,0.0,0.0,0.0,0.0,0.0,0.0,0.0,0.0,0.0,0.0,0.0,0.0,0.0,0.0,0.0,0.0,0.0,0.0,0.0,0.0,0.0,0.0,35,Logon activity outside working hours; Multiple PCs used for logon,1,0.1341275347966155,0,0.12118637963412873,0.697005956229538,0,35,medium,Logon activity outside working hours; Multiple PCs used for logon,Bevis Brady Sheppard,Bevis.Brady.Sheppard@dtaa.com,ITAdmin,1,1 - Adminstration,6 - Security,2 - ElectronicSecurity,Frances Alisa Wiggins,2010-07.csv
BBS0039,2010-01-06,3.0,3.0,4.0,3.0,0.0,0.0,0.0,0.0,0.0,0.0,0.0,0.0,0.0,0.0,0.0,0.0,0.0,0.0,0.0,0.0,0.0,0.0,0.0,0.0,0.0,0.0,0.0,0.0,35,Logon activity outside working hours; Multiple PCs used for logon,1,0.1341275347966155,0,0.12118637963412873,0.697005956229538,0,35,medium,Logon activity outside working hours; Multiple PCs used for logon,Bevis Brady Sheppard,Bevis.Brady.Sheppard@dtaa.com,ITAdmin,1,1 - Adminstration,6 - Security,2 - ElectronicSecurity,Frances Alisa Wiggins,2010-07.csv
BBS0039,2010-01-07,2.0,2.0,2.0,2.0,0.0,0.0,0.0,0.0,0.0,0.0,0.0,0.0,0.0,0.0,0.0,0.0,0.0,0.0,0.0,0.0,0.0,0.0,0.0,0.0,0.0,0.0,0.0,0.0,20,Logon activity outside working hours,1,0.20806636614290203,0,0.03031814517863815,0.697005956229538,0,20,low,Logon activity outside working hours,Bevis Brady Sheppard,Bevis.Brady.Sheppard@dtaa.com,ITAdmin,1,1 - Adminstration,6 - Security,2 - ElectronicSecurity,Frances Alisa Wiggins,2010-07.csv
BBS0422,2010-01-06,1.0,1.0,0.0,1.0,2.0,1.0,1.0,0.0,1.0,2.0,0.0,2.0,1.0,0.0,0.0,0.0,0.0,0.0,0.0,0.0,0.0,0.0,0.0,0.0,0.0,0.0,0.0,0.0,15,USB activity detected,1,0.236033721136646,0,0.05968404201601104,0.697005956229538,0,15,low,USB activity detected,Buckminster Benjamin Swanson,Buckminster.Benjamin.Swanson@dtaa.com,ElectricalEngineer,1,2 - ResearchAndEngineering,3 - Engineering,6 - SystemsEngineering,Hadassah Riley Baker,2011-05.csv
BBS0422,2010-01-07,1.0,0.0,0.0,1.0,4.0,2.0,2.0,0.0,1.0,7.0,0.0,7.0,1.0,0.0,0.0,0.0,0.0,0.0,0.0,0.0,0.0,0.0,0.0,0.0,0.0,0.0,0.0,0.0,15,USB activity detected,1,0.21915671507959195,0,0.0524535505234935,0.697005956229538,0,15,low,USB activity detected,Buckminster Benjamin Swanson,Buckminster.Benjamin.Swanson@dtaa.com,ElectricalEngineer,1,2 - ResearchAndEngineering,3 - Engineering,6 - SystemsEngineering,Hadassah Riley Baker,2011-05.csv
BBS0422,2010-01-13,0.0,0.0,0.0,0.0,1.0,1.0,0.0,0.0,1.0,0.0,0.0,0.0,0.0,0.0,0.0,0.0,0.0,0.0,0.0,0.0,0.0,0.0,0.0,0.0,0.0,0.0,0.0,0.0,15,USB activity detected,1,0.23463246819413702,0,0.045396169464101646,0.697005956229538,0,15,low,USB activity detected,Buckminster Benjamin Swanson,Buckminster.Benjamin.Swanson@dtaa.com,ElectricalEngineer,1,2 - ResearchAndEngineering,3 - Engineering,6 - SystemsEngineering,Hadassah Riley Baker,2011-05.csv
BCM0653,2010-01-04,1.0,1.0,1.0,1.0,0.0,0.0,0.0,0.0,0.0,0.0,0.0,0.0,0.0,0.0,0.0,0.0,0.0,0.0,3.0,2.0,58460.0,19486.666666666668,3.0,1.0,5.0,0.0,0.0,1.0,20,Logon activity outside working hours,1,0.16024981858660303,0,0.376966516110559,0.697005956229538,0,20,low,Logon activity outside working hours,Bevis Christopher Mcknight,Bevis.Christopher.Mcknight@dtaa.com,Technician,1,5 - SalesAndMarketing,3 - FieldService,3 - RegionalFieldService,Hedwig Regina Livingston,2011-05.csv
BCM0653,2010-01-05,1.0,1.0,1.0,1.0,0.0,0.0,0.0,0.0,0.0,0.0,0.0,0.0,0.0,0.0,0.0,0.0,0.0,0.0,0.0,0.0,0.0,0.0,0.0,0.0,0.0,0.0,0.0,0.0,20,Logon activity outside working hours,1,0.2543368308857394,0,0.04029176788212439,0.697005956229538,0,20,low,Logon activity outside working hours,Bevis Christopher Mcknight,Bevis.Christopher.Mcknight@dtaa.com,Technician,1,5 - SalesAndMarketing,3 - FieldService,3 - RegionalFieldService,Hedwig Regina Livingston,2011-05.csv
BCM0653,2010-01-06,1.0,1.0,1.0,1.0,0.0,0.0,0.0,0.0,0.0,0.0,0.0,0.0,0.0,0.0,0.0,0.0,0.0,0.0,0.0,0.0,0.0,0.0,0.0,0.0,0.0,0.0,0.0,0.0,20,Logon activity outside working hours,1,0.2543368308857394,0,0.04029176788212439,0.697005956229538,0,20,low,Logon activity outside working hours,Bevis Christopher Mcknight,Bevis.Christopher.Mcknight@dtaa.com,Technician,1,5 - SalesAndMarketing,3 - FieldService,3 - RegionalFieldService,Hedwig Regina Livingston,2011-05.csv
BDB0453,2010-01-07,2.0,1.0,2.0,1.0,0.0,0.0,0.0,0.0,0.0,0.0,0.0,0.0,0.0,0.0,0.0,0.0,0.0,0.0,0.0,0.0,0.0,0.0,0.0,0.0,0.0,0.0,0.0,0.0,20,Logon activity outside working hours,1,0.2443929979341275,0,0.09377925040524694,0.697005956229538,0,20,low,Logon activity outside working hours,Brett Damian Beck,Brett.Damian.Beck@dtaa.com,ProductionLineWorker,1,3 - Manufacturing,3 - Assembly,2 - AssemblyDept,Armando Albert Walter,2011-05.csv
BDI0533,2010-01-03,2.0,1.0,0.0,1.0,2.0,1.0,1.0,0.0,1.0,3.0,0.0,3.0,1.0,30.0,0.0,26.0,26.0,1.0,3.0,0.0,93700.0,31233.333333333332,1.0,1.0,4.0,5.0,2.0,1.0,15,USB activity detected,1,0.04329004574452133,0,0.5164902492311094,0.697005956229538,0,15,low,USB activity detected,Bruno Donovan Ingram,Bruno.Donovan.Ingram@dtaa.com,Technician,1,5 - SalesAndMarketing,3 - FieldService,2 - RegionalFieldService,Burke Randall Burnett,2011-05.csv
BDI0533,2010-01-04,1.0,1.0,0.0,1.0,4.0,2.0,2.0,0.0,1.0,7.0,0.0,7.0,1.0,0.0,0.0,0.0,0.0,0.0,3.0,0.0,105985.0,35328.333333333336,1.0,1.0,5.0,4.0,4.0,1.0,15,USB activity detected,1,0.11258134589632995,0,0.1372212141004809,0.697005956229538,0,15,low,USB activity detected,Bruno Donovan Ingram,Bruno.Donovan.Ingram@dtaa.com,Technician,1,5 - SalesAndMarketing,3 - FieldService,2 - RegionalFieldService,Burke Randall Burnett,2011-05.csv
BDI0533,2010-01-05,2.0,1.0,0.0,1.0,7.0,4.0,3.0,0.0,1.0,5.0,0.0,5.0,1.0,0.0,0.0,0.0,0.0,0.0,0.0,0.0,0.0,0.0,0.0,0.0,0.0,0.0,0.0,0.0,15,USB activity detected,1,0.2044184405359461,0,0.08238789236698461,0.697005956229538,0,15,low,USB activity detected,Bruno Donovan Ingram,Bruno.Donovan.Ingram@dtaa.com,Technician,1,5 - SalesAndMarketing,3 - FieldService,2 - RegionalFieldService,Burke Randall Burnett,2011-05.csv
BDI0533,2010-01-07,1.0,0.0,0.0,1.0,6.0,3.0,3.0,0.0,1.0,14.0,0.0,14.0,1.0,0.0,0.0,0.0,0.0,0.0,0.0,0.0,0.0,0.0,0.0,0.0,0.0,0.0,0.0,0.0,15,USB activity detected,1,0.18140243468211636,0,0.06514508202515304,0.697005956229538,0,15,low,USB activity detected,Bruno Donovan Ingram,Bruno.Donovan.Ingram@dtaa.com,Technician,1,5 - SalesAndMarketing,3 - FieldService,2 - RegionalFieldService,Burke Randall Burnett,2011-05.csv
BDI0533,2010-01-08,0.0,0.0,0.0,0.0,6.0,3.0,3.0,0.0,1.0,6.0,0.0,6.0,1.0,0.0,0.0,0.0,0.0,0.0,0.0,0.0,0.0,0.0,0.0,0.0,0.0,0.0,0.0,0.0,15,USB activity detected,1,0.20918704781614778,0,0.02541740156256517,0.697005956229538,0,15,low,USB activity detected,Bruno Donovan Ingram,Bruno.Donovan.Ingram@dtaa.com,Technician,1,5 - SalesAndMarketing,3 - FieldService,2 - RegionalFieldService,Burke Randall Burnett,2011-05.csv
BDI0533,2010-01-10,0.0,0.0,0.0,0.0,4.0,2.0,2.0,0.0,1.0,5.0,0.0,5.0,1.0,0.0,0.0,0.0,0.0,0.0,0.0,0.0,0.0,0.0,0.0,0.0,0.0,0.0,0.0,0.0,15,USB activity detected,1,0.22467427013337,0,0.027613971130823235,0.697005956229538,0,15,low,USB activity detected,Bruno Donovan Ingram,Bruno.Donovan.Ingram@dtaa.com,Technician,1,5 - SalesAndMarketing,3 - FieldService,2 - RegionalFieldService,Burke Randall Burnett,2011-05.csv
BDI0533,2010-01-11,0.0,0.0,0.0,0.0,8.0,4.0,4.0,0.0,1.0,6.0,0.0,6.0,1.0,0.0,0.0,0.0,0.0,0.0,0.0,0.0,0.0,0.0,0.0,0.0,0.0,0.0,0.0,0.0,15,USB activity detected,1,0.19311102398080043,0,0.025828089532311173,0.697005956229538,0,15,low,USB activity detected,Bruno Donovan Ingram,Bruno.Donovan.Ingram@dtaa.com,Technician,1,5 - SalesAndMarketing,3 - FieldService,2 - RegionalFieldService,Burke Randall Burnett,2011-05.csv
BDI0533,2010-01-12,0.0,0.0,0.0,0.0,4.0,2.0,2.0,0.0,1.0,3.0,0.0,3.0,1.0,0.0,0.0,0.0,0.0,0.0,0.0,0.0,0.0,0.0,0.0,0.0,0.0,0.0,0.0,0.0,15,USB activity detected,1,0.2308861893688779,0,0.03367677648907804,0.697005956229538,0,15,low,USB activity detected,Bruno Donovan Ingram,Bruno.Donovan.Ingram@dtaa.com,Technician,1,5 - SalesAndMarketing,3 - FieldService,2 - RegionalFieldService,Burke Randall Burnett,2011-05.csv
BDI0533,2010-01-13,0.0,0.0,0.0,0.0,2.0,1.0,1.0,0.0,1.0,0.0,0.0,0.0,0.0,0.0,0.0,0.0,0.0,0.0,0.0,0.0,0.0,0.0,0.0,0.0,0.0,0.0,0.0,0.0,15,USB activity detected,1,0.24138913393585137,0,0.034578884745784924,0.697005956229538,0,15,low,USB activity detected,Bruno Donovan Ingram,Bruno.Donovan.Ingram@dtaa.com,Technician,1,5 - SalesAndMarketing,3 - FieldService,2 - RegionalFieldService,Burke Randall Burnett,2011-05.csv
BEH0615,2010-01-05,2.0,1.0,0.0,1.0,2.0,1.0,1.0,0.0,1.0,1.0,0.0,1.0,1.0,0.0,0.0,0.0,0.0,0.0,15.0,0.0,468510.0,31234.0,8.0,4.0,28.0,14.0,5.0,1.0,15,USB activity detected,1,0.06186656706145188,0,0.15248761160345808,0.697005956229538,0,15,low,USB activity detected,Barclay Eaton Hensley,Barclay.Eaton.Hensley@dtaa.com,Salesman,1,5 - SalesAndMarketing,2 - Sales,3 - RegionalSales,Winter Veda Burks,2011-05.csv
BEH0615,2010-01-08,0.0,0.0,0.0,0.0,2.0,1.0,1.0,0.0,1.0,0.0,0.0,0.0,0.0,0.0,0.0,0.0,0.0,0.0,0.0,0.0,0.0,0.0,0.0,0.0,0.0,0.0,0.0,0.0,15,USB activity detected,1,0.24138913393585137,0,0.034578884745784924,0.697005956229538,0,15,low,USB activity detected,Barclay Eaton Hensley,Barclay.Eaton.Hensley@dtaa.com,Salesman,1,5 - SalesAndMarketing,2 - Sales,3 - RegionalSales,Winter Veda Burks,2011-05.csv
BEH0615,2010-01-11,0.0,0.0,0.0,0.0,4.0,2.0,2.0,0.0,1.0,0.0,0.0,0.0,0.0,0.0,0.0,0.0,0.0,0.0,0.0,0.0,0.0,0.0,0.0,0.0,0.0,0.0,0.0,0.0,15,USB activity detected,1,0.24050968498880276,0,0.029387747032837967,0.697005956229538,0,15,low,USB activity detected,Barclay Eaton Hensley,Barclay.Eaton.Hensley@dtaa.com,Salesman,1,5 - SalesAndMarketing,2 - Sales,3 - RegionalSales,Winter Veda Burks,2011-05.csv
BEH0615,2010-01-13,0.0,0.0,0.0,0.0,4.0,2.0,2.0,0.0,1.0,0.0,0.0,0.0,0.0,0.0,0.0,0.0,0.0,0.0,0.0,0.0,0.0,0.0,0.0,0.0,0.0,0.0,0.0,0.0,15,USB activity detected,1,0.24050968498880276,0,0.029387747032837967,0.697005956229538,0,15,low,USB activity detected,Barclay Eaton Hensley,Barclay.Eaton.Hensley@dtaa.com,Salesman,1,5 - SalesAndMarketing,2 - Sales,3 - RegionalSales,Winter Veda Burks,2011-05.csv
BIS0247,2010-01-07,2.0,2.0,1.0,1.0,0.0,0.0,0.0,0.0,0.0,0.0,0.0,0.0,0.0,0.0,0.0,0.0,0.0,0.0,0.0,0.0,0.0,0.0,0.0,0.0,0.0,0.0,0.0,0.0,20,Logon activity outside working hours,1,0.23665349964814697,0,0.054021668395954556,0.697005956229538,0,20,low,Logon activity outside working hours,Bryar Ivana Sweet,Bryar.Ivana.Sweet@dtaa.com,MechanicalEngineer,1,2 - ResearchAndEngineering,3 - Engineering,1 - MechanicalEngineering,Harper Price Harris,2011-05.csv
BJM0111,2010-01-04,1.0,1.0,0.0,1.0,18.0,9.0,9.0,0.0,1.0,21.0,0.0,21.0,1.0,0.0,0.0,0.0,0.0,0.0,3.0,0.0,79060.0,26353.333333333332,4.0,2.0,7.0,1.0,0.0,1.0,45,USB activity detected; High file copy activity,1,0.030355953524104917,0,0.10772092150011989,0.697005956229538,0,45,medium,USB activity detected; High file copy activity,Bell Jorden Martinez,Bell.Jorden.Martinez@dtaa.com,Technician,1,2 - ResearchAndEngineering,3 - Engineering,5 - TestAndEvalualtion,Rose Hanae Yates,2011-05.csv
BJM0111,2010-01-05,1.0,1.0,0.0,1.0,16.0,8.0,8.0,0.0,1.0,23.0,0.0,23.0,1.0,0.0,0.0,0.0,0.0,0.0,0.0,0.0,0.0,0.0,0.0,0.0,0.0,0.0,0.0,0.0,45,USB activity detected; High file copy activity,1,0.11231619362308176,0,0.05954005215422567,0.697005956229538,0,45,medium,USB activity detected; High file copy activity,Bell Jorden Martinez,Bell.Jorden.Martinez@dtaa.com,Technician,1,2 - ResearchAndEngineering,3 - Engineering,5 - TestAndEvalualtion,Rose Hanae Yates,2011-05.csv
BJM0111,2010-01-06,1.0,1.0,0.0,1.0,14.0,7.0,7.0,0.0,1.0,19.0,0.0,19.0,1.0,0.0,0.0,0.0,0.0,0.0,0.0,0.0,0.0,0.0,0.0,0.0,0.0,0.0,0.0,0.0,15,USB activity detected,1,0.12721209616796625,0,0.10323551085318394,0.697005956229538,0,15,low,USB activity detected,Bell Jorden Martinez,Bell.Jorden.Martinez@dtaa.com,Technician,1,2 - ResearchAndEngineering,3 - Engineering,5 - TestAndEvalualtion,Rose Hanae Yates,2011-05.csv
BJM0111,2010-01-07,2.0,1.0,0.0,1.0,14.0,7.0,7.0,0.0,1.0,27.0,0.0,27.0,1.0,0.0,0.0,0.0,0.0,0.0,0.0,0.0,0.0,0.0,0.0,0.0,0.0,0.0,0.0,0.0,45,USB activity detected; High file copy activity,1,0.08725768312965076,0,0.08674700376362146,0.697005956229538,0,45,medium,USB activity detected; High file copy activity,Bell Jorden Martinez,Bell.Jorden.Martinez@dtaa.com,Technician,1,2 - ResearchAndEngineering,3 - Engineering,5 - TestAndEvalualtion,Rose Hanae Yates,2011-05.csv
BJM0111,2010-01-08,0.0,0.0,0.0,0.0,14.0,7.0,7.0,0.0,1.0,22.0,0.0,22.0,1.0,0.0,0.0,0.0,0.0,0.0,0.0,0.0,0.0,0.0,0.0,0.0,0.0,0.0,0.0,0.0,45,USB activity detected; High file copy activity,1,0.10797785743370825,0,0.05193367762249529,0.697005956229538,0,45,medium,USB activity detected; High file copy activity,Bell Jorden Martinez,Bell.Jorden.Martinez@dtaa.com,Technician,1,2 - ResearchAndEngineering,3 - Engineering,5 - TestAndEvalualtion,Rose Hanae Yates,2011-05.csv
BJM0111,2010-01-11,0.0,0.0,0.0,0.0,18.0,9.0,9.0,0.0,1.0,19.0,0.0,19.0,1.0,0.0,0.0,0.0,0.0,0.0,0.0,0.0,0.0,0.0,0.0,0.0,0.0,0.0,0.0,0.0,15,USB activity detected,1,0.10363601383357923,0,0.08511851205846394,0.697005956229538,0,15,low,USB activity detected,Bell Jorden Martinez,Bell.Jorden.Martinez@dtaa.com,Technician,1,2 - ResearchAndEngineering,3 - Engineering,5 - TestAndEvalualtion,Rose Hanae Yates,2011-05.csv
BJM0111,2010-01-12,0.0,0.0,0.0,0.0,18.0,9.0,9.0,0.0,1.0,7.0,0.0,7.0,1.0,0.0,0.0,0.0,0.0,0.0,0.0,0.0,0.0,0.0,0.0,0.0,0.0,0.0,0.0,0.0,15,USB activity detected,1,0.13226580750385558,0,0.03996427447128509,0.697005956229538,0,15,low,USB activity detected,Bell Jorden Martinez,Bell.Jorden.Martinez@dtaa.com,Technician,1,2 - ResearchAndEngineering,3 - Engineering,5 - TestAndEvalualtion,Rose Hanae Yates,2011-05.csv
BJM0111,2010-01-13,0.0,0.0,0.0,0.0,9.0,5.0,4.0,0.0,1.0,0.0,0.0,0.0,0.0,0.0,0.0,0.0,0.0,0.0,0.0,0.0,0.0,0.0,0.0,0.0,0.0,0.0,0.0,0.0,15,USB activity detected,1,0.19263759731893615,0,0.027857549668752195,0.697005956229538,0,15,low,USB activity detected,Bell Jorden Martinez,Bell.Jorden.Martinez@dtaa.com,Technician,1,2 - ResearchAndEngineering,3 - Engineering,5 - TestAndEvalualtion,Rose Hanae Yates,2011-05.csv
BJP0134,2010-01-04,2.0,1.0,0.0,1.0,18.0,9.0,9.0,0.0,1.0,23.0,0.0,23.0,1.0,0.0,0.0,0.0,0.0,0.0,1.0,0.0,27352.0,27352.0,0.0,0.0,1.0,1.0,1.0,1.0,45,USB activity detected; High file copy activity,1,0.049351877146402545,0,0.08494822130097306,0.697005956229538,0,45,medium,USB activity detected; High file copy activity,Beck John Peters,Beck.John.Peters@dtaa.com,ProductionLineWorker,1,3 - Manufacturing,3 - Assembly,1 - AssemblyDept,Shannon Chantale Price,2011-05.csv
BJP0134,2010-01-05,2.0,1.0,0.0,1.0,18.0,9.0,9.0,0.0,1.0,19.0,0.0,19.0,1.0,0.0,0.0,0.0,0.0,0.0,0.0,0.0,0.0,0.0,0.0,0.0,0.0,0.0,0.0,0.0,15,USB activity detected,1,0.10258242325815004,0,0.1521780185067978,0.697005956229538,0,15,low,USB activity detected,Beck John Peters,Beck.John.Peters@dtaa.com,ProductionLineWorker,1,3 - Manufacturing,3 - Assembly,1 - AssemblyDept,Shannon Chantale Price,2011-05.csv
BJP0134,2010-01-06,1.0,1.0,0.0,1.0,18.0,9.0,9.0,0.0,1.0,20.0,0.0,20.0,1.0,0.0,0.0,0.0,0.0,0.0,0.0,0.0,0.0,0.0,0.0,0.0,0.0,0.0,0.0,0.0,15,USB activity detected,1,0.10045072131681365,0,0.12371789951844196,0.697005956229538,0,15,low,USB activity detected,Beck John Peters,Beck.John.Peters@dtaa.com,ProductionLineWorker,1,3 - Manufacturing,3 - Assembly,1 - AssemblyDept,Shannon Chantale Price,2011-05.csv
BJP0134,2010-01-07,2.0,0.0,0.0,1.0,16.0,8.0,8.0,0.0,1.0,24.0,0.0,24.0,1.0,0.0,0.0,0.0,0.0,0.0,0.0,0.0,0.0,0.0,0.0,0.0,0.0,0.0,0.0,0.0,45,USB activity detected; High file copy activity,1,0.10284150290675531,0,0.12557242252789227,0.697005956229538,0,45,medium,USB activity detected; High file copy activity,Beck John Peters,Beck.John.Peters@dtaa.com,ProductionLineWorker,1,3 - Manufacturing,3 - Assembly,1 - AssemblyDept,Shannon Chantale Price,2011-05.csv
BJP0134,2010-01-08,0.0,0.0,0.0,0.0,18.0,9.0,9.0,0.0,1.0,22.0,0.0,22.0,1.0,0.0,0.0,0.0,0.0,0.0,0.0,0.0,0.0,0.0,0.0,0.0,0.0,0.0,0.0,0.0,45,USB activity detected; High file copy activity,1,0.09791650625471582,0,0.06480320086287988,0.697005956229538,0,45,medium,USB activity detected; High file copy activity,Beck John Peters,Beck.John.Peters@dtaa.com,ProductionLineWorker,1,3 - Manufacturing,3 - Assembly,1 - AssemblyDept,Shannon Chantale Price,2011-05.csv
BJP0134,2010-01-11,0.0,0.0,0.0,0.0,18.0,9.0,9.0,0.0,1.0,25.0,0.0,25.0,1.0,0.0,0.0,0.0,0.0,0.0,0.0,0.0,0.0,0.0,0.0,0.0,0.0,0.0,0.0,0.0,45,USB activity detected; High file copy activity,1,0.07991451776140734,0,0.06852870621444451,0.697005956229538,0,45,medium,USB activity detected; High file copy activity,Beck John Peters,Beck.John.Peters@dtaa.com,ProductionLineWorker,1,3 - Manufacturing,3 - Assembly,1 - AssemblyDept,Shannon Chantale Price,2011-05.csv
BJP0134,2010-01-12,0.0,0.0,0.0,0.0,18.0,9.0,9.0,0.0,1.0,13.0,0.0,13.0,1.0,0.0,0.0,0.0,0.0,0.0,0.0,0.0,0.0,0.0,0.0,0.0,0.0,0.0,0.0,0.0,15,USB activity detected,1,0.12032483707083808,0,0.04668163285532592,0.697005956229538,0,15,low,USB activity detected,Beck John Peters,Beck.John.Peters@dtaa.com,ProductionLineWorker,1,3 - Manufacturing,3 - Assembly,1 - AssemblyDept,Shannon Chantale Price,2011-05.csv
BKW0374,2010-01-04,3.0,3.0,2.0,3.0,0.0,0.0,0.0,0.0,0.0,0.0,0.0,0.0,0.0,0.0,0.0,0.0,0.0,0.0,10.0,0.0,298508.0,29850.8,7.0,4.0,19.0,5.0,0.0,1.0,35,Logon activity outside working hours; Multiple PCs used for logon,1,0.08370646152170425,0,0.10643592131485968,0.697005956229538,0,35,medium,Logon activity outside working hours; Multiple PCs used for logon,Blossom Keiko Weiss,Blossom.Keiko.Weiss@dtaa.com,ITAdmin,1,1 - Adminstration,6 - Security,3 - ElectronicSecurity,Francis Brian Armstrong,2011-05.csv
BKW0374,2010-01-05,5.0,5.0,2.0,5.0,0.0,0.0,0.0,0.0,0.0,0.0,0.0,0.0,0.0,0.0,0.0,0.0,0.0,0.0,0.0,0.0,0.0,0.0,0.0,0.0,0.0,0.0,0.0,0.0,35,Logon activity outside working hours; Multiple PCs used for logon,1,0.10061771680109433,0,0.21639882866594048,0.697005956229538,0,35,medium,Logon activity outside working hours; Multiple PCs used for logon,Blossom Keiko Weiss,Blossom.Keiko.Weiss@dtaa.com,ITAdmin,1,1 - Adminstration,6 - Security,3 - ElectronicSecurity,Francis Brian Armstrong,2011-05.csv
BKW0374,2010-01-06,6.0,6.0,6.0,6.0,0.0,0.0,0.0,0.0,0.0,0.0,0.0,0.0,0.0,0.0,0.0,0.0,0.0,0.0,0.0,0.0,0.0,0.0,0.0,0.0,0.0,0.0,0.0,0.0,35,Logon activity outside working hours; Multiple PCs used for logon,1,0.040723612586007873,0,0.0822235863161618,0.697005956229538,0,35,medium,Logon activity outside working hours; Multiple PCs used for logon,Blossom Keiko Weiss,Blossom.Keiko.Weiss@dtaa.com,ITAdmin,1,1 - Adminstration,6 - Security,3 - ElectronicSecurity,Francis Brian Armstrong,2011-05.csv
BMG0917,2010-01-04,1.0,1.0,0.0,1.0,18.0,9.0,9.0,0.0,1.0,21.0,0.0,21.0,1.0,0.0,0.0,0.0,0.0,0.0,9.0,0.0,296542.0,32949.11111111111,3.0,2.0,17.0,6.0,0.0,1.0,45,USB activity detected; High file copy activity,1,0.009936421294722164,0,0.13661428307144652,0.697005956229538,0,45,medium,USB activity detected; High file copy activity,Beverly Melissa Garner,Beverly.Melissa.Garner@dtaa.com,Physicist,1,2 - ResearchAndEngineering,1 - Research,6 - Lab,Lillith Adena Matthews,2011-05.csv
BMG0917,2010-01-05,2.0,1.0,0.0,1.0,18.0,9.0,9.0,0.0,1.0,20.0,0.0,20.0,1.0,0.0,0.0,0.0,0.0,0.0,0.0,0.0,0.0,0.0,0.0,0.0,0.0,0.0,0.0,0.0,15,USB activity detected,1,0.0995809474447017,0,0.16175532207042242,0.697005956229538,0,15,low,USB activity detected,Beverly Melissa Garner,Beverly.Melissa.Garner@dtaa.com,Physicist,1,2 - ResearchAndEngineering,1 - Research,6 - Lab,Lillith Adena Matthews,2011-05.csv
BMG0917,2010-01-06,1.0,1.0,0.0,1.0,18.0,9.0,9.0,0.0,1.0,19.0,0.0,19.0,1.0,0.0,0.0,0.0,0.0,0.0,0.0,0.0,0.0,0.0,0.0,0.0,0.0,0.0,0.0,0.0,15,USB activity detected,1,0.10344725203476324,0,0.11396063307779081,0.697005956229538,0,15,low,USB activity detected,Beverly Melissa Garner,Beverly.Melissa.Garner@dtaa.com,Physicist,1,2 - ResearchAndEngineering,1 - Research,6 - Lab,Lillith Adena Matthews,2011-05.csv
BMG0917,2010-01-07,2.0,0.0,0.0,1.0,18.0,9.0,9.0,0.0,1.0,24.0,0.0,24.0,1.0,0.0,0.0,0.0,0.0,0.0,0.0,0.0,0.0,0.0,0.0,0.0,0.0,0.0,0.0,0.0,45,USB activity detected; High file copy activity,1,0.08512883014557138,0,0.13181131056795134,0.697005956229538,0,45,medium,USB activity detected; High file copy activity,Beverly Melissa Garner,Beverly.Melissa.Garner@dtaa.com,Physicist,1,2 - ResearchAndEngineering,1 - Research,6 - Lab,Lillith Adena Matthews,2011-05.csv
BMG0917,2010-01-08,0.0,0.0,0.0,0.0,16.0,8.0,8.0,0.0,1.0,24.0,0.0,24.0,1.0,0.0,0.0,0.0,0.0,0.0,0.0,0.0,0.0,0.0,0.0,0.0,0.0,0.0,0.0,0.0,45,USB activity detected; High file copy activity,1,0.10292729091449504,0,0.06097456309143938,0.697005956229538,0,45,medium,USB activity detected; High file copy activity,Beverly Melissa Garner,Beverly.Melissa.Garner@dtaa.com,Physicist,1,2 - ResearchAndEngineering,1 - Research,6 - Lab,Lillith Adena Matthews,2011-05.csv
BMG0917,2010-01-11,0.0,0.0,0.0,0.0,16.0,8.0,8.0,0.0,1.0,20.0,0.0,20.0,1.0,0.0,0.0,0.0,0.0,0.0,0.0,0.0,0.0,0.0,0.0,0.0,0.0,0.0,0.0,0.0,15,USB activity detected,1,0.11045018467123835,0,0.08919494116321204,0.697005956229538,0,15,low,USB activity detected,Beverly Melissa Garner,Beverly.Melissa.Garner@dtaa.com,Physicist,1,2 - ResearchAndEngineering,1 - Research,6 - Lab,Lillith Adena Matthews,2011-05.csv
BMG0917,2010-01-12,0.0,0.0,0.0,0.0,18.0,9.0,9.0,0.0,1.0,20.0,0.0,20.0,1.0,0.0,0.0,0.0,0.0,0.0,0.0,0.0,0.0,0.0,0.0,0.0,0.0,0.0,0.0,0.0,15,USB activity detected,1,0.10135301074777103,0,0.09463234391582274,0.697005956229538,0,15,low,USB activity detected,Beverly Melissa Garner,Beverly.Melissa.Garner@dtaa.com,Physicist,1,2 - ResearchAndEngineering,1 - Research,6 - Lab,Lillith Adena Matthews,2011-05.csv
BMG0917,2010-01-13,0.0,0.0,0.0,0.0,4.0,2.0,2.0,0.0,1.0,0.0,0.0,0.0,0.0,0.0,0.0,0.0,0.0,0.0,0.0,0.0,0.0,0.0,0.0,0.0,0.0,0.0,0.0,0.0,15,USB activity detected,1,0.24050968498880276,0,0.029387747032837967,0.697005956229538,0,15,low,USB activity detected,Beverly Melissa Garner,Beverly.Melissa.Garner@dtaa.com,Physicist,1,2 - ResearchAndEngineering,1 - Research,6 - Lab,Lillith Adena Matthews,2011-05.csv
BMT0528,2010-01-04,1.0,1.0,0.0,1.0,2.0,1.0,1.0,0.0,1.0,6.0,0.0,6.0,1.0,0.0,0.0,0.0,0.0,0.0,3.0,0.0,92837.0,30945.666666666668,4.0,2.0,4.0,2.0,0.0,1.0,15,USB activity detected,1,0.14127104145339503,0,0.13699400789874072,0.697005956229538,0,15,low,USB activity detected,Brittany Mona Terry,Brittany.Mona.Terry@dtaa.com,Technician,1,5 - SalesAndMarketing,3 - FieldService,2 - RegionalFieldService,Burke Randall Burnett,2011-05.csv
BMT0528,2010-01-05,1.0,1.0,0.0,1.0,6.0,3.0,3.0,0.0,1.0,7.0,0.0,7.0,1.0,0.0,0.0,0.0,0.0,0.0,0.0,0.0,0.0,0.0,0.0,0.0,0.0,0.0,0.0,0.0,15,USB activity detected,1,0.21209977219105464,0,0.04718987879051857,0.697005956229538,0,15,low,USB activity detected,Brittany Mona Terry,Brittany.Mona.Terry@dtaa.com,Technician,1,5 - SalesAndMarketing,3 - FieldService,2 - RegionalFieldService,Burke Randall Burnett,2011-05.csv
BMT0528,2010-01-06,2.0,2.0,0.0,2.0,8.0,4.0,4.0,0.0,1.0,4.0,0.0,4.0,1.0,0.0,0.0,0.0,0.0,0.0,0.0,0.0,0.0,0.0,0.0,0.0,0.0,0.0,0.0,0.0,15,USB activity detected,1,0.17671113545141054,0,0.14098413675501031,0.697005956229538,0,15,low,USB activity detected,Brittany Mona Terry,Brittany.Mona.Terry@dtaa.com,Technician,1,5 - SalesAndMarketing,3 - FieldService,2 - RegionalFieldService,Burke Randall Burnett,2011-05.csv
BMT0528,2010-01-08,0.0,0.0,0.0,0.0,4.0,2.0,2.0,0.0,1.0,3.0,0.0,3.0,1.0,0.0,0.0,0.0,0.0,0.0,0.0,0.0,0.0,0.0,0.0,0.0,0.0,0.0,0.0,0.0,15,USB activity detected,1,0.2308861893688779,0,0.03367677648907804,0.697005956229538,0,15,low,USB activity detected,Brittany Mona Terry,Brittany.Mona.Terry@dtaa.com,Technician,1,5 - SalesAndMarketing,3 - FieldService,2 - RegionalFieldService,Burke Randall Burnett,2011-05.csv
BMT0528,2010-01-11,0.0,0.0,0.0,0.0,6.0,3.0,3.0,0.0,1.0,2.0,0.0,2.0,1.0,0.0,0.0,0.0,0.0,0.0,0.0,0.0,0.0,0.0,0.0,0.0,0.0,0.0,0.0,0.0,15,USB activity detected,1,0.21292410761739433,0,0.03633197142615849,0.697005956229538,0,15,low,USB activity detected,Brittany Mona Terry,Brittany.Mona.Terry@dtaa.com,Technician,1,5 - SalesAndMarketing,3 - FieldService,2 - RegionalFieldService,Burke Randall Burnett,2011-05.csv
BMT0528,2010-01-12,0.0,0.0,0.0,0.0,3.0,2.0,1.0,0.0,1.0,9.0,0.0,9.0,1.0,0.0,0.0,0.0,0.0,0.0,0.0,0.0,0.0,0.0,0.0,0.0,0.0,0.0,0.0,0.0,15,USB activity detected,1,0.2065342782617458,0,0.02815078102596394,0.697005956229538,0,15,low,USB activity detected,Brittany Mona Terry,Brittany.Mona.Terry@dtaa.com,Technician,1,5 - SalesAndMarketing,3 - FieldService,2 - RegionalFieldService,Burke Randall Burnett,2011-05.csv
BMT0528,2010-01-13,0.0,0.0,0.0,0.0,4.0,2.0,2.0,0.0,1.0,0.0,0.0,0.0,0.0,0.0,0.0,0.0,0.0,0.0,0.0,0.0,0.0,0.0,0.0,0.0,0.0,0.0,0.0,0.0,15,USB activity detected,1,0.24050968498880276,0,0.029387747032837967,0.697005956229538,0,15,low,USB activity detected,Brittany Mona Terry,Brittany.Mona.Terry@dtaa.com,Technician,1,5 - SalesAndMarketing,3 - FieldService,2 - RegionalFieldService,Burke Randall Burnett,2011-05.csv
BQS0525,2010-01-02,1.0,1.0,0.0,1.0,12.0,6.0,6.0,0.0,1.0,0.0,0.0,0.0,0.0,27.0,0.0,14.0,14.0,1.0,3.0,0.0,80707.0,26902.333333333332,4.0,2.0,6.0,3.0,0.0,1.0,15,USB activity detected,1,0.04726721684823998,0,0.19120264730436595,0.697005956229538,0,15,low,USB activity detected,Britanney Quail Snyder,Britanney.Quail.Snyder@dtaa.com,Technician,1,5 - SalesAndMarketing,3 - FieldService,2 - RegionalFieldService,Burke Randall Burnett,2010-01.csv
BQS0525,2010-01-03,1.0,1.0,0.0,1.0,18.0,9.0,9.0,0.0,1.0,0.0,0.0,0.0,0.0,27.0,0.0,12.0,11.0,1.0,3.0,0.0,74601.0,24867.0,1.0,1.0,7.0,1.0,0.0,1.0,15,USB activity detected,1,0.03578874237962448,0,0.251359286417769,0.697005956229538,0,15,low,USB activity detected,Britanney Quail Snyder,Britanney.Quail.Snyder@dtaa.com,Technician,1,5 - SalesAndMarketing,3 - FieldService,2 - RegionalFieldService,Burke Randall Burnett,2010-01.csv
BQS0525,2010-01-04,1.0,1.0,0.0,1.0,18.0,9.0,9.0,0.0,1.0,4.0,0.0,4.0,1.0,0.0,0.0,0.0,0.0,0.0,3.0,0.0,71262.0,23754.0,1.0,1.0,5.0,1.0,0.0,1.0,15,USB activity detected,1,0.07560518841791408,0,0.08630574382233158,0.697005956229538,0,15,low,USB activity detected,Britanney Quail Snyder,Britanney.Quail.Snyder@dtaa.com,Technician,1,5 - SalesAndMarketing,3 - FieldService,2 - RegionalFieldService,Burke Randall Burnett,2010-01.csv
BQS0525,2010-01-05,1.0,1.0,0.0,1.0,16.0,8.0,8.0,0.0,1.0,0.0,0.0,0.0,0.0,0.0,0.0,0.0,0.0,0.0,0.0,0.0,0.0,0.0,0.0,0.0,0.0,0.0,0.0,0.0,15,USB activity detected,1,0.16146704881893265,0,0.0584363852007597,0.697005956229538,0,15,low,USB activity detected,Britanney Quail Snyder,Britanney.Quail.Snyder@dtaa.com,Technician,1,5 - SalesAndMarketing,3 - FieldService,2 - RegionalFieldService,Burke Randall Burnett,2010-01.csv
BQS0525,2010-01-06,1.0,1.0,0.0,1.0,14.0,7.0,7.0,0.0,1.0,3.0,0.0,3.0,1.0,0.0,0.0,0.0,0.0,0.0,0.0,0.0,0.0,0.0,0.0,0.0,0.0,0.0,0.0,0.0,15,USB activity detected,1,0.1706533148656466,0,0.061426703374548045,0.697005956229538,0,15,low,USB activity detected,Britanney Quail Snyder,Britanney.Quail.Snyder@dtaa.com,Technician,1,5 - SalesAndMarketing,3 - FieldService,2 - RegionalFieldService,Burke Randall Burnett,2010-01.csv
BQS0525,2010-01-07,2.0,1.0,0.0,2.0,18.0,9.0,9.0,0.0,1.0,3.0,0.0,3.0,1.0,0.0,0.0,0.0,0.0,0.0,0.0,0.0,0.0,0.0,0.0,0.0,0.0,0.0,0.0,0.0,15,USB activity detected,1,0.12106227849797002,0,0.15178253650490742,0.697005956229538,0,15,low,USB activity detected,Britanney Quail Snyder,Britanney.Quail.Snyder@dtaa.com,Technician,1,5 - SalesAndMarketing,3 - FieldService,2 - RegionalFieldService,Burke Randall Burnett,2010-01.csv
BQS0525,2010-01-08,0.0,0.0,0.0,0.0,14.0,7.0,7.0,0.0,1.0,0.0,0.0,0.0,0.0,0.0,0.0,0.0,0.0,0.0,0.0,0.0,0.0,0.0,0.0,0.0,0.0,0.0,0.0,0.0,15,USB activity detected,1,0.15757970960448348,0,0.02795770502625191,0.697005956229538,0,15,low,USB activity detected,Britanney Quail Snyder,Britanney.Quail.Snyder@dtaa.com,Technician,1,5 - SalesAndMarketing,3 - FieldService,2 - RegionalFieldService,Burke Randall Burnett,2010-01.csv
BQS0525,2010-01-09,0.0,0.0,0.0,0.0,18.0,9.0,9.0,0.0,1.0,3.0,0.0,3.0,1.0,0.0,0.0,0.0,0.0,0.0,0.0,0.0,0.0,0.0,0.0,0.0,0.0,0.0,0.0,0.0,15,USB activity detected,1,0.13638929314778314,0,0.04817462372339612,0.697005956229538,0,15,low,USB activity detected,Britanney Quail Snyder,Britanney.Quail.Snyder@dtaa.com,Technician,1,5 - SalesAndMarketing,3 - FieldService,2 - RegionalFieldService,Burke Randall Burnett,2010-01.csv
BQS0525,2010-01-10,0.0,0.0,0.0,0.0,17.0,9.0,8.0,0.0,1.0,0.0,0.0,0.0,0.0,0.0,0.0,0.0,0.0,0.0,0.0,0.0,0.0,0.0,0.0,0.0,0.0,0.0,0.0,0.0,15,USB activity detected,1,0.13699498374649582,0,0.03405772771219731,0.697005956229538,0,15,low,USB activity detected,Britanney Quail Snyder,Britanney.Quail.Snyder@dtaa.com,Technician,1,5 - SalesAndMarketing,3 - FieldService,2 - RegionalFieldService,Burke Randall Burnett,2010-01.csv
BQS0525,2010-01-11,0.0,0.0,0.0,0.0,16.0,8.0,8.0,0.0,1.0,0.0,0.0,0.0,0.0,0.0,0.0,0.0,0.0,0.0,0.0,0.0,0.0,0.0,0.0,0.0,0.0,0.0,0.0,0.0,15,USB activity detected,1,0.1503712295256983,0,0.029066476541412846,0.697005956229538,0,15,low,USB activity detected,Britanney Quail Snyder,Britanney.Quail.Snyder@dtaa.com,Technician,1,5 - SalesAndMarketing,3 - FieldService,2 - RegionalFieldService,Burke Randall Burnett,2010-01.csv
BQS0525,2010-01-12,0.0,0.0,0.0,0.0,13.0,7.0,6.0,0.0,1.0,0.0,0.0,0.0,0.0,0.0,0.0,0.0,0.0,0.0,0.0,0.0,0.0,0.0,0.0,0.0,0.0,0.0,0.0,0.0,15,USB activity detected,1,0.16040036517451867,0,0.029549205612785,0.697005956229538,0,15,low,USB activity detected,Britanney Quail Snyder,Britanney.Quail.Snyder@dtaa.com,Technician,1,5 - SalesAndMarketing,3 - FieldService,2 - RegionalFieldService,Burke Randall Burnett,2010-01.csv
BQS0525,2010-01-13,0.0,0.0,0.0,0.0,10.0,5.0,5.0,0.0,1.0,0.0,0.0,0.0,0.0,0.0,0.0,0.0,0.0,0.0,0.0,0.0,0.0,0.0,0.0,0.0,0.0,0.0,0.0,0.0,15,USB activity detected,1,0.18212522523809294,0,0.026785746186875715,0.697005956229538,0,15,low,USB activity detected,Britanney Quail Snyder,Britanney.Quail.Snyder@dtaa.com,Technician,1,5 - SalesAndMarketing,3 - FieldService,2 - RegionalFieldService,Burke Randall Burnett,2010-01.csv
BRB0355,2010-01-02,2.0,1.0,0.0,1.0,4.0,2.0,2.0,0.0,1.0,0.0,0.0,0.0,0.0,100.0,0.0,33.0,32.0,1.0,10.0,0.0,276331.0,27633.1,5.0,3.0,14.0,9.0,4.0,1.0,15,USB activity detected,1,0.040346859849517025,0,0.1705942842322607,0.697005956229538,0,15,low,USB activity detected,Burke Randall Burnett,Burke.Randall.Burnett@dtaa.com,FieldServiceEngineer,1,5 - SalesAndMarketing,3 - FieldService,2 - RegionalFieldService,Sharon Britanni Kerr,2011-05.csv
BRB0355,2010-01-03,2.0,1.0,0.0,1.0,6.0,3.0,3.0,0.0,1.0,3.0,0.0,3.0,1.0,100.0,0.0,30.0,30.0,1.0,10.0,0.0,283760.0,28376.0,9.0,4.0,17.0,7.0,7.0,1.0,15,USB activity detected,1,0.008217826077703161,0,0.2915118140565728,0.697005956229538,0,15,low,USB activity detected,Burke Randall Burnett,Burke.Randall.Burnett@dtaa.com,FieldServiceEngineer,1,5 - SalesAndMarketing,3 - FieldService,2 - RegionalFieldService,Sharon Britanni Kerr,2011-05.csv
BRB0355,2010-01-04,1.0,1.0,0.0,1.0,8.0,4.0,4.0,0.0,1.0,0.0,0.0,0.0,0.0,0.0,0.0,0.0,0.0,0.0,9.0,0.0,210152.0,23350.222222222223,0.0,0.0,12.0,8.0,2.0,1.0,15,USB activity detected,1,0.1117533319120183,0,0.18039936304401066,0.697005956229538,0,15,low,USB activity detected,Burke Randall Burnett,Burke.Randall.Burnett@dtaa.com,FieldServiceEngineer,1,5 - SalesAndMarketing,3 - FieldService,2 - RegionalFieldService,Sharon Britanni Kerr,2011-05.csv
BRB0355,2010-01-05,2.0,1.0,0.0,1.0,2.0,1.0,1.0,0.0,1.0,2.0,0.0,2.0,1.0,0.0,0.0,0.0,0.0,0.0,0.0,0.0,0.0,0.0,0.0,0.0,0.0,0.0,0.0,0.0,15,USB activity detected,1,0.23144825240705325,0,0.08529971320585997,0.697005956229538,0,15,low,USB activity detected,Burke Randall Burnett,Burke.Randall.Burnett@dtaa.com,FieldServiceEngineer,1,5 - SalesAndMarketing,3 - FieldService,2 - RegionalFieldService,Sharon Britanni Kerr,2011-05.csv
BRB0355,2010-01-06,2.0,1.0,0.0,1.0,2.0,1.0,1.0,0.0,1.0,1.0,0.0,1.0,1.0,0.0,0.0,0.0,0.0,0.0,0.0,0.0,0.0,0.0,0.0,0.0,0.0,0.0,0.0,0.0,15,USB activity detected,1,0.22998455839507664,0,0.08881450891465004,0.697005956229538,0,15,low,USB activity detected,Burke Randall Burnett,Burke.Randall.Burnett@dtaa.com,FieldServiceEngineer,1,5 - SalesAndMarketing,3 - FieldService,2 - RegionalFieldService,Sharon Britanni Kerr,2011-05.csv
BRB0355,2010-01-07,2.0,1.0,0.0,2.0,2.0,1.0,1.0,0.0,1.0,1.0,0.0,1.0,1.0,0.0,0.0,0.0,0.0,0.0,0.0,0.0,0.0,0.0,0.0,0.0,0.0,0.0,0.0,0.0,15,USB activity detected,1,0.21439459484177886,0,0.13144206458102714,0.697005956229538,0,15,low,USB activity detected,Burke Randall Burnett,Burke.Randall.Burnett@dtaa.com,FieldServiceEngineer,1,5 - SalesAndMarketing,3 - FieldService,2 - RegionalFieldService,Sharon Britanni Kerr,2011-05.csv
BRB0355,2010-01-08,0.0,0.0,0.0,0.0,6.0,3.0,3.0,0.0,1.0,4.0,0.0,4.0,1.0,0.0,0.0,0.0,0.0,0.0,0.0,0.0,0.0,0.0,0.0,0.0,0.0,0.0,0.0,0.0,15,USB activity detected,1,0.21306448375072373,0,0.02941785780064514,0.697005956229538,0,15,low,USB activity detected,Burke Randall Burnett,Burke.Randall.Burnett@dtaa.com,FieldServiceEngineer,1,5 - SalesAndMarketing,3 - FieldService,2 - RegionalFieldService,Sharon Britanni Kerr,2011-05.csv
BRB0355,2010-01-09,0.0,0.0,0.0,0.0,2.0,1.0,1.0,0.0,1.0,3.0,0.0,3.0,1.0,0.0,0.0,0.0,0.0,0.0,0.0,0.0,0.0,0.0,0.0,0.0,0.0,0.0,0.0,0.0,15,USB activity detected,1,0.22764297473751488,0,0.03607755261692584,0.697005956229538,0,15,low,USB activity detected,Burke Randall Burnett,Burke.Randall.Burnett@dtaa.com,FieldServiceEngineer,1,5 - SalesAndMarketing,3 - FieldService,2 - RegionalFieldService,Sharon Britanni Kerr,2011-05.csv
BRB0355,2010-01-10,0.0,0.0,0.0,0.0,2.0,1.0,1.0,0.0,1.0,0.0,0.0,0.0,0.0,0.0,0.0,0.0,0.0,0.0,0.0,0.0,0.0,0.0,0.0,0.0,0.0,0.0,0.0,0.0,15,USB activity detected,1,0.24138913393585137,0,0.034578884745784924,0.697005956229538,0,15,low,USB activity detected,Burke Randall Burnett,Burke.Randall.Burnett@dtaa.com,FieldServiceEngineer,1,5 - SalesAndMarketing,3 - FieldService,2 - RegionalFieldService,Sharon Britanni Kerr,2011-05.csv
BRB0355,2010-01-11,0.0,0.0,0.0,0.0,6.0,3.0,3.0,0.0,1.0,1.0,0.0,1.0,1.0,0.0,0.0,0.0,0.0,0.0,0.0,0.0,0.0,0.0,0.0,0.0,0.0,0.0,0.0,0.0,15,USB activity detected,1,0.2092469980224541,0,0.04111771016119977,0.697005956229538,0,15,low,USB activity detected,Burke Randall Burnett,Burke.Randall.Burnett@dtaa.com,FieldServiceEngineer,1,5 - SalesAndMarketing,3 - FieldService,2 - RegionalFieldService,Sharon Britanni Kerr,2011-05.csv
BRB0355,2010-01-12,0.0,0.0,0.0,0.0,6.0,3.0,3.0,0.0,1.0,1.0,0.0,1.0,1.0,0.0,0.0,0.0,0.0,0.0,0.0,0.0,0.0,0.0,0.0,0.0,0.0,0.0,0.0,0.0,15,USB activity detected,1,0.2092469980224541,0,0.04111771016119977,0.697005956229538,0,15,low,USB activity detected,Burke Randall Burnett,Burke.Randall.Burnett@dtaa.com,FieldServiceEngineer,1,5 - SalesAndMarketing,3 - FieldService,2 - RegionalFieldService,Sharon Britanni Kerr,2011-05.csv
BRB0355,2010-01-13,0.0,0.0,0.0,0.0,4.0,2.0,2.0,0.0,1.0,0.0,0.0,0.0,0.0,0.0,0.0,0.0,0.0,0.0,0.0,0.0,0.0,0.0,0.0,0.0,0.0,0.0,0.0,0.0,15,USB activity detected,1,0.24050968498880276,0,0.029387747032837967,0.697005956229538,0,15,low,USB activity detected,Burke Randall Burnett,Burke.Randall.Burnett@dtaa.com,FieldServiceEngineer,1,5 - SalesAndMarketing,3 - FieldService,2 - RegionalFieldService,Sharon Britanni Kerr,2011-05.csv
BRM0995,2010-01-04,2.0,1.0,1.0,1.0,14.0,7.0,7.0,0.0,1.0,3.0,0.0,3.0,1.0,0.0,0.0,0.0,0.0,0.0,9.0,0.0,254146.0,28238.444444444445,10.0,4.0,18.0,8.0,5.0,1.0,35,Logon activity outside working hours; USB activity detected,1,0.03815750350856972,0,0.11491549021660918,0.697005956229538,0,35,medium,Logon activity outside working hours; USB activity detected,Brianna Rebecca Mcintyre,Brianna.Rebecca.Mcintyre@dtaa.com,IndustrialEngineer,1,3 - Manufacturing,1 - IndustrialEngineering,,Grant Tyrone Doyle,2011-05.csv
BRM0995,2010-01-05,2.0,1.0,1.0,1.0,18.0,9.0,9.0,0.0,1.0,5.0,0.0,5.0,1.0,0.0,0.0,0.0,0.0,0.0,0.0,0.0,0.0,0.0,0.0,0.0,0.0,0.0,0.0,0.0,35,Logon activity outside working hours; USB activity detected,1,0.09109783202723665,0,0.06802306746956255,0.697005956229538,0,35,medium,Logon activity outside working hours; USB activity detected,Brianna Rebecca Mcintyre,Brianna.Rebecca.Mcintyre@dtaa.com,IndustrialEngineer,1,3 - Manufacturing,1 - IndustrialEngineering,,Grant Tyrone Doyle,2011-05.csv
BRM0995,2010-01-06,1.0,1.0,1.0,1.0,18.0,9.0,9.0,0.0,1.0,0.0,0.0,0.0,0.0,0.0,0.0,0.0,0.0,0.0,0.0,0.0,0.0,0.0,0.0,0.0,0.0,0.0,0.0,0.0,35,Logon activity outside working hours; USB activity detected,1,0.09749380380680606,0,0.06111111143683228,0.697005956229538,0,35,medium,Logon activity outside working hours; USB activity detected,Brianna Rebecca Mcintyre,Brianna.Rebecca.Mcintyre@dtaa.com,IndustrialEngineer,1,3 - Manufacturing,1 - IndustrialEngineering,,Grant Tyrone Doyle,2011-05.csv
BRM0995,2010-01-07,2.0,0.0,0.0,1.0,16.0,8.0,8.0,0.0,1.0,1.0,0.0,1.0,1.0,0.0,0.0,0.0,0.0,0.0,0.0,0.0,0.0,0.0,0.0,0.0,0.0,0.0,0.0,0.0,15,USB activity detected,1,0.15079066845738248,0,0.14222599226663177,0.697005956229538,0,15,low,USB activity detected,Brianna Rebecca Mcintyre,Brianna.Rebecca.Mcintyre@dtaa.com,IndustrialEngineer,1,3 - Manufacturing,1 - IndustrialEngineering,,Grant Tyrone Doyle,2011-05.csv
BRM0995,2010-01-08,0.0,0.0,0.0,0.0,18.0,9.0,9.0,0.0,1.0,2.0,0.0,2.0,1.0,0.0,0.0,0.0,0.0,0.0,0.0,0.0,0.0,0.0,0.0,0.0,0.0,0.0,0.0,0.0,15,USB activity detected,1,0.1366240381960085,0,0.05225475334641123,0.697005956229538,0,15,low,USB activity detected,Brianna Rebecca Mcintyre,Brianna.Rebecca.Mcintyre@dtaa.com,IndustrialEngineer,1,3 - Manufacturing,1 - IndustrialEngineering,,Grant Tyrone Doyle,2011-05.csv
BRM0995,2010-01-11,0.0,0.0,0.0,0.0,18.0,9.0,9.0,1.0,1.0,0.0,0.0,0.0,0.0,0.0,0.0,0.0,0.0,0.0,0.0,0.0,0.0,0.0,0.0,0.0,0.0,0.0,0.0,0.0,40,USB activity detected; USB activity outside working hours,1,0.09155708940419294,0,0.17636345935958772,0.697005956229538,0,40,medium,USB activity detected; USB activity outside working hours,Brianna Rebecca Mcintyre,Brianna.Rebecca.Mcintyre@dtaa.com,IndustrialEngineer,1,3 - Manufacturing,1 - IndustrialEngineering,,Grant Tyrone Doyle,2011-05.csv
BRM0995,2010-01-12,0.0,0.0,0.0,0.0,18.0,9.0,9.0,0.0,1.0,0.0,0.0,0.0,0.0,0.0,0.0,0.0,0.0,0.0,0.0,0.0,0.0,0.0,0.0,0.0,0.0,0.0,0.0,0.0,15,USB activity detected,1,0.1353685565527865,0,0.0331418890848386,0.697005956229538,0,15,low,USB activity detected,Brianna Rebecca Mcintyre,Brianna.Rebecca.Mcintyre@dtaa.com,IndustrialEngineer,1,3 - Manufacturing,1 - IndustrialEngineering,,Grant Tyrone Doyle,2011-05.csv
BRM0995,2010-01-13,0.0,0.0,0.0,0.0,6.0,3.0,3.0,0.0,1.0,0.0,0.0,0.0,0.0,0.0,0.0,0.0,0.0,0.0,0.0,0.0,0.0,0.0,0.0,0.0,0.0,0.0,0.0,0.0,15,USB activity detected,1,0.21255883227265943,0,0.027228099363080988,0.697005956229538,0,15,low,USB activity detected,Brianna Rebecca Mcintyre,Brianna.Rebecca.Mcintyre@dtaa.com,IndustrialEngineer,1,3 - Manufacturing,1 - IndustrialEngineering,,Grant Tyrone Doyle,2011-05.csv
BRS0734,2010-01-02,1.0,1.0,0.0,1.0,4.0,2.0,2.0,0.0,1.0,13.0,0.0,13.0,1.0,162.0,0.0,22.0,22.0,1.0,10.0,0.0,291452.0,29145.2,0.0,0.0,19.0,12.0,5.0,1.0,15,USB activity detected,-1,-0.011724302390169972,1,1.300430936945021,0.697005956229538,1,85,critical,USB activity detected; AI anomaly detected by Isolation Forest; AI anomaly detected by TensorFlow Autoencoder,Burke Rooney Stafford,Burke.Rooney.Stafford@dtaa.com,Salesman,1,5 - SalesAndMarketing,2 - Sales,4 - RegionalSales,Lysandra Chastity Brennan,2010-04.csv
BRS0734,2010-01-04,1.0,1.0,0.0,1.0,4.0,2.0,2.0,0.0,1.0,27.0,0.0,27.0,1.0,0.0,0.0,0.0,0.0,0.0,14.0,0.0,385881.0,27562.928571428572,12.0,5.0,26.0,9.0,7.0,1.0,45,USB activity detected; High file copy activity,-1,-0.012446756833135897,1,0.2999808171678101,0.697005956229538,0,85,critical,USB activity detected; High file copy activity; AI anomaly detected by Isolation Forest,Burke Rooney Stafford,Burke.Rooney.Stafford@dtaa.com,Salesman,1,5 - SalesAndMarketing,2 - Sales,4 - RegionalSales,Lysandra Chastity Brennan,2010-04.csv
BRS0734,2010-01-05,1.0,1.0,0.0,1.0,6.0,3.0,3.0,0.0,1.0,23.0,0.0,23.0,1.0,0.0,0.0,0.0,0.0,0.0,0.0,0.0,0.0,0.0,0.0,0.0,0.0,0.0,0.0,0.0,45,USB activity detected; High file copy activity,1,0.14799992362500292,0,0.03487462508384151,0.697005956229538,0,45,medium,USB activity detected; High file copy activity,Burke Rooney Stafford,Burke.Rooney.Stafford@dtaa.com,Salesman,1,5 - SalesAndMarketing,2 - Sales,4 - RegionalSales,Lysandra Chastity Brennan,2010-04.csv
BRS0734,2010-01-08,0.0,0.0,0.0,0.0,6.0,3.0,3.0,0.0,1.0,25.0,0.0,25.0,1.0,0.0,0.0,0.0,0.0,0.0,0.0,0.0,0.0,0.0,0.0,0.0,0.0,0.0,0.0,0.0,45,USB activity detected; High file copy activity,1,0.11028881852299244,0,0.050501763673046644,0.697005956229538,0,45,medium,USB activity detected; High file copy activity,Burke Rooney Stafford,Burke.Rooney.Stafford@dtaa.com,Salesman,1,5 - SalesAndMarketing,2 - Sales,4 - RegionalSales,Lysandra Chastity Brennan,2010-04.csv
BRS0734,2010-01-09,0.0,0.0,0.0,0.0,2.0,1.0,1.0,0.0,1.0,27.0,0.0,27.0,1.0,0.0,0.0,0.0,0.0,0.0,0.0,0.0,0.0,0.0,0.0,0.0,0.0,0.0,0.0,0.0,45,USB activity detected; High file copy activity,1,0.11667756785690575,0,0.07398013920069593,0.697005956229538,0,45,medium,USB activity detected; High file copy activity,Burke Rooney Stafford,Burke.Rooney.Stafford@dtaa.com,Salesman,1,5 - SalesAndMarketing,2 - Sales,4 - RegionalSales,Lysandra Chastity Brennan,2010-04.csv
BRS0734,2010-01-11,0.0,0.0,0.0,0.0,4.0,2.0,2.0,0.0,1.0,20.0,0.0,20.0,1.0,0.0,0.0,0.0,0.0,0.0,0.0,0.0,0.0,0.0,0.0,0.0,0.0,0.0,0.0,0.0,15,USB activity detected,1,0.1666061231993735,0,0.07754717593295413,0.697005956229538,0,15,low,USB activity detected,Burke Rooney Stafford,Burke.Rooney.Stafford@dtaa.com,Salesman,1,5 - SalesAndMarketing,2 - Sales,4 - RegionalSales,Lysandra Chastity Brennan,2010-04.csv
BRS0734,2010-01-12,0.0,0.0,0.0,0.0,4.0,2.0,2.0,0.0,1.0,16.0,0.0,16.0,1.0,0.0,0.0,0.0,0.0,0.0,0.0,0.0,0.0,0.0,0.0,0.0,0.0,0.0,0.0,0.0,15,USB activity detected,1,0.17812060466892665,0,0.048630203617174975,0.697005956229538,0,15,low,USB activity detected,Burke Rooney Stafford,Burke.Rooney.Stafford@dtaa.com,Salesman,1,5 - SalesAndMarketing,2 - Sales,4 - RegionalSales,Lysandra Chastity Brennan,2010-04.csv
BRS0734,2010-01-13,0.0,0.0,0.0,0.0,4.0,2.0,2.0,0.0,1.0,0.0,0.0,0.0,0.0,0.0,0.0,0.0,0.0,0.0,0.0,0.0,0.0,0.0,0.0,0.0,0.0,0.0,0.0,0.0,15,USB activity detected,1,0.24050968498880276,0,0.029387747032837967,0.697005956229538,0,15,low,USB activity detected,Burke Rooney Stafford,Burke.Rooney.Stafford@dtaa.com,Salesman,1,5 - SalesAndMarketing,2 - Sales,4 - RegionalSales,Lysandra Chastity Brennan,2010-04.csv
BSS0369,2010-01-03,2.0,2.0,2.0,2.0,18.0,9.0,9.0,2.0,2.0,10.0,5.0,10.0,2.0,120.0,0.0,33.0,33.0,1.0,10.0,0.0,248553.0,24855.3,0.0,0.0,18.0,10.0,5.0,1.0,85,Logon activity outside working hours; USB activity detected; USB activity outside working hours; File copy activity outside working hours,-1,-0.10989884873135525,1,3.1139911107876443,0.697005956229538,1,100,critical,Logon activity outside working hours; USB activity detected; USB activity outside working hours; File copy activity outside working hours; AI anomaly detected by Isolation Forest; AI anomaly detected by TensorFlow Autoencoder,Brenden Samuel Shaffer,Brenden.Samuel.Shaffer@dtaa.com,ITAdmin,1,1 - Adminstration,6 - Security,3 - ElectronicSecurity,Francis Brian Armstrong,2010-09.csv
BSS0369,2010-01-04,4.0,4.0,4.0,4.0,24.0,12.0,12.0,4.0,4.0,13.0,0.0,13.0,2.0,0.0,0.0,0.0,0.0,0.0,10.0,0.0,335175.0,33517.5,3.0,2.0,16.0,8.0,5.0,1.0,75,Logon activity outside working hours; USB activity detected; USB activity outside working hours; Multiple PCs used for logon,-1,-0.09660612965385229,1,1.01853914128591,0.697005956229538,1,100,critical,Logon activity outside working hours; USB activity detected; USB activity outside working hours; Multiple PCs used for logon; AI anomaly detected by Isolation Forest; AI anomaly detected by TensorFlow Autoencoder,Brenden Samuel Shaffer,Brenden.Samuel.Shaffer@dtaa.com,ITAdmin,1,1 - Adminstration,6 - Security,3 - ElectronicSecurity,Francis Brian Armstrong,2010-09.csv
BSS0369,2010-01-05,5.0,5.0,4.0,5.0,26.0,13.0,13.0,4.0,4.0,27.0,14.0,27.0,4.0,0.0,0.0,0.0,0.0,0.0,0.0,0.0,0.0,0.0,0.0,0.0,0.0,0.0,0.0,0.0,100,Logon activity outside working hours; USB activity detected; USB activity outside working hours; High file copy activity; File copy activity outside working hours; Multiple PCs used for logon; Possible data exfiltration pattern,-1,-0.1186836359004001,1,3.1249084749863045,0.697005956229538,1,100,critical,Logon activity outside working hours; USB activity detected; USB activity outside working hours; High file copy activity; File copy activity outside working hours; Multiple PCs used for logon; Possible data exfiltration pattern; AI anomaly detected by Isolation Forest; AI anomaly detected by TensorFlow Autoencoder,Brenden Samuel Shaffer,Brenden.Samuel.Shaffer@dtaa.com,ITAdmin,1,1 - Adminstration,6 - Security,3 - ElectronicSecurity,Francis Brian Armstrong,2010-09.csv
BSS0369,2010-01-06,6.0,6.0,8.0,6.0,26.0,13.0,13.0,6.0,5.0,14.0,7.0,14.0,4.0,0.0,0.0,0.0,0.0,0.0,0.0,0.0,0.0,0.0,0.0,0.0,0.0,0.0,0.0,0.0,100,Logon activity outside working hours; USB activity detected; USB activity outside working hours; File copy activity outside working hours; Multiple PCs used for logon,-1,-0.11584888393660953,1,0.5834415500687796,0.697005956229538,0,100,critical,Logon activity outside working hours; USB activity detected; USB activity outside working hours; File copy activity outside working hours; Multiple PCs used for logon; AI anomaly detected by Isolation Forest,Brenden Samuel Shaffer,Brenden.Samuel.Shaffer@dtaa.com,ITAdmin,1,1 - Adminstration,6 - Security,3 - ElectronicSecurity,Francis Brian Armstrong,2010-09.csv
BSS0369,2010-01-07,2.0,2.0,0.0,2.0,28.0,14.0,14.0,2.0,6.0,26.0,5.0,26.0,6.0,0.0,0.0,0.0,0.0,0.0,0.0,0.0,0.0,0.0,0.0,0.0,0.0,0.0,0.0,0.0,95,USB activity detected; USB activity outside working hours; High file copy activity; File copy activity outside working hours,-1,-0.06576159693802974,1,2.446030293193881,0.697005956229538,1,100,critical,USB activity detected; USB activity outside working hours; High file copy activity; File copy activity outside working hours; AI anomaly detected by Isolation Forest; AI anomaly detected by TensorFlow Autoencoder,Brenden Samuel Shaffer,Brenden.Samuel.Shaffer@dtaa.com,ITAdmin,1,1 - Adminstration,6 - Security,3 - ElectronicSecurity,Francis Brian Armstrong,2010-09.csv
BSS0369,2010-01-08,0.0,0.0,0.0,0.0,18.0,9.0,9.0,2.0,2.0,0.0,0.0,0.0,0.0,0.0,0.0,0.0,0.0,0.0,0.0,0.0,0.0,0.0,0.0,0.0,0.0,0.0,0.0,0.0,40,USB activity detected; USB activity outside working hours,1,0.0630794076526553,0,0.29810560322567725,0.697005956229538,0,40,medium,USB activity detected; USB activity outside working hours,Brenden Samuel Shaffer,Brenden.Samuel.Shaffer@dtaa.com,ITAdmin,1,1 - Adminstration,6 - Security,3 - ElectronicSecurity,Francis Brian Armstrong,2010-09.csv
BSS0369,2010-01-10,0.0,0.0,0.0,0.0,22.0,11.0,11.0,0.0,4.0,13.0,0.0,13.0,4.0,0.0,0.0,0.0,0.0,0.0,0.0,0.0,0.0,0.0,0.0,0.0,0.0,0.0,0.0,0.0,15,USB activity detected,1,0.04591617303442175,0,1.2999289564064815,0.697005956229538,1,45,medium,USB activity detected; AI anomaly detected by TensorFlow Autoencoder,Brenden Samuel Shaffer,Brenden.Samuel.Shaffer@dtaa.com,ITAdmin,1,1 - Adminstration,6 - Security,3 - ElectronicSecurity,Francis Brian Armstrong,2010-09.csv
BSS0369,2010-01-11,0.0,0.0,0.0,0.0,24.0,12.0,12.0,6.0,4.0,3.0,0.0,3.0,1.0,0.0,0.0,0.0,0.0,0.0,0.0,0.0,0.0,0.0,0.0,0.0,0.0,0.0,0.0,0.0,40,USB activity detected; USB activity outside working hours,1,0.0020071817555028515,0,1.6192151367723766,0.697005956229538,1,70,high,USB activity detected; USB activity outside working hours; AI anomaly detected by TensorFlow Autoencoder,Brenden Samuel Shaffer,Brenden.Samuel.Shaffer@dtaa.com,ITAdmin,1,1 - Adminstration,6 - Security,3 - ElectronicSecurity,Francis Brian Armstrong,2010-09.csv
BSS0369,2010-01-12,0.0,0.0,0.0,0.0,27.0,14.0,13.0,8.0,6.0,6.0,0.0,6.0,1.0,0.0,0.0,0.0,0.0,0.0,0.0,0.0,0.0,0.0,0.0,0.0,0.0,0.0,0.0,0.0,40,USB activity detected; USB activity outside working hours,-1,-0.027489273494410882,1,4.2713398690783535,0.697005956229538,1,100,critical,USB activity detected; USB activity outside working hours; AI anomaly detected by Isolation Forest; AI anomaly detected by TensorFlow Autoencoder,Brenden Samuel Shaffer,Brenden.Samuel.Shaffer@dtaa.com,ITAdmin,1,1 - Adminstration,6 - Security,3 - ElectronicSecurity,Francis Brian Armstrong,2010-09.csv
BSS0369,2010-01-13,0.0,0.0,0.0,0.0,20.0,10.0,10.0,2.0,2.0,0.0,0.0,0.0,0.0,0.0,0.0,0.0,0.0,0.0,0.0,0.0,0.0,0.0,0.0,0.0,0.0,0.0,0.0,0.0,40,USB activity detected; USB activity outside working hours,1,0.05738272567575209,0,0.287109735177327,0.697005956229538,0,40,medium,USB activity detected; USB activity outside working hours,Brenden Samuel Shaffer,Brenden.Samuel.Shaffer@dtaa.com,ITAdmin,1,1 - Adminstration,6 - Security,3 - ElectronicSecurity,Francis Brian Armstrong,2010-09.csv
BTR0403,2010-01-04,2.0,1.0,0.0,1.0,4.0,2.0,2.0,0.0,1.0,2.0,0.0,2.0,1.0,0.0,0.0,0.0,0.0,0.0,9.0,0.0,252639.0,28071.0,3.0,2.0,17.0,6.0,6.0,1.0,15,USB activity detected,1,0.11388570072629256,0,0.12741070899546944,0.697005956229538,0,15,low,USB activity detected,Beck Troy Richards,Beck.Troy.Richards@dtaa.com,ComputerScientist,1,2 - ResearchAndEngineering,2 - SoftwareManagement,2 - Software,Jocelyn Bree Mccray,2011-05.csv
BTR0403,2010-01-05,2.0,1.0,0.0,1.0,2.0,1.0,1.0,0.0,1.0,2.0,0.0,2.0,1.0,0.0,0.0,0.0,0.0,0.0,2.0,0.0,54436.0,27218.0,0.0,0.0,2.0,3.0,1.0,1.0,15,USB activity detected,1,0.16855802515104717,0,0.10079797152856367,0.697005956229538,0,15,low,USB activity detected,Beck Troy Richards,Beck.Troy.Richards@dtaa.com,ComputerScientist,1,2 - ResearchAndEngineering,2 - SoftwareManagement,2 - Software,Jocelyn Bree Mccray,2011-05.csv
BTR0403,2010-01-08,0.0,0.0,0.0,0.0,2.0,1.0,1.0,0.0,1.0,0.0,0.0,0.0,0.0,0.0,0.0,0.0,0.0,0.0,0.0,0.0,0.0,0.0,0.0,0.0,0.0,0.0,0.0,0.0,15,USB activity detected,1,0.24138913393585137,0,0.034578884745784924,0.697005956229538,0,15,low,USB activity detected,Beck Troy Richards,Beck.Troy.Richards@dtaa.com,ComputerScientist,1,2 - ResearchAndEngineering,2 - SoftwareManagement,2 - Software,Jocelyn Bree Mccray,2011-05.csv
BTR0403,2010-01-11,0.0,0.0,0.0,0.0,4.0,2.0,2.0,0.0,1.0,0.0,0.0,0.0,0.0,0.0,0.0,0.0,0.0,0.0,0.0,0.0,0.0,0.0,0.0,0.0,0.0,0.0,0.0,0.0,15,USB activity detected,1,0.24050968498880276,0,0.029387747032837967,0.697005956229538,0,15,low,USB activity detected,Beck Troy Richards,Beck.Troy.Richards@dtaa.com,ComputerScientist,1,2 - ResearchAndEngineering,2 - SoftwareManagement,2 - Software,Jocelyn Bree Mccray,2011-05.csv
BTR0403,2010-01-12,0.0,0.0,0.0,0.0,4.0,2.0,2.0,0.0,1.0,1.0,0.0,1.0,1.0,0.0,0.0,0.0,0.0,0.0,0.0,0.0,0.0,0.0,0.0,0.0,0.0,0.0,0.0,0.0,15,USB activity detected,1,0.22508479258999203,0,0.041893755833660756,0.697005956229538,0,15,low,USB activity detected,Beck Troy Richards,Beck.Troy.Richards@dtaa.com,ComputerScientist,1,2 - ResearchAndEngineering,2 - SoftwareManagement,2 - Software,Jocelyn Bree Mccray,2011-05.csv
BTR0403,2010-01-13,0.0,0.0,0.0,0.0,2.0,1.0,1.0,0.0,1.0,0.0,0.0,0.0,0.0,0.0,0.0,0.0,0.0,0.0,0.0,0.0,0.0,0.0,0.0,0.0,0.0,0.0,0.0,0.0,15,USB activity detected,1,0.24138913393585137,0,0.034578884745784924,0.697005956229538,0,15,low,USB activity detected,Beck Troy Richards,Beck.Troy.Richards@dtaa.com,ComputerScientist,1,2 - ResearchAndEngineering,2 - SoftwareManagement,2 - Software,Jocelyn Bree Mccray,2011-05.csv
BTW0005,2010-01-04,2.0,2.0,0.0,2.0,0.0,0.0,0.0,0.0,0.0,0.0,0.0,0.0,0.0,26.0,0.0,21.0,21.0,1.0,27.0,0.0,845190.0,31303.333333333332,16.0,10.0,40.0,11.0,0.0,1.0,0,,-1,-0.01568364390831556,1,1.0871341918553503,0.697005956229538,1,70,high,AI anomaly detected by Isolation Forest; AI anomaly detected by TensorFlow Autoencoder,Byron Tyrone Williamson,Byron.Tyrone.Williamson@dtaa.com,VicePresident,1,3 - Manufacturing,,,Mona Susan Shannon,2011-05.csv
BVC0790,2010-01-03,2.0,1.0,0.0,1.0,4.0,2.0,2.0,0.0,1.0,2.0,0.0,2.0,1.0,95.0,0.0,36.0,35.0,1.0,9.0,0.0,224056.0,24895.11111111111,12.0,4.0,16.0,7.0,6.0,1.0,15,USB activity detected,-1,-0.014117171977298226,1,0.351045885561838,0.697005956229538,0,55,medium,USB activity detected; AI anomaly detected by Isolation Forest,Blythe Veda Cooke,Blythe.Veda.Cooke@dtaa.com,FieldServiceEngineer,1,5 - SalesAndMarketing,3 - FieldService,5 - RegionalFieldService,Sharon Britanni Kerr,2011-05.csv
BVC0790,2010-01-04,2.0,1.0,0.0,1.0,2.0,1.0,1.0,0.0,1.0,2.0,0.0,2.0,1.0,0.0,0.0,0.0,0.0,0.0,9.0,0.0,222813.0,24757.0,7.0,3.0,17.0,5.0,7.0,1.0,15,USB activity detected,1,0.11659561576444055,0,0.12133859394694536,0.697005956229538,0,15,low,USB activity detected,Blythe Veda Cooke,Blythe.Veda.Cooke@dtaa.com,FieldServiceEngineer,1,5 - SalesAndMarketing,3 - FieldService,5 - RegionalFieldService,Sharon Britanni Kerr,2011-05.csv
BVC0790,2010-01-05,3.0,2.0,1.0,2.0,4.0,2.0,2.0,2.0,1.0,0.0,0.0,0.0,0.0,0.0,0.0,0.0,0.0,0.0,0.0,0.0,0.0,0.0,0.0,0.0,0.0,0.0,0.0,0.0,60,Logon activity outside working hours; USB activity detected; USB activity outside working hours,1,0.11593945694632746,0,0.4518653245566067,0.697005956229538,0,60,medium,Logon activity outside working hours; USB activity detected; USB activity outside working hours,Blythe Veda Cooke,Blythe.Veda.Cooke@dtaa.com,FieldServiceEngineer,1,5 - SalesAndMarketing,3 - FieldService,5 - RegionalFieldService,Sharon Britanni Kerr,2011-05.csv
BVC0790,2010-01-06,2.0,2.0,1.0,1.0,2.0,1.0,1.0,0.0,1.0,2.0,0.0,2.0,1.0,0.0,0.0,0.0,0.0,0.0,0.0,0.0,0.0,0.0,0.0,0.0,0.0,0.0,0.0,0.0,35,Logon activity outside working hours; USB activity detected,1,0.1655224604929258,0,0.09321277617312364,0.697005956229538,0,35,medium,Logon activity outside working hours; USB activity detected,Blythe Veda Cooke,Blythe.Veda.Cooke@dtaa.com,FieldServiceEngineer,1,5 - SalesAndMarketing,3 - FieldService,5 - RegionalFieldService,Sharon Britanni Kerr,2011-05.csv
BVC0790,2010-01-07,2.0,0.0,0.0,1.0,2.0,1.0,1.0,0.0,1.0,0.0,0.0,0.0,0.0,0.0,0.0,0.0,0.0,0.0,0.0,0.0,0.0,0.0,0.0,0.0,0.0,0.0,0.0,0.0,15,USB activity detected,1,0.23528827694787885,0,0.11345560621694446,0.697005956229538,0,15,low,USB activity detected,Blythe Veda Cooke,Blythe.Veda.Cooke@dtaa.com,FieldServiceEngineer,1,5 - SalesAndMarketing,3 - FieldService,5 - RegionalFieldService,Sharon Britanni Kerr,2011-05.csv
BVC0790,2010-01-08,0.0,0.0,0.0,0.0,4.0,2.0,2.0,0.0,1.0,2.0,0.0,2.0,1.0,0.0,0.0,0.0,0.0,0.0,0.0,0.0,0.0,0.0,0.0,0.0,0.0,0.0,0.0,0.0,15,USB activity detected,1,0.2290339102880541,0,0.037354670624245676,0.697005956229538,0,15,low,USB activity detected,Blythe Veda Cooke,Blythe.Veda.Cooke@dtaa.com,FieldServiceEngineer,1,5 - SalesAndMarketing,3 - FieldService,5 - RegionalFieldService,Sharon Britanni Kerr,2011-05.csv
BVC0790,2010-01-10,0.0,0.0,0.0,0.0,4.0,2.0,2.0,0.0,1.0,0.0,0.0,0.0,0.0,0.0,0.0,0.0,0.0,0.0,0.0,0.0,0.0,0.0,0.0,0.0,0.0,0.0,0.0,0.0,15,USB activity detected,1,0.24050968498880276,0,0.029387747032837967,0.697005956229538,0,15,low,USB activity detected,Blythe Veda Cooke,Blythe.Veda.Cooke@dtaa.com,FieldServiceEngineer,1,5 - SalesAndMarketing,3 - FieldService,5 - RegionalFieldService,Sharon Britanni Kerr,2011-05.csv
BVC0790,2010-01-11,0.0,0.0,0.0,0.0,4.0,2.0,2.0,0.0,1.0,0.0,0.0,0.0,0.0,0.0,0.0,0.0,0.0,0.0,0.0,0.0,0.0,0.0,0.0,0.0,0.0,0.0,0.0,0.0,15,USB activity detected,1,0.24050968498880276,0,0.029387747032837967,0.697005956229538,0,15,low,USB activity detected,Blythe Veda Cooke,Blythe.Veda.Cooke@dtaa.com,FieldServiceEngineer,1,5 - SalesAndMarketing,3 - FieldService,5 - RegionalFieldService,Sharon Britanni Kerr,2011-05.csv
BVC0790,2010-01-12,0.0,0.0,0.0,0.0,4.0,2.0,2.0,0.0,1.0,6.0,0.0,6.0,1.0,0.0,0.0,0.0,0.0,0.0,0.0,0.0,0.0,0.0,0.0,0.0,0.0,0.0,0.0,0.0,15,USB activity detected,1,0.2250858456824696,0,0.025796192594961513,0.697005956229538,0,15,low,USB activity detected,Blythe Veda Cooke,Blythe.Veda.Cooke@dtaa.com,FieldServiceEngineer,1,5 - SalesAndMarketing,3 - FieldService,5 - RegionalFieldService,Sharon Britanni Kerr,2011-05.csv
BWP0202,2010-01-05,2.0,1.0,0.0,1.0,2.0,1.0,1.0,0.0,1.0,8.0,0.0,8.0,1.0,0.0,0.0,0.0,0.0,0.0,0.0,0.0,0.0,0.0,0.0,0.0,0.0,0.0,0.0,0.0,15,USB activity detected,1,0.21190207535558192,0,0.06708591240265391,0.697005956229538,0,15,low,USB activity detected,Baxter William Price,Baxter.William.Price@dtaa.com,Attorney,1,6 - PurchasingAndContracts,3 - Contracts,,Whoopi Britanney Camacho,2011-05.csv
BWP0202,2010-01-08,0.0,0.0,0.0,0.0,4.0,2.0,2.0,0.0,1.0,6.0,0.0,6.0,1.0,0.0,0.0,0.0,0.0,0.0,0.0,0.0,0.0,0.0,0.0,0.0,0.0,0.0,0.0,0.0,15,USB activity detected,1,0.2250858456824696,0,0.025796192594961513,0.697005956229538,0,15,low,USB activity detected,Baxter William Price,Baxter.William.Price@dtaa.com,Attorney,1,6 - PurchasingAndContracts,3 - Contracts,,Whoopi Britanney Camacho,2011-05.csv
BWP0202,2010-01-13,0.0,0.0,0.0,0.0,3.0,2.0,1.0,0.0,1.0,0.0,0.0,0.0,0.0,0.0,0.0,0.0,0.0,0.0,0.0,0.0,0.0,0.0,0.0,0.0,0.0,0.0,0.0,0.0,15,USB activity detected,1,0.23826932337468903,0,0.034015706009011604,0.697005956229538,0,15,low,USB activity detected,Baxter William Price,Baxter.William.Price@dtaa.com,Attorney,1,6 - PurchasingAndContracts,3 - Contracts,,Whoopi Britanney Camacho,2011-05.csv
CAA0612,2010-01-04,2.0,1.0,0.0,1.0,2.0,1.0,1.0,0.0,1.0,8.0,0.0,8.0,1.0,0.0,0.0,0.0,0.0,0.0,15.0,0.0,436921.0,29128.066666666666,9.0,5.0,27.0,12.0,10.0,1.0,15,USB activity detected,1,0.027525797502920835,0,0.1400620068178367,0.697005956229538,0,15,low,USB activity detected,Chelsea Aspen Allen,Chelsea.Aspen.Allen@dtaa.com,Salesman,1,5 - SalesAndMarketing,2 - Sales,3 - RegionalSales,Winter Veda Burks,2011-05.csv
CAA0612,2010-01-05,2.0,1.0,0.0,1.0,2.0,1.0,1.0,0.0,1.0,4.0,0.0,4.0,1.0,0.0,0.0,0.0,0.0,0.0,0.0,0.0,0.0,0.0,0.0,0.0,0.0,0.0,0.0,0.0,15,USB activity detected,1,0.2322243189174663,0,0.07821326811304727,0.697005956229538,0,15,low,USB activity detected,Chelsea Aspen Allen,Chelsea.Aspen.Allen@dtaa.com,Salesman,1,5 - SalesAndMarketing,2 - Sales,3 - RegionalSales,Winter Veda Burks,2011-05.csv
CAA0612,2010-01-07,2.0,1.0,0.0,1.0,2.0,1.0,1.0,0.0,1.0,2.0,0.0,2.0,1.0,0.0,0.0,0.0,0.0,0.0,0.0,0.0,0.0,0.0,0.0,0.0,0.0,0.0,0.0,0.0,15,USB activity detected,1,0.23144825240705325,0,0.08529971320585997,0.697005956229538,0,15,low,USB activity detected,Chelsea Aspen Allen,Chelsea.Aspen.Allen@dtaa.com,Salesman,1,5 - SalesAndMarketing,2 - Sales,3 - RegionalSales,Winter Veda Burks,2011-05.csv
CAA0612,2010-01-08,0.0,0.0,0.0,0.0,2.0,1.0,1.0,0.0,1.0,5.0,0.0,5.0,1.0,0.0,0.0,0.0,0.0,0.0,0.0,0.0,0.0,0.0,0.0,0.0,0.0,0.0,0.0,0.0,15,USB activity detected,1,0.2213894973586028,0,0.02906544660483747,0.697005956229538,0,15,low,USB activity detected,Chelsea Aspen Allen,Chelsea.Aspen.Allen@dtaa.com,Salesman,1,5 - SalesAndMarketing,2 - Sales,3 - RegionalSales,Winter Veda Burks,2011-05.csv
CAA0612,2010-01-12,0.0,0.0,0.0,0.0,2.0,1.0,1.0,0.0,1.0,7.0,0.0,7.0,1.0,0.0,0.0,0.0,0.0,0.0,0.0,0.0,0.0,0.0,0.0,0.0,0.0,0.0,0.0,0.0,15,USB activity detected,1,0.21587164789847074,0,0.026902921430699063,0.697005956229538,0,15,low,USB activity detected,Chelsea Aspen Allen,Chelsea.Aspen.Allen@dtaa.com,Salesman,1,5 - SalesAndMarketing,2 - Sales,3 - RegionalSales,Winter Veda Burks,2011-05.csv
CAB0614,2010-01-04,2.0,1.0,0.0,1.0,4.0,2.0,2.0,0.0,1.0,0.0,0.0,0.0,0.0,0.0,0.0,0.0,0.0,0.0,16.0,0.0,517818.0,32363.625,11.0,6.0,30.0,27.0,13.0,1.0,15,USB activity detected,1,0.017925272359374467,0,0.43866760511254527,0.697005956229538,0,15,low,USB activity detected,Cora Aurora Buckner,Cora.Aurora.Buckner@dtaa.com,Salesman,1,5 - SalesAndMarketing,2 - Sales,3 - RegionalSales,Winter Veda Burks,2011-05.csv
CAB0614,2010-01-05,2.0,1.0,0.0,1.0,6.0,3.0,3.0,0.0,1.0,7.0,0.0,7.0,1.0,0.0,0.0,0.0,0.0,0.0,16.0,0.0,535765.0,33485.3125,6.0,5.0,24.0,14.0,18.0,1.0,15,USB activity detected,-1,-0.00022502591646722525,1,0.9318705917944714,0.697005956229538,1,85,critical,USB activity detected; AI anomaly detected by Isolation Forest; AI anomaly detected by TensorFlow Autoencoder,Cora Aurora Buckner,Cora.Aurora.Buckner@dtaa.com,Salesman,1,5 - SalesAndMarketing,2 - Sales,3 - RegionalSales,Winter Veda Burks,2011-05.csv
CAB0614,2010-01-06,2.0,1.0,0.0,1.0,4.0,2.0,2.0,0.0,1.0,5.0,0.0,5.0,1.0,0.0,0.0,0.0,0.0,0.0,0.0,0.0,0.0,0.0,0.0,0.0,0.0,0.0,0.0,0.0,15,USB activity detected,1,0.22721492772466134,0,0.07773529359102915,0.697005956229538,0,15,low,USB activity detected,Cora Aurora Buckner,Cora.Aurora.Buckner@dtaa.com,Salesman,1,5 - SalesAndMarketing,2 - Sales,3 - RegionalSales,Winter Veda Burks,2011-05.csv
CAB0614,2010-01-08,0.0,0.0,0.0,0.0,2.0,1.0,1.0,0.0,1.0,2.0,0.0,2.0,1.0,0.0,0.0,0.0,0.0,0.0,0.0,0.0,0.0,0.0,0.0,0.0,0.0,0.0,0.0,0.0,15,USB activity detected,1,0.2257817351181608,0,0.0407946951664791,0.697005956229538,0,15,low,USB activity detected,Cora Aurora Buckner,Cora.Aurora.Buckner@dtaa.com,Salesman,1,5 - SalesAndMarketing,2 - Sales,3 - RegionalSales,Winter Veda Burks,2011-05.csv
CAB0614,2010-01-11,0.0,0.0,0.0,0.0,2.0,1.0,1.0,0.0,1.0,0.0,0.0,0.0,0.0,0.0,0.0,0.0,0.0,0.0,0.0,0.0,0.0,0.0,0.0,0.0,0.0,0.0,0.0,0.0,15,USB activity detected,1,0.24138913393585137,0,0.034578884745784924,0.697005956229538,0,15,low,USB activity detected,Cora Aurora Buckner,Cora.Aurora.Buckner@dtaa.com,Salesman,1,5 - SalesAndMarketing,2 - Sales,3 - RegionalSales,Winter Veda Burks,2011-05.csv
CAB0614,2010-01-13,0.0,0.0,0.0,0.0,2.0,1.0,1.0,0.0,1.0,0.0,0.0,0.0,0.0,0.0,0.0,0.0,0.0,0.0,0.0,0.0,0.0,0.0,0.0,0.0,0.0,0.0,0.0,0.0,15,USB activity detected,1,0.24138913393585137,0,0.034578884745784924,0.697005956229538,0,15,low,USB activity detected,Cora Aurora Buckner,Cora.Aurora.Buckner@dtaa.com,Salesman,1,5 - SalesAndMarketing,2 - Sales,3 - RegionalSales,Winter Veda Burks,2011-05.csv
CAM0681,2010-01-05,2.0,1.0,0.0,1.0,2.0,1.0,1.0,0.0,1.0,3.0,0.0,3.0,1.0,0.0,0.0,0.0,0.0,0.0,0.0,0.0,0.0,0.0,0.0,0.0,0.0,0.0,0.0,0.0,15,USB activity detected,1,0.23426035937108708,0,0.08227223845201406,0.697005956229538,0,15,low,USB activity detected,Cole Aaron Mcfarland,Cole.Aaron.Mcfarland@dtaa.com,ComputerScientist,1,2 - ResearchAndEngineering,2 - SoftwareManagement,4 - Software,Aurora Tatiana Payne,2011-05.csv
CAM0681,2010-01-06,1.0,1.0,0.0,1.0,4.0,2.0,2.0,0.0,1.0,3.0,0.0,3.0,1.0,0.0,0.0,0.0,0.0,0.0,0.0,0.0,0.0,0.0,0.0,0.0,0.0,0.0,0.0,0.0,15,USB activity detected,1,0.23643228612295497,0,0.05707511694974386,0.697005956229538,0,15,low,USB activity detected,Cole Aaron Mcfarland,Cole.Aaron.Mcfarland@dtaa.com,ComputerScientist,1,2 - ResearchAndEngineering,2 - SoftwareManagement,4 - Software,Aurora Tatiana Payne,2011-05.csv
CAM0681,2010-01-07,2.0,0.0,0.0,1.0,2.0,1.0,1.0,0.0,1.0,2.0,0.0,2.0,1.0,0.0,0.0,0.0,0.0,0.0,0.0,0.0,0.0,0.0,0.0,0.0,0.0,0.0,0.0,0.0,15,USB activity detected,1,0.2171896556660871,0,0.11159276038206782,0.697005956229538,0,15,low,USB activity detected,Cole Aaron Mcfarland,Cole.Aaron.Mcfarland@dtaa.com,ComputerScientist,1,2 - ResearchAndEngineering,2 - SoftwareManagement,4 - Software,Aurora Tatiana Payne,2011-05.csv
CAM0681,2010-01-08,0.0,0.0,0.0,0.0,4.0,2.0,2.0,0.0,1.0,5.0,0.0,5.0,1.0,0.0,0.0,0.0,0.0,0.0,0.0,0.0,0.0,0.0,0.0,0.0,0.0,0.0,0.0,0.0,15,USB activity detected,1,0.22467427013337,0,0.027613971130823235,0.697005956229538,0,15,low,USB activity detected,Cole Aaron Mcfarland,Cole.Aaron.Mcfarland@dtaa.com,ComputerScientist,1,2 - ResearchAndEngineering,2 - SoftwareManagement,4 - Software,Aurora Tatiana Payne,2011-05.csv
CAM0681,2010-01-11,0.0,0.0,0.0,0.0,4.0,2.0,2.0,0.0,1.0,2.0,0.0,2.0,1.0,0.0,0.0,0.0,0.0,0.0,0.0,0.0,0.0,0.0,0.0,0.0,0.0,0.0,0.0,0.0,15,USB activity detected,1,0.2290339102880541,0,0.037354675290764694,0.697005956229538,0,15,low,USB activity detected,Cole Aaron Mcfarland,Cole.Aaron.Mcfarland@dtaa.com,ComputerScientist,1,2 - ResearchAndEngineering,2 - SoftwareManagement,4 - Software,Aurora Tatiana Payne,2011-05.csv
CAM0681,2010-01-12,0.0,0.0,0.0,0.0,2.0,1.0,1.0,0.0,1.0,3.0,0.0,3.0,1.0,0.0,0.0,0.0,0.0,0.0,0.0,0.0,0.0,0.0,0.0,0.0,0.0,0.0,0.0,0.0,15,USB activity detected,1,0.22764297473751488,0,0.03607755261692584,0.697005956229538,0,15,low,USB activity detected,Cole Aaron Mcfarland,Cole.Aaron.Mcfarland@dtaa.com,ComputerScientist,1,2 - ResearchAndEngineering,2 - SoftwareManagement,4 - Software,Aurora Tatiana Payne,2011-05.csv
CAM0681,2010-01-13,0.0,0.0,0.0,0.0,2.0,1.0,1.0,0.0,1.0,0.0,0.0,0.0,0.0,0.0,0.0,0.0,0.0,0.0,0.0,0.0,0.0,0.0,0.0,0.0,0.0,0.0,0.0,0.0,15,USB activity detected,1,0.24138913393585137,0,0.034578884745784924,0.697005956229538,0,15,low,USB activity detected,Cole Aaron Mcfarland,Cole.Aaron.Mcfarland@dtaa.com,ComputerScientist,1,2 - ResearchAndEngineering,2 - SoftwareManagement,4 - Software,Aurora Tatiana Payne,2011-05.csv
CAS0507,2010-01-04,3.0,2.0,0.0,2.0,2.0,1.0,1.0,0.0,1.0,27.0,0.0,27.0,1.0,0.0,0.0,0.0,0.0,0.0,3.0,0.0,94680.0,31560.0,2.0,1.0,4.0,2.0,3.0,1.0,45,USB activity detected; High file copy activity,1,0.02038277037468028,0,0.4426368934103051,0.697005956229538,0,45,medium,USB activity detected; High file copy activity,Carla Amelia Shannon,Carla.Amelia.Shannon@dtaa.com,Technician,1,5 - SalesAndMarketing,3 - FieldService,2 - RegionalFieldService,Burke Randall Burnett,2011-05.csv
CAS0507,2010-01-06,3.0,2.0,0.0,2.0,8.0,4.0,4.0,0.0,1.0,27.0,0.0,27.0,1.0,0.0,0.0,0.0,0.0,0.0,0.0,0.0,0.0,0.0,0.0,0.0,0.0,0.0,0.0,0.0,45,USB activity detected; High file copy activity,1,0.07652767705190333,0,0.1467978406051857,0.697005956229538,0,45,medium,USB activity detected; High file copy activity,Carla Amelia Shannon,Carla.Amelia.Shannon@dtaa.com,Technician,1,5 - SalesAndMarketing,3 - FieldService,2 - RegionalFieldService,Burke Randall Burnett,2011-05.csv
CAS0507,2010-01-07,2.0,1.0,0.0,1.0,4.0,2.0,2.0,0.0,1.0,27.0,0.0,27.0,1.0,0.0,0.0,0.0,0.0,0.0,0.0,0.0,0.0,0.0,0.0,0.0,0.0,0.0,0.0,0.0,45,USB activity detected; High file copy activity,1,0.11842186762952345,0,0.07560049859785943,0.697005956229538,0,45,medium,USB activity detected; High file copy activity,Carla Amelia Shannon,Carla.Amelia.Shannon@dtaa.com,Technician,1,5 - SalesAndMarketing,3 - FieldService,2 - RegionalFieldService,Burke Randall Burnett,2011-05.csv
CAS0507,2010-01-08,0.0,0.0,0.0,0.0,2.0,1.0,1.0,0.0,1.0,24.0,0.0,24.0,1.0,0.0,0.0,0.0,0.0,0.0,0.0,0.0,0.0,0.0,0.0,0.0,0.0,0.0,0.0,0.0,45,USB activity detected; High file copy activity,1,0.13263548139720371,0,0.05158182751011515,0.697005956229538,0,45,medium,USB activity detected; High file copy activity,Carla Amelia Shannon,Carla.Amelia.Shannon@dtaa.com,Technician,1,5 - SalesAndMarketing,3 - FieldService,2 - RegionalFieldService,Burke Randall Burnett,2011-05.csv
CAS0507,2010-01-11,0.0,0.0,0.0,0.0,2.0,1.0,1.0,0.0,1.0,27.0,0.0,27.0,1.0,0.0,0.0,0.0,0.0,0.0,0.0,0.0,0.0,0.0,0.0,0.0,0.0,0.0,0.0,0.0,45,USB activity detected; High file copy activity,1,0.11667756785690575,0,0.07398013920069593,0.697005956229538,0,45,medium,USB activity detected; High file copy activity,Carla Amelia Shannon,Carla.Amelia.Shannon@dtaa.com,Technician,1,5 - SalesAndMarketing,3 - FieldService,2 - RegionalFieldService,Burke Randall Burnett,2011-05.csv
CAS0507,2010-01-12,0.0,0.0,0.0,0.0,4.0,2.0,2.0,0.0,1.0,27.0,0.0,27.0,1.0,0.0,0.0,0.0,0.0,0.0,0.0,0.0,0.0,0.0,0.0,0.0,0.0,0.0,0.0,0.0,45,USB activity detected; High file copy activity,1,0.11573366608737867,0,0.05909599313091834,0.697005956229538,0,45,medium,USB activity detected; High file copy activity,Carla Amelia Shannon,Carla.Amelia.Shannon@dtaa.com,Technician,1,5 - SalesAndMarketing,3 - FieldService,2 - RegionalFieldService,Burke Randall Burnett,2011-05.csv
CAS0507,2010-01-13,0.0,0.0,0.0,0.0,2.0,1.0,1.0,0.0,1.0,0.0,0.0,0.0,0.0,0.0,0.0,0.0,0.0,0.0,0.0,0.0,0.0,0.0,0.0,0.0,0.0,0.0,0.0,0.0,15,USB activity detected,1,0.24138913393585137,0,0.034578884745784924,0.697005956229538,0,15,low,USB activity detected,Carla Amelia Shannon,Carla.Amelia.Shannon@dtaa.com,Technician,1,5 - SalesAndMarketing,3 - FieldService,2 - RegionalFieldService,Burke Randall Burnett,2011-05.csv
CBB0365,2010-01-04,6.0,5.0,6.0,5.0,0.0,0.0,0.0,0.0,0.0,0.0,0.0,0.0,0.0,0.0,0.0,0.0,0.0,0.0,11.0,0.0,360499.0,32772.63636363636,11.0,3.0,17.0,6.0,0.0,1.0,35,Logon activity outside working hours; Multiple PCs used for logon,-1,-0.01031416470682145,1,0.7865451760711745,0.697005956229538,1,100,critical,Logon activity outside working hours; Multiple PCs used for logon; AI anomaly detected by Isolation Forest; AI anomaly detected by TensorFlow Autoencoder,Cain Byron Baldwin,Cain.Byron.Baldwin@dtaa.com,ITAdmin,1,1 - Adminstration,6 - Security,3 - ElectronicSecurity,Francis Brian Armstrong,2011-05.csv
CBB0365,2010-01-05,4.0,3.0,2.0,3.0,0.0,0.0,0.0,0.0,0.0,0.0,0.0,0.0,0.0,0.0,0.0,0.0,0.0,0.0,0.0,0.0,0.0,0.0,0.0,0.0,0.0,0.0,0.0,0.0,35,Logon activity outside working hours; Multiple PCs used for logon,1,0.14709322375115685,0,0.05506448126033909,0.697005956229538,0,35,medium,Logon activity outside working hours; Multiple PCs used for logon,Cain Byron Baldwin,Cain.Byron.Baldwin@dtaa.com,ITAdmin,1,1 - Adminstration,6 - Security,3 - ElectronicSecurity,Francis Brian Armstrong,2011-05.csv
CBB0365,2010-01-06,5.0,5.0,2.0,5.0,0.0,0.0,0.0,0.0,0.0,0.0,0.0,0.0,0.0,0.0,0.0,0.0,0.0,0.0,0.0,0.0,0.0,0.0,0.0,0.0,0.0,0.0,0.0,0.0,35,Logon activity outside working hours; Multiple PCs used for logon,1,0.10061771680109433,0,0.21639882866594048,0.697005956229538,0,35,medium,Logon activity outside working hours; Multiple PCs used for logon,Cain Byron Baldwin,Cain.Byron.Baldwin@dtaa.com,ITAdmin,1,1 - Adminstration,6 - Security,3 - ElectronicSecurity,Francis Brian Armstrong,2011-05.csv
CCA0046,2010-01-04,2.0,2.0,2.0,2.0,2.0,1.0,1.0,2.0,1.0,1.0,1.0,1.0,1.0,3.0,0.0,3.0,3.0,1.0,11.0,0.0,296010.0,26910.0,11.0,4.0,14.0,11.0,14.0,1.0,85,Logon activity outside working hours; USB activity detected; USB activity outside working hours; File copy activity outside working hours,-1,-0.03379358542857491,1,1.5409257259518747,0.697005956229538,1,100,critical,Logon activity outside working hours; USB activity detected; USB activity outside working hours; File copy activity outside working hours; AI anomaly detected by Isolation Forest; AI anomaly detected by TensorFlow Autoencoder,Cyrus Connor Atkinson,Cyrus.Connor.Atkinson@dtaa.com,ITAdmin,1,1 - Adminstration,6 - Security,2 - ElectronicSecurity,Frances Alisa Wiggins,2010-09.csv
CCA0046,2010-01-05,2.0,2.0,2.0,2.0,4.0,2.0,2.0,2.0,2.0,1.0,0.0,1.0,1.0,0.0,0.0,0.0,0.0,0.0,0.0,0.0,0.0,0.0,0.0,0.0,0.0,0.0,0.0,0.0,60,Logon activity outside working hours; USB activity detected; USB activity outside working hours,1,0.08777434334282164,0,0.33763548315829595,0.697005956229538,0,60,medium,Logon activity outside working hours; USB activity detected; USB activity outside working hours,Cyrus Connor Atkinson,Cyrus.Connor.Atkinson@dtaa.com,ITAdmin,1,1 - Adminstration,6 - Security,2 - ElectronicSecurity,Frances Alisa Wiggins,2010-09.csv
CCA0046,2010-01-06,2.0,2.0,1.0,2.0,2.0,1.0,1.0,0.0,1.0,1.0,0.0,1.0,1.0,0.0,0.0,0.0,0.0,0.0,0.0,0.0,0.0,0.0,0.0,0.0,0.0,0.0,0.0,0.0,35,Logon activity outside working hours; USB activity detected,1,0.15614743361345823,0,0.08883649343498208,0.697005956229538,0,35,medium,Logon activity outside working hours; USB activity detected,Cyrus Connor Atkinson,Cyrus.Connor.Atkinson@dtaa.com,ITAdmin,1,1 - Adminstration,6 - Security,2 - ElectronicSecurity,Frances Alisa Wiggins,2010-09.csv
CCA0046,2010-01-07,4.0,4.0,4.0,4.0,6.0,3.0,3.0,4.0,3.0,11.0,3.0,11.0,2.0,0.0,0.0,0.0,0.0,0.0,0.0,0.0,0.0,0.0,0.0,0.0,0.0,0.0,0.0,0.0,100,Logon activity outside working hours; USB activity detected; USB activity outside working hours; File copy activity outside working hours; Multiple PCs used for logon,-1,-0.03272329003530572,1,0.45912250506966173,0.697005956229538,0,100,critical,Logon activity outside working hours; USB activity detected; USB activity outside working hours; File copy activity outside working hours; Multiple PCs used for logon; AI anomaly detected by Isolation Forest,Cyrus Connor Atkinson,Cyrus.Connor.Atkinson@dtaa.com,ITAdmin,1,1 - Adminstration,6 - Security,2 - ElectronicSecurity,Frances Alisa Wiggins,2010-09.csv
CCA0046,2010-01-08,0.0,0.0,0.0,0.0,6.0,3.0,3.0,4.0,3.0,6.0,2.0,6.0,2.0,0.0,0.0,0.0,0.0,0.0,0.0,0.0,0.0,0.0,0.0,0.0,0.0,0.0,0.0,0.0,65,USB activity detected; USB activity outside working hours; File copy activity outside working hours,1,0.06331623896239025,0,0.4213650929896924,0.697005956229538,0,65,high,USB activity detected; USB activity outside working hours; File copy activity outside working hours,Cyrus Connor Atkinson,Cyrus.Connor.Atkinson@dtaa.com,ITAdmin,1,1 - Adminstration,6 - Security,2 - ElectronicSecurity,Frances Alisa Wiggins,2010-09.csv
CCA0046,2010-01-11,0.0,0.0,0.0,0.0,8.0,4.0,4.0,6.0,4.0,16.0,12.0,16.0,4.0,0.0,0.0,0.0,0.0,0.0,0.0,0.0,0.0,0.0,0.0,0.0,0.0,0.0,0.0,0.0,65,USB activity detected; USB activity outside working hours; File copy activity outside working hours,-1,-0.04963380889677904,1,1.2557859673576341,0.697005956229538,1,100,critical,USB activity detected; USB activity outside working hours; File copy activity outside working hours; AI anomaly detected by Isolation Forest; AI anomaly detected by TensorFlow Autoencoder,Cyrus Connor Atkinson,Cyrus.Connor.Atkinson@dtaa.com,ITAdmin,1,1 - Adminstration,6 - Security,2 - ElectronicSecurity,Frances Alisa Wiggins,2010-09.csv
CCA0046,2010-01-12,0.0,0.0,0.0,0.0,4.0,2.0,2.0,4.0,2.0,0.0,0.0,0.0,0.0,0.0,0.0,0.0,0.0,0.0,0.0,0.0,0.0,0.0,0.0,0.0,0.0,0.0,0.0,0.0,40,USB activity detected; USB activity outside working hours,1,0.12002597876045407,0,0.997989918642743,0.697005956229538,1,70,high,USB activity detected; USB activity outside working hours; AI anomaly detected by TensorFlow Autoencoder,Cyrus Connor Atkinson,Cyrus.Connor.Atkinson@dtaa.com,ITAdmin,1,1 - Adminstration,6 - Security,2 - ElectronicSecurity,Frances Alisa Wiggins,2010-09.csv
CCL0068,2010-01-04,1.0,1.0,0.0,1.0,6.0,3.0,3.0,0.0,1.0,2.0,0.0,2.0,1.0,0.0,0.0,0.0,0.0,0.0,9.0,0.0,261462.0,29051.333333333332,2.0,2.0,16.0,3.0,0.0,1.0,15,USB activity detected,1,0.119903336585514,0,0.11589661301818704,0.697005956229538,0,15,low,USB activity detected,Camilla Camille Leach,Camilla.Camille.Leach@dtaa.com,ComputerScientist,1,2 - ResearchAndEngineering,2 - SoftwareManagement,1 - Software,Vance Ira Alston,2011-01.csv
CCL0068,2010-01-05,1.0,1.0,0.0,1.0,2.0,1.0,1.0,0.0,1.0,5.0,0.0,5.0,1.0,0.0,0.0,0.0,0.0,0.0,6.0,0.0,138928.0,23154.666666666668,1.0,1.0,9.0,3.0,0.0,1.0,15,USB activity detected,1,0.14256596860023701,0,0.08026481561094251,0.697005956229538,0,15,low,USB activity detected,Camilla Camille Leach,Camilla.Camille.Leach@dtaa.com,ComputerScientist,1,2 - ResearchAndEngineering,2 - SoftwareManagement,1 - Software,Vance Ira Alston,2011-01.csv
CCL0068,2010-01-06,1.0,1.0,0.0,1.0,6.0,3.0,3.0,0.0,1.0,0.0,0.0,0.0,0.0,0.0,0.0,0.0,0.0,0.0,0.0,0.0,0.0,0.0,0.0,0.0,0.0,0.0,0.0,0.0,15,USB activity detected,1,0.23077637295118797,0,0.05025018539244101,0.697005956229538,0,15,low,USB activity detected,Camilla Camille Leach,Camilla.Camille.Leach@dtaa.com,ComputerScientist,1,2 - ResearchAndEngineering,2 - SoftwareManagement,1 - Software,Vance Ira Alston,2011-01.csv
CCL0068,2010-01-07,1.0,0.0,0.0,1.0,6.0,3.0,3.0,0.0,1.0,2.0,0.0,2.0,1.0,0.0,0.0,0.0,0.0,0.0,0.0,0.0,0.0,0.0,0.0,0.0,0.0,0.0,0.0,0.0,15,USB activity detected,1,0.21600253077772041,0,0.06484031676236493,0.697005956229538,0,15,low,USB activity detected,Camilla Camille Leach,Camilla.Camille.Leach@dtaa.com,ComputerScientist,1,2 - ResearchAndEngineering,2 - SoftwareManagement,1 - Software,Vance Ira Alston,2011-01.csv
CCL0068,2010-01-08,0.0,0.0,0.0,0.0,6.0,3.0,3.0,0.0,1.0,5.0,0.0,5.0,1.0,0.0,0.0,0.0,0.0,0.0,0.0,0.0,0.0,0.0,0.0,0.0,0.0,0.0,0.0,0.0,15,USB activity detected,1,0.20928348233701916,0,0.026955186769781456,0.697005956229538,0,15,low,USB activity detected,Camilla Camille Leach,Camilla.Camille.Leach@dtaa.com,ComputerScientist,1,2 - ResearchAndEngineering,2 - SoftwareManagement,1 - Software,Vance Ira Alston,2011-01.csv
CCL0068,2010-01-11,0.0,0.0,0.0,0.0,2.0,1.0,1.0,0.0,1.0,2.0,0.0,2.0,1.0,0.0,0.0,0.0,0.0,0.0,0.0,0.0,0.0,0.0,0.0,0.0,0.0,0.0,0.0,0.0,15,USB activity detected,1,0.2257817351181608,0,0.0407946951664791,0.697005956229538,0,15,low,USB activity detected,Camilla Camille Leach,Camilla.Camille.Leach@dtaa.com,ComputerScientist,1,2 - ResearchAndEngineering,2 - SoftwareManagement,1 - Software,Vance Ira Alston,2011-01.csv
CCL0068,2010-01-12,0.0,0.0,0.0,0.0,2.0,1.0,1.0,0.0,1.0,0.0,0.0,0.0,0.0,0.0,0.0,0.0,0.0,0.0,0.0,0.0,0.0,0.0,0.0,0.0,0.0,0.0,0.0,0.0,15,USB activity detected,1,0.24138913393585137,0,0.034578884745784924,0.697005956229538,0,15,low,USB activity detected,Camilla Camille Leach,Camilla.Camille.Leach@dtaa.com,ComputerScientist,1,2 - ResearchAndEngineering,2 - SoftwareManagement,1 - Software,Vance Ira Alston,2011-01.csv
CCL0068,2010-01-13,0.0,0.0,0.0,0.0,4.0,2.0,2.0,0.0,1.0,0.0,0.0,0.0,0.0,0.0,0.0,0.0,0.0,0.0,0.0,0.0,0.0,0.0,0.0,0.0,0.0,0.0,0.0,0.0,15,USB activity detected,1,0.24050968498880276,0,0.029387747032837967,0.697005956229538,0,15,low,USB activity detected,Camilla Camille Leach,Camilla.Camille.Leach@dtaa.com,ComputerScientist,1,2 - ResearchAndEngineering,2 - SoftwareManagement,1 - Software,Vance Ira Alston,2011-01.csv
CCM0136,2010-01-07,2.0,0.0,0.0,1.0,2.0,1.0,1.0,0.0,1.0,0.0,0.0,0.0,0.0,0.0,0.0,0.0,0.0,0.0,0.0,0.0,0.0,0.0,0.0,0.0,0.0,0.0,0.0,0.0,15,USB activity detected,1,0.23528827694787885,0,0.11345561541037855,0.697005956229538,0,15,low,USB activity detected,Cailin Casey Mckee,Cailin.Casey.Mckee@dtaa.com,ProductionLineWorker,1,3 - Manufacturing,3 - Assembly,1 - AssemblyDept,Shannon Chantale Price,2011-05.csv
CCM0136,2010-01-08,0.0,0.0,0.0,0.0,2.0,1.0,1.0,0.0,1.0,0.0,0.0,0.0,0.0,0.0,0.0,0.0,0.0,0.0,0.0,0.0,0.0,0.0,0.0,0.0,0.0,0.0,0.0,0.0,15,USB activity detected,1,0.24138913393585137,0,0.034578884745784924,0.697005956229538,0,15,low,USB activity detected,Cailin Casey Mckee,Cailin.Casey.Mckee@dtaa.com,ProductionLineWorker,1,3 - Manufacturing,3 - Assembly,1 - AssemblyDept,Shannon Chantale Price,2011-05.csv
CEJ0109,2010-01-04,1.0,1.0,0.0,1.0,2.0,1.0,1.0,0.0,1.0,3.0,0.0,3.0,1.0,0.0,0.0,0.0,0.0,0.0,9.0,0.0,275843.0,30649.222222222223,0.0,0.0,18.0,6.0,0.0,1.0,15,USB activity detected,1,0.14766666583148685,0,0.23967241907191386,0.697005956229538,0,15,low,USB activity detected,Casey Edward Joyce,Casey.Edward.Joyce@dtaa.com,TestEngineer,1,2 - ResearchAndEngineering,3 - Engineering,5 - TestAndEvalualtion,Rose Hanae Yates,2011-03.csv
CEJ0109,2010-01-05,1.0,1.0,0.0,1.0,2.0,1.0,1.0,0.0,1.0,1.0,0.0,1.0,1.0,0.0,0.0,0.0,0.0,0.0,1.0,0.0,35294.0,35294.0,0.0,0.0,1.0,0.0,0.0,1.0,15,USB activity detected,1,0.17668749026031583,0,0.1500488743327049,0.697005956229538,0,15,low,USB activity detected,Casey Edward Joyce,Casey.Edward.Joyce@dtaa.com,TestEngineer,1,2 - ResearchAndEngineering,3 - Engineering,5 - TestAndEvalualtion,Rose Hanae Yates,2011-03.csv
CEJ0109,2010-01-06,1.0,1.0,0.0,1.0,4.0,2.0,2.0,0.0,1.0,1.0,0.0,1.0,1.0,0.0,0.0,0.0,0.0,0.0,0.0,0.0,0.0,0.0,0.0,0.0,0.0,0.0,0.0,0.0,15,USB activity detected,1,0.23342072694348898,0,0.06455823920665618,0.697005956229538,0,15,low,USB activity detected,Casey Edward Joyce,Casey.Edward.Joyce@dtaa.com,TestEngineer,1,2 - ResearchAndEngineering,3 - Engineering,5 - TestAndEvalualtion,Rose Hanae Yates,2011-03.csv
CEJ0109,2010-01-07,1.0,0.0,0.0,1.0,2.0,1.0,1.0,0.0,1.0,5.0,0.0,5.0,1.0,0.0,0.0,0.0,0.0,0.0,0.0,0.0,0.0,0.0,0.0,0.0,0.0,0.0,0.0,0.0,15,USB activity detected,1,0.22201829055079486,0,0.054689373009410694,0.697005956229538,0,15,low,USB activity detected,Casey Edward Joyce,Casey.Edward.Joyce@dtaa.com,TestEngineer,1,2 - ResearchAndEngineering,3 - Engineering,5 - TestAndEvalualtion,Rose Hanae Yates,2011-03.csv
CEJ0109,2010-01-08,0.0,0.0,0.0,0.0,4.0,2.0,2.0,0.0,1.0,0.0,0.0,0.0,0.0,0.0,0.0,0.0,0.0,0.0,0.0,0.0,0.0,0.0,0.0,0.0,0.0,0.0,0.0,0.0,15,USB activity detected,1,0.24050968498880276,0,0.029387747032837967,0.697005956229538,0,15,low,USB activity detected,Casey Edward Joyce,Casey.Edward.Joyce@dtaa.com,TestEngineer,1,2 - ResearchAndEngineering,3 - Engineering,5 - TestAndEvalualtion,Rose Hanae Yates,2011-03.csv
CEJ0109,2010-01-11,0.0,0.0,0.0,0.0,6.0,3.0,3.0,0.0,1.0,5.0,0.0,5.0,1.0,0.0,0.0,0.0,0.0,0.0,0.0,0.0,0.0,0.0,0.0,0.0,0.0,0.0,0.0,0.0,15,USB activity detected,1,0.20928348233701916,0,0.026955186769781456,0.697005956229538,0,15,low,USB activity detected,Casey Edward Joyce,Casey.Edward.Joyce@dtaa.com,TestEngineer,1,2 - ResearchAndEngineering,3 - Engineering,5 - TestAndEvalualtion,Rose Hanae Yates,2011-03.csv
CEJ0109,2010-01-12,0.0,0.0,0.0,0.0,4.0,2.0,2.0,0.0,1.0,2.0,0.0,2.0,1.0,0.0,0.0,0.0,0.0,0.0,0.0,0.0,0.0,0.0,0.0,0.0,0.0,0.0,0.0,0.0,15,USB activity detected,1,0.2290339102880541,0,0.037354675290764694,0.697005956229538,0,15,low,USB activity detected,Casey Edward Joyce,Casey.Edward.Joyce@dtaa.com,TestEngineer,1,2 - ResearchAndEngineering,3 - Engineering,5 - TestAndEvalualtion,Rose Hanae Yates,2011-03.csv
CFM0767,2010-01-04,2.0,1.0,0.0,1.0,2.0,1.0,1.0,0.0,1.0,0.0,0.0,0.0,0.0,0.0,0.0,0.0,0.0,0.0,3.0,0.0,73543.0,24514.333333333332,0.0,0.0,7.0,2.0,2.0,1.0,15,USB activity detected,1,0.18910747699173708,0,0.09955734334566305,0.697005956229538,0,15,low,USB activity detected,Cecilia Freya Morgan,Cecilia.Freya.Morgan@dtaa.com,Technician,1,5 - SalesAndMarketing,3 - FieldService,4 - RegionalFieldService,Blaine Helen Cervantes,2011-05.csv
CFM0767,2010-01-06,2.0,2.0,0.0,2.0,4.0,2.0,2.0,0.0,1.0,3.0,0.0,3.0,1.0,0.0,0.0,0.0,0.0,0.0,0.0,0.0,0.0,0.0,0.0,0.0,0.0,0.0,0.0,0.0,15,USB activity detected,1,0.205029520281094,0,0.1429112765003755,0.697005956229538,0,15,low,USB activity detected,Cecilia Freya Morgan,Cecilia.Freya.Morgan@dtaa.com,Technician,1,5 - SalesAndMarketing,3 - FieldService,4 - RegionalFieldService,Blaine Helen Cervantes,2011-05.csv
CFM0767,2010-01-08,0.0,0.0,0.0,0.0,4.0,2.0,2.0,0.0,1.0,3.0,0.0,3.0,1.0,0.0,0.0,0.0,0.0,0.0,0.0,0.0,0.0,0.0,0.0,0.0,0.0,0.0,0.0,0.0,15,USB activity detected,1,0.2308861893688779,0,0.03367677648907804,0.697005956229538,0,15,low,USB activity detected,Cecilia Freya Morgan,Cecilia.Freya.Morgan@dtaa.com,Technician,1,5 - SalesAndMarketing,3 - FieldService,4 - RegionalFieldService,Blaine Helen Cervantes,2011-05.csv
CFM0767,2010-01-11,0.0,0.0,0.0,0.0,4.0,2.0,2.0,0.0,1.0,4.0,0.0,4.0,1.0,0.0,0.0,0.0,0.0,0.0,0.0,0.0,0.0,0.0,0.0,0.0,0.0,0.0,0.0,0.0,15,USB activity detected,1,0.22838849427851565,0,0.03044635091598822,0.697005956229538,0,15,low,USB activity detected,Cecilia Freya Morgan,Cecilia.Freya.Morgan@dtaa.com,Technician,1,5 - SalesAndMarketing,3 - FieldService,4 - RegionalFieldService,Blaine Helen Cervantes,2011-05.csv
CFM0767,2010-01-13,0.0,0.0,0.0,0.0,2.0,1.0,1.0,0.0,1.0,0.0,0.0,0.0,0.0,0.0,0.0,0.0,0.0,0.0,0.0,0.0,0.0,0.0,0.0,0.0,0.0,0.0,0.0,0.0,15,USB activity detected,1,0.24138913393585137,0,0.034578884745784924,0.697005956229538,0,15,low,USB activity detected,Cecilia Freya Morgan,Cecilia.Freya.Morgan@dtaa.com,Technician,1,5 - SalesAndMarketing,3 - FieldService,4 - RegionalFieldService,Blaine Helen Cervantes,2011-05.csv
CGB0637,2010-01-04,2.0,1.0,1.0,1.0,6.0,3.0,3.0,0.0,1.0,3.0,0.0,3.0,1.0,0.0,0.0,0.0,0.0,0.0,1.0,0.0,36561.0,36561.0,0.0,0.0,1.0,1.0,0.0,1.0,35,Logon activity outside working hours; USB activity detected,1,0.10593193892348729,0,0.13563716321325625,0.697005956229538,0,35,medium,Logon activity outside working hours; USB activity detected,Claudia Galena Baldwin,Claudia.Galena.Baldwin@dtaa.com,Technician,1,5 - SalesAndMarketing,3 - FieldService,3 - RegionalFieldService,Hedwig Regina Livingston,2011-05.csv
CGB0637,2010-01-05,2.0,1.0,1.0,1.0,6.0,3.0,3.0,1.0,1.0,8.0,0.0,8.0,1.0,0.0,0.0,0.0,0.0,0.0,0.0,0.0,0.0,0.0,0.0,0.0,0.0,0.0,0.0,0.0,60,Logon activity outside working hours; USB activity detected; USB activity outside working hours,1,0.1175944258585323,0,0.17896953976728333,0.697005956229538,0,60,medium,Logon activity outside working hours; USB activity detected; USB activity outside working hours,Claudia Galena Baldwin,Claudia.Galena.Baldwin@dtaa.com,Technician,1,5 - SalesAndMarketing,3 - FieldService,3 - RegionalFieldService,Hedwig Regina Livingston,2011-05.csv
CGB0637,2010-01-06,2.0,1.0,1.0,1.0,6.0,3.0,3.0,0.0,1.0,7.0,0.0,7.0,1.0,0.0,0.0,0.0,0.0,0.0,0.0,0.0,0.0,0.0,0.0,0.0,0.0,0.0,0.0,0.0,35,Logon activity outside working hours; USB activity detected,1,0.15884701343152996,0,0.046671198344908106,0.697005956229538,0,35,medium,Logon activity outside working hours; USB activity detected,Claudia Galena Baldwin,Claudia.Galena.Baldwin@dtaa.com,Technician,1,5 - SalesAndMarketing,3 - FieldService,3 - RegionalFieldService,Hedwig Regina Livingston,2011-05.csv
CGB0637,2010-01-07,2.0,0.0,0.0,1.0,6.0,3.0,3.0,0.0,1.0,7.0,0.0,7.0,1.0,0.0,0.0,0.0,0.0,0.0,0.0,0.0,0.0,0.0,0.0,0.0,0.0,0.0,0.0,0.0,15,USB activity detected,1,0.19768212152906284,0,0.10263368111780881,0.697005956229538,0,15,low,USB activity detected,Claudia Galena Baldwin,Claudia.Galena.Baldwin@dtaa.com,Technician,1,5 - SalesAndMarketing,3 - FieldService,3 - RegionalFieldService,Hedwig Regina Livingston,2011-05.csv
CGB0637,2010-01-08,0.0,0.0,0.0,0.0,8.0,4.0,4.0,8.0,1.0,5.0,5.0,5.0,1.0,0.0,0.0,0.0,0.0,0.0,0.0,0.0,0.0,0.0,0.0,0.0,0.0,0.0,0.0,0.0,65,USB activity detected; USB activity outside working hours; File copy activity outside working hours,1,0.06143196130515327,0,2.398020921045211,0.697005956229538,1,95,critical,USB activity detected; USB activity outside working hours; File copy activity outside working hours; AI anomaly detected by TensorFlow Autoencoder,Claudia Galena Baldwin,Claudia.Galena.Baldwin@dtaa.com,Technician,1,5 - SalesAndMarketing,3 - FieldService,3 - RegionalFieldService,Hedwig Regina Livingston,2011-05.csv
CGB0637,2010-01-11,0.0,0.0,0.0,0.0,10.0,5.0,5.0,0.0,1.0,3.0,0.0,3.0,1.0,0.0,0.0,0.0,0.0,0.0,0.0,0.0,0.0,0.0,0.0,0.0,0.0,0.0,0.0,0.0,15,USB activity detected,1,0.18683690249151963,0,0.03424294149426144,0.697005956229538,0,15,low,USB activity detected,Claudia Galena Baldwin,Claudia.Galena.Baldwin@dtaa.com,Technician,1,5 - SalesAndMarketing,3 - FieldService,3 - RegionalFieldService,Hedwig Regina Livingston,2011-05.csv
CGB0637,2010-01-12,0.0,0.0,0.0,0.0,2.0,1.0,1.0,0.0,1.0,6.0,0.0,6.0,1.0,0.0,0.0,0.0,0.0,0.0,0.0,0.0,0.0,0.0,0.0,0.0,0.0,0.0,0.0,0.0,15,USB activity detected,1,0.2188288303391091,0,0.0274749014302764,0.697005956229538,0,15,low,USB activity detected,Claudia Galena Baldwin,Claudia.Galena.Baldwin@dtaa.com,Technician,1,5 - SalesAndMarketing,3 - FieldService,3 - RegionalFieldService,Hedwig Regina Livingston,2011-05.csv
CGB0637,2010-01-13,0.0,0.0,0.0,0.0,4.0,2.0,2.0,0.0,1.0,0.0,0.0,0.0,0.0,0.0,0.0,0.0,0.0,0.0,0.0,0.0,0.0,0.0,0.0,0.0,0.0,0.0,0.0,0.0,15,USB activity detected,1,0.24050968498880276,0,0.029387747032837967,0.697005956229538,0,15,low,USB activity detected,Claudia Galena Baldwin,Claudia.Galena.Baldwin@dtaa.com,Technician,1,5 - SalesAndMarketing,3 - FieldService,3 - RegionalFieldService,Hedwig Regina Livingston,2011-05.csv
CHM0821,2010-01-04,2.0,1.0,0.0,1.0,2.0,1.0,1.0,0.0,1.0,7.0,0.0,7.0,1.0,0.0,0.0,0.0,0.0,0.0,1.0,0.0,18199.0,18199.0,2.0,1.0,2.0,1.0,1.0,1.0,15,USB activity detected,1,0.14192462289673385,0,0.09574615556914938,0.697005956229538,0,15,low,USB activity detected,Carter Harrison Maldonado,Carter.Harrison.Maldonado@dtaa.com,ProductionLineWorker,1,3 - Manufacturing,3 - Assembly,5 - AssemblyDept,Amy Lucy Chen,2011-05.csv
CHM0821,2010-01-05,2.0,1.0,0.0,1.0,2.0,1.0,1.0,0.0,1.0,7.0,0.0,7.0,1.0,0.0,0.0,0.0,0.0,0.0,0.0,0.0,0.0,0.0,0.0,0.0,0.0,0.0,0.0,0.0,15,USB activity detected,1,0.21921125095374405,0,0.06903675003224116,0.697005956229538,0,15,low,USB activity detected,Carter Harrison Maldonado,Carter.Harrison.Maldonado@dtaa.com,ProductionLineWorker,1,3 - Manufacturing,3 - Assembly,5 - AssemblyDept,Amy Lucy Chen,2011-05.csv
CHM0821,2010-01-06,2.0,2.0,0.0,2.0,2.0,1.0,1.0,0.0,1.0,4.0,0.0,4.0,1.0,0.0,0.0,0.0,0.0,0.0,0.0,0.0,0.0,0.0,0.0,0.0,0.0,0.0,0.0,0.0,15,USB activity detected,1,0.20214036090803728,0,0.13881515029446112,0.697005956229538,0,15,low,USB activity detected,Carter Harrison Maldonado,Carter.Harrison.Maldonado@dtaa.com,ProductionLineWorker,1,3 - Manufacturing,3 - Assembly,5 - AssemblyDept,Amy Lucy Chen,2011-05.csv
CHM0821,2010-01-11,0.0,0.0,0.0,0.0,2.0,1.0,1.0,0.0,1.0,4.0,0.0,4.0,1.0,0.0,0.0,0.0,0.0,0.0,0.0,0.0,0.0,0.0,0.0,0.0,0.0,0.0,0.0,0.0,15,USB activity detected,1,0.2255480598108977,0,0.03194264222559186,0.697005956229538,0,15,low,USB activity detected,Carter Harrison Maldonado,Carter.Harrison.Maldonado@dtaa.com,ProductionLineWorker,1,3 - Manufacturing,3 - Assembly,5 - AssemblyDept,Amy Lucy Chen,2011-05.csv
CIM0271,2010-01-04,2.0,1.0,0.0,1.0,4.0,2.0,2.0,0.0,1.0,8.0,0.0,8.0,1.0,5.0,0.0,5.0,5.0,1.0,9.0,0.0,244784.0,27198.222222222223,9.0,3.0,16.0,8.0,4.0,1.0,15,USB activity detected,1,0.05395537198816913,0,0.3408075670691779,0.697005956229538,0,15,low,USB activity detected,Colt Ishmael Mccall,Colt.Ishmael.Mccall@dtaa.com,ComputerScientist,1,2 - ResearchAndEngineering,3 - Engineering,4 - SystemsEngineering,Gage Kaden Odonnell,2011-05.csv
CIM0271,2010-01-05,2.0,1.0,0.0,1.0,4.0,2.0,2.0,0.0,1.0,5.0,0.0,5.0,1.0,0.0,0.0,0.0,0.0,0.0,9.0,0.0,260947.0,28994.11111111111,7.0,3.0,14.0,6.0,7.0,1.0,15,USB activity detected,1,0.10354529422035585,0,0.14402450744998999,0.697005956229538,0,15,low,USB activity detected,Colt Ishmael Mccall,Colt.Ishmael.Mccall@dtaa.com,ComputerScientist,1,2 - ResearchAndEngineering,3 - Engineering,4 - SystemsEngineering,Gage Kaden Odonnell,2011-05.csv
CIM0271,2010-01-06,1.0,1.0,0.0,1.0,3.0,2.0,1.0,0.0,1.0,7.0,0.0,7.0,1.0,0.0,0.0,0.0,0.0,0.0,0.0,0.0,0.0,0.0,0.0,0.0,0.0,0.0,0.0,0.0,15,USB activity detected,1,0.22226859058540993,0,0.04654019860209374,0.697005956229538,0,15,low,USB activity detected,Colt Ishmael Mccall,Colt.Ishmael.Mccall@dtaa.com,ComputerScientist,1,2 - ResearchAndEngineering,3 - Engineering,4 - SystemsEngineering,Gage Kaden Odonnell,2011-05.csv
CIM0271,2010-01-07,2.0,0.0,0.0,1.0,4.0,2.0,2.0,0.0,1.0,2.0,0.0,2.0,1.0,0.0,0.0,0.0,0.0,0.0,0.0,0.0,0.0,0.0,0.0,0.0,0.0,0.0,0.0,0.0,15,USB activity detected,1,0.21817483763892537,0,0.11312391791688525,0.697005956229538,0,15,low,USB activity detected,Colt Ishmael Mccall,Colt.Ishmael.Mccall@dtaa.com,ComputerScientist,1,2 - ResearchAndEngineering,3 - Engineering,4 - SystemsEngineering,Gage Kaden Odonnell,2011-05.csv
CIM0271,2010-01-08,0.0,0.0,0.0,0.0,2.0,1.0,1.0,0.0,1.0,7.0,0.0,7.0,1.0,0.0,0.0,0.0,0.0,0.0,0.0,0.0,0.0,0.0,0.0,0.0,0.0,0.0,0.0,0.0,15,USB activity detected,1,0.21587164789847074,0,0.02690292616353593,0.697005956229538,0,15,low,USB activity detected,Colt Ishmael Mccall,Colt.Ishmael.Mccall@dtaa.com,ComputerScientist,1,2 - ResearchAndEngineering,3 - Engineering,4 - SystemsEngineering,Gage Kaden Odonnell,2011-05.csv
CIM0271,2010-01-11,0.0,0.0,0.0,0.0,5.0,3.0,2.0,0.0,1.0,2.0,0.0,2.0,1.0,0.0,0.0,0.0,0.0,0.0,0.0,0.0,0.0,0.0,0.0,0.0,0.0,0.0,0.0,0.0,15,USB activity detected,1,0.2210248029630938,0,0.03976545071794768,0.697005956229538,0,15,low,USB activity detected,Colt Ishmael Mccall,Colt.Ishmael.Mccall@dtaa.com,ComputerScientist,1,2 - ResearchAndEngineering,3 - Engineering,4 - SystemsEngineering,Gage Kaden Odonnell,2011-05.csv
CIM0271,2010-01-12,0.0,0.0,0.0,0.0,6.0,3.0,3.0,0.0,1.0,0.0,0.0,0.0,0.0,0.0,0.0,0.0,0.0,0.0,0.0,0.0,0.0,0.0,0.0,0.0,0.0,0.0,0.0,0.0,15,USB activity detected,1,0.21255883227265943,0,0.027228099363080988,0.697005956229538,0,15,low,USB activity detected,Colt Ishmael Mccall,Colt.Ishmael.Mccall@dtaa.com,ComputerScientist,1,2 - ResearchAndEngineering,3 - Engineering,4 - SystemsEngineering,Gage Kaden Odonnell,2011-05.csv
CIM0271,2010-01-13,0.0,0.0,0.0,0.0,3.0,2.0,1.0,0.0,1.0,0.0,0.0,0.0,0.0,0.0,0.0,0.0,0.0,0.0,0.0,0.0,0.0,0.0,0.0,0.0,0.0,0.0,0.0,0.0,15,USB activity detected,1,0.23826932337468903,0,0.034015706009011604,0.697005956229538,0,15,low,USB activity detected,Colt Ishmael Mccall,Colt.Ishmael.Mccall@dtaa.com,ComputerScientist,1,2 - ResearchAndEngineering,3 - Engineering,4 - SystemsEngineering,Gage Kaden Odonnell,2011-05.csv
CLB0774,2010-01-04,1.0,1.0,0.0,1.0,16.0,8.0,8.0,0.0,1.0,21.0,0.0,21.0,1.0,0.0,0.0,0.0,0.0,0.0,3.0,0.0,70865.0,23621.666666666668,0.0,0.0,7.0,3.0,0.0,1.0,45,USB activity detected; High file copy activity,1,0.052962542567619786,0,0.08229200800603516,0.697005956229538,0,45,medium,USB activity detected; High file copy activity,Charde Lareina Barrett,Charde.Lareina.Barrett@dtaa.com,Technician,1,5 - SalesAndMarketing,3 - FieldService,4 - RegionalFieldService,Blaine Helen Cervantes,2011-05.csv
CLB0774,2010-01-05,1.0,1.0,0.0,1.0,18.0,9.0,9.0,0.0,1.0,12.0,0.0,12.0,1.0,0.0,0.0,0.0,0.0,0.0,0.0,0.0,0.0,0.0,0.0,0.0,0.0,0.0,0.0,0.0,15,USB activity detected,1,0.12280007571328888,0,0.06992692049839128,0.697005956229538,0,15,low,USB activity detected,Charde Lareina Barrett,Charde.Lareina.Barrett@dtaa.com,Technician,1,5 - SalesAndMarketing,3 - FieldService,4 - RegionalFieldService,Blaine Helen Cervantes,2011-05.csv
CLB0774,2010-01-06,1.0,1.0,0.0,1.0,18.0,9.0,9.0,0.0,1.0,15.0,0.0,15.0,1.0,0.0,0.0,0.0,0.0,0.0,0.0,0.0,0.0,0.0,0.0,0.0,0.0,0.0,0.0,0.0,15,USB activity detected,1,0.11462939651957504,0,0.08355403156779778,0.697005956229538,0,15,low,USB activity detected,Charde Lareina Barrett,Charde.Lareina.Barrett@dtaa.com,Technician,1,5 - SalesAndMarketing,3 - FieldService,4 - RegionalFieldService,Blaine Helen Cervantes,2011-05.csv
CLB0774,2010-01-07,2.0,2.0,2.0,1.0,18.0,9.0,9.0,0.0,1.0,17.0,0.0,17.0,1.0,0.0,0.0,0.0,0.0,0.0,0.0,0.0,0.0,0.0,0.0,0.0,0.0,0.0,0.0,0.0,35,Logon activity outside working hours; USB activity detected,1,0.061908522650075626,0,0.12490699101534222,0.697005956229538,0,35,medium,Logon activity outside working hours; USB activity detected,Charde Lareina Barrett,Charde.Lareina.Barrett@dtaa.com,Technician,1,5 - SalesAndMarketing,3 - FieldService,4 - RegionalFieldService,Blaine Helen Cervantes,2011-05.csv
CLB0774,2010-01-08,0.0,0.0,0.0,0.0,18.0,9.0,9.0,0.0,1.0,16.0,0.0,16.0,1.0,0.0,0.0,0.0,0.0,0.0,0.0,0.0,0.0,0.0,0.0,0.0,0.0,0.0,0.0,0.0,15,USB activity detected,1,0.1135627374482574,0,0.06181288505922917,0.697005956229538,0,15,low,USB activity detected,Charde Lareina Barrett,Charde.Lareina.Barrett@dtaa.com,Technician,1,5 - SalesAndMarketing,3 - FieldService,4 - RegionalFieldService,Blaine Helen Cervantes,2011-05.csv
CLB0774,2010-01-11,0.0,0.0,0.0,0.0,18.0,9.0,9.0,0.0,1.0,16.0,0.0,16.0,1.0,0.0,0.0,0.0,0.0,0.0,0.0,0.0,0.0,0.0,0.0,0.0,0.0,0.0,0.0,0.0,15,USB activity detected,1,0.1135627374482574,0,0.06181288505922917,0.697005956229538,0,15,low,USB activity detected,Charde Lareina Barrett,Charde.Lareina.Barrett@dtaa.com,Technician,1,5 - SalesAndMarketing,3 - FieldService,4 - RegionalFieldService,Blaine Helen Cervantes,2011-05.csv
CLB0774,2010-01-12,0.0,0.0,0.0,0.0,18.0,9.0,9.0,0.0,1.0,19.0,0.0,19.0,1.0,0.0,0.0,0.0,0.0,0.0,0.0,0.0,0.0,0.0,0.0,0.0,0.0,0.0,0.0,0.0,15,USB activity detected,1,0.10363601383357923,0,0.08511851205846394,0.697005956229538,0,15,low,USB activity detected,Charde Lareina Barrett,Charde.Lareina.Barrett@dtaa.com,Technician,1,5 - SalesAndMarketing,3 - FieldService,4 - RegionalFieldService,Blaine Helen Cervantes,2011-05.csv
CLB0774,2010-01-13,0.0,0.0,0.0,0.0,14.0,7.0,7.0,0.0,1.0,0.0,0.0,0.0,0.0,0.0,0.0,0.0,0.0,0.0,0.0,0.0,0.0,0.0,0.0,0.0,0.0,0.0,0.0,0.0,15,USB activity detected,1,0.15757970960448348,0,0.02795770502625191,0.697005956229538,0,15,low,USB activity detected,Charde Lareina Barrett,Charde.Lareina.Barrett@dtaa.com,Technician,1,5 - SalesAndMarketing,3 - FieldService,4 - RegionalFieldService,Blaine Helen Cervantes,2011-05.csv
CMB0912,2010-01-05,3.0,3.0,0.0,3.0,0.0,0.0,0.0,0.0,0.0,0.0,0.0,0.0,0.0,0.0,0.0,0.0,0.0,0.0,3.0,0.0,108418.0,36139.333333333336,5.0,1.0,5.0,1.0,2.0,1.0,15,Multiple PCs used for logon,1,0.13590293876658527,0,0.15709854261357087,0.697005956229538,0,15,low,Multiple PCs used for logon,Caleb Mason Ball,Caleb.Mason.Ball@dtaa.com,Manager,1,2 - ResearchAndEngineering,2 - SoftwareManagement,6 - Software,Todd Vance Spears,2011-05.csv
COF0120,2010-01-04,1.0,1.0,1.0,1.0,0.0,0.0,0.0,0.0,0.0,0.0,0.0,0.0,0.0,0.0,0.0,0.0,0.0,0.0,10.0,1.0,277933.0,27793.3,6.0,3.0,17.0,6.0,0.0,1.0,20,Logon activity outside working hours,1,0.16538146261374603,0,0.4915211897617058,0.697005956229538,0,20,low,Logon activity outside working hours,Clio Ocean Faulkner,Clio.Ocean.Faulkner@dtaa.com,AdministrativeAssistant,1,3 - Manufacturing,1 - IndustrialEngineering,,Grant Tyrone Doyle,2010-12.csv
COF0120,2010-01-05,1.0,1.0,1.0,1.0,0.0,0.0,0.0,0.0,0.0,0.0,0.0,0.0,0.0,0.0,0.0,0.0,0.0,0.0,0.0,0.0,0.0,0.0,0.0,0.0,0.0,0.0,0.0,0.0,20,Logon activity outside working hours,1,0.2543368308857394,0,0.04029176788212439,0.697005956229538,0,20,low,Logon activity outside working hours,Clio Ocean Faulkner,Clio.Ocean.Faulkner@dtaa.com,AdministrativeAssistant,1,3 - Manufacturing,1 - IndustrialEngineering,,Grant Tyrone Doyle,2010-12.csv
COF0120,2010-01-06,1.0,1.0,1.0,1.0,0.0,0.0,0.0,0.0,0.0,0.0,0.0,0.0,0.0,0.0,0.0,0.0,0.0,0.0,0.0,0.0,0.0,0.0,0.0,0.0,0.0,0.0,0.0,0.0,20,Logon activity outside working hours,1,0.2543368308857394,0,0.04029176788212439,0.697005956229538,0,20,low,Logon activity outside working hours,Clio Ocean Faulkner,Clio.Ocean.Faulkner@dtaa.com,AdministrativeAssistant,1,3 - Manufacturing,1 - IndustrialEngineering,,Grant Tyrone Doyle,2010-12.csv
CPG0322,2010-01-07,1.0,1.0,0.0,1.0,2.0,1.0,1.0,0.0,1.0,1.0,0.0,1.0,1.0,0.0,0.0,0.0,0.0,0.0,0.0,0.0,0.0,0.0,0.0,0.0,0.0,0.0,0.0,0.0,15,USB activity detected,1,0.23585284759105507,0,0.06384362106437258,0.697005956229538,0,15,low,USB activity detected,Connor Phelan Guerra,Connor.Phelan.Guerra@dtaa.com,Salesman,1,5 - SalesAndMarketing,2 - Sales,1 - RegionalSales,Meredith Ainsley Wolf,2011-05.csv
CPG0322,2010-01-12,0.0,0.0,0.0,0.0,2.0,1.0,1.0,0.0,1.0,11.0,0.0,11.0,1.0,0.0,0.0,0.0,0.0,0.0,0.0,0.0,0.0,0.0,0.0,0.0,0.0,0.0,0.0,0.0,15,USB activity detected,1,0.2002940616619186,0,0.03101780147017379,0.697005956229538,0,15,low,USB activity detected,Connor Phelan Guerra,Connor.Phelan.Guerra@dtaa.com,Salesman,1,5 - SalesAndMarketing,2 - Sales,1 - RegionalSales,Meredith Ainsley Wolf,2011-05.csv
CQH0701,2010-01-05,2.0,1.0,0.0,1.0,2.0,1.0,1.0,0.0,1.0,3.0,0.0,3.0,1.0,0.0,0.0,0.0,0.0,0.0,0.0,0.0,0.0,0.0,0.0,0.0,0.0,0.0,0.0,0.0,15,USB activity detected,1,0.23426035937108708,0,0.08227223845201406,0.697005956229538,0,15,low,USB activity detected,Caldwell Quamar Head,Caldwell.Quamar.Head@dtaa.com,ProductionLineWorker,1,3 - Manufacturing,3 - Assembly,4 - AssemblyDept,Alan Benjamin Holder,2011-05.csv
CQH0701,2010-01-07,2.0,1.0,0.0,1.0,2.0,1.0,1.0,0.0,1.0,6.0,0.0,6.0,1.0,0.0,0.0,0.0,0.0,0.0,0.0,0.0,0.0,0.0,0.0,0.0,0.0,0.0,0.0,0.0,15,USB activity detected,1,0.2272330611977142,0,0.072241260561706,0.697005956229538,0,15,low,USB activity detected,Caldwell Quamar Head,Caldwell.Quamar.Head@dtaa.com,ProductionLineWorker,1,3 - Manufacturing,3 - Assembly,4 - AssemblyDept,Alan Benjamin Holder,2011-05.csv
CQW0652,2010-01-04,1.0,1.0,1.0,1.0,0.0,0.0,0.0,0.0,0.0,0.0,0.0,0.0,0.0,0.0,0.0,0.0,0.0,0.0,3.0,0.0,65260.0,21753.333333333332,0.0,0.0,6.0,2.0,0.0,1.0,20,Logon activity outside working hours,1,0.19974827525548666,0,0.06737791875373024,0.697005956229538,0,20,low,Logon activity outside working hours,Chastity Quyn Wilkerson,Chastity.Quyn.Wilkerson@dtaa.com,Technician,1,5 - SalesAndMarketing,3 - FieldService,3 - RegionalFieldService,Hedwig Regina Livingston,2011-03.csv
CQW0652,2010-01-05,1.0,1.0,1.0,1.0,2.0,1.0,1.0,0.0,1.0,4.0,0.0,4.0,1.0,0.0,0.0,0.0,0.0,0.0,0.0,0.0,0.0,0.0,0.0,0.0,0.0,0.0,0.0,0.0,35,Logon activity outside working hours; USB activity detected,1,0.19174808010387057,0,0.06531703268169278,0.697005956229538,0,35,medium,Logon activity outside working hours; USB activity detected,Chastity Quyn Wilkerson,Chastity.Quyn.Wilkerson@dtaa.com,Technician,1,5 - SalesAndMarketing,3 - FieldService,3 - RegionalFieldService,Hedwig Regina Livingston,2011-03.csv
CQW0652,2010-01-06,1.0,1.0,1.0,1.0,0.0,0.0,0.0,0.0,0.0,0.0,0.0,0.0,0.0,0.0,0.0,0.0,0.0,0.0,0.0,0.0,0.0,0.0,0.0,0.0,0.0,0.0,0.0,0.0,20,Logon activity outside working hours,1,0.2543368308857394,0,0.04029176788212439,0.697005956229538,0,20,low,Logon activity outside working hours,Chastity Quyn Wilkerson,Chastity.Quyn.Wilkerson@dtaa.com,Technician,1,5 - SalesAndMarketing,3 - FieldService,3 - RegionalFieldService,Hedwig Regina Livingston,2011-03.csv
CQW0652,2010-01-08,0.0,0.0,0.0,0.0,4.0,2.0,2.0,0.0,1.0,0.0,0.0,0.0,0.0,0.0,0.0,0.0,0.0,0.0,0.0,0.0,0.0,0.0,0.0,0.0,0.0,0.0,0.0,0.0,15,USB activity detected,1,0.24050968498880276,0,0.029387747032837967,0.697005956229538,0,15,low,USB activity detected,Chastity Quyn Wilkerson,Chastity.Quyn.Wilkerson@dtaa.com,Technician,1,5 - SalesAndMarketing,3 - FieldService,3 - RegionalFieldService,Hedwig Regina Livingston,2011-03.csv
CQW0652,2010-01-11,0.0,0.0,0.0,0.0,6.0,3.0,3.0,0.0,1.0,5.0,0.0,5.0,1.0,0.0,0.0,0.0,0.0,0.0,0.0,0.0,0.0,0.0,0.0,0.0,0.0,0.0,0.0,0.0,15,USB activity detected,1,0.20928348233701916,0,0.026955186769781456,0.697005956229538,0,15,low,USB activity detected,Chastity Quyn Wilkerson,Chastity.Quyn.Wilkerson@dtaa.com,Technician,1,5 - SalesAndMarketing,3 - FieldService,3 - RegionalFieldService,Hedwig Regina Livingston,2011-03.csv
CQW0652,2010-01-12,0.0,0.0,0.0,0.0,6.0,3.0,3.0,0.0,1.0,0.0,0.0,0.0,0.0,0.0,0.0,0.0,0.0,0.0,0.0,0.0,0.0,0.0,0.0,0.0,0.0,0.0,0.0,0.0,15,USB activity detected,1,0.21255883227265943,0,0.027228099363080988,0.697005956229538,0,15,low,USB activity detected,Chastity Quyn Wilkerson,Chastity.Quyn.Wilkerson@dtaa.com,Technician,1,5 - SalesAndMarketing,3 - FieldService,3 - RegionalFieldService,Hedwig Regina Livingston,2011-03.csv
CRD0624,2010-01-07,2.0,2.0,2.0,1.0,0.0,0.0,0.0,0.0,0.0,0.0,0.0,0.0,0.0,0.0,0.0,0.0,0.0,0.0,0.0,0.0,0.0,0.0,0.0,0.0,0.0,0.0,0.0,0.0,20,Logon activity outside working hours,1,0.22918650906551175,0,0.08228067957414928,0.697005956229538,0,20,low,Logon activity outside working hours,Christine Reagan Deleon,Christine.Reagan.Deleon@dtaa.com,Salesman,1,5 - SalesAndMarketing,2 - Sales,3 - RegionalSales,Winter Veda Burks,2010-02.csv
CSC0217,2010-01-04,5.0,5.0,6.0,5.0,0.0,0.0,0.0,0.0,0.0,0.0,0.0,0.0,0.0,2.0,0.0,2.0,2.0,1.0,6.0,0.0,167264.0,27877.333333333332,0.0,0.0,11.0,3.0,0.0,1.0,35,Logon activity outside working hours; Multiple PCs used for logon,1,0.016537241099190414,0,0.28776106528840795,0.697005956229538,0,35,medium,Logon activity outside working hours; Multiple PCs used for logon,Cathleen Samantha Craig,Cathleen.Samantha.Craig@dtaa.com,ITAdmin,1,1 - Adminstration,6 - Security,2 - ElectronicSecurity,Frances Alisa Wiggins,2010-05.csv
CSC0217,2010-01-05,4.0,4.0,2.0,4.0,0.0,0.0,0.0,0.0,0.0,0.0,0.0,0.0,0.0,0.0,0.0,0.0,0.0,0.0,7.0,0.0,238653.0,34093.28571428572,0.0,0.0,12.0,4.0,0.0,1.0,35,Logon activity outside working hours; Multiple PCs used for logon,1,0.08946911704522986,0,0.11336690986285675,0.697005956229538,0,35,medium,Logon activity outside working hours; Multiple PCs used for logon,Cathleen Samantha Craig,Cathleen.Samantha.Craig@dtaa.com,ITAdmin,1,1 - Adminstration,6 - Security,2 - ElectronicSecurity,Frances Alisa Wiggins,2010-05.csv
CSC0217,2010-01-06,2.0,2.0,2.0,2.0,0.0,0.0,0.0,0.0,0.0,0.0,0.0,0.0,0.0,0.0,0.0,0.0,0.0,0.0,0.0,0.0,0.0,0.0,0.0,0.0,0.0,0.0,0.0,0.0,20,Logon activity outside working hours,1,0.20806636614290203,0,0.03031814517863815,0.697005956229538,0,20,low,Logon activity outside working hours,Cathleen Samantha Craig,Cathleen.Samantha.Craig@dtaa.com,ITAdmin,1,1 - Adminstration,6 - Security,2 - ElectronicSecurity,Frances Alisa Wiggins,2010-05.csv
CSC0217,2010-01-07,4.0,4.0,4.0,4.0,0.0,0.0,0.0,0.0,0.0,0.0,0.0,0.0,0.0,0.0,0.0,0.0,0.0,0.0,0.0,0.0,0.0,0.0,0.0,0.0,0.0,0.0,0.0,0.0,35,Logon activity outside working hours; Multiple PCs used for logon,1,0.09526591477003044,0,0.04874818224562555,0.697005956229538,0,35,medium,Logon activity outside working hours; Multiple PCs used for logon,Cathleen Samantha Craig,Cathleen.Samantha.Craig@dtaa.com,ITAdmin,1,1 - Adminstration,6 - Security,2 - ElectronicSecurity,Frances Alisa Wiggins,2010-05.csv
CSH0626,2010-01-07,3.0,2.0,2.0,1.0,0.0,0.0,0.0,0.0,0.0,0.0,0.0,0.0,0.0,0.0,0.0,0.0,0.0,0.0,0.0,0.0,0.0,0.0,0.0,0.0,0.0,0.0,0.0,0.0,20,Logon activity outside working hours,1,0.21080028385880267,0,0.10719355742630612,0.697005956229538,0,20,low,Logon activity outside working hours,Colin Stuart Holloway,Colin.Stuart.Holloway@dtaa.com,Salesman,1,5 - SalesAndMarketing,2 - Sales,3 - RegionalSales,Winter Veda Burks,2011-05.csv
CTA0020,2010-01-04,1.0,1.0,0.0,1.0,16.0,8.0,8.0,0.0,1.0,1.0,0.0,1.0,1.0,0.0,0.0,0.0,0.0,0.0,11.0,0.0,373403.0,33945.72727272727,5.0,4.0,22.0,12.0,10.0,1.0,15,USB activity detected,1,0.03502376679826846,0,0.35125844504917625,0.697005956229538,0,15,low,USB activity detected,Curran Tarik Ayala,Curran.Tarik.Ayala@dtaa.com,HumanResourceSpecialist,1,1 - Adminstration,1 - Personnel,,Bethany Xerxes Johnson,2011-05.csv
CTA0020,2010-01-05,2.0,1.0,0.0,1.0,14.0,7.0,7.0,0.0,1.0,0.0,0.0,0.0,0.0,0.0,0.0,0.0,0.0,0.0,0.0,0.0,0.0,0.0,0.0,0.0,0.0,0.0,0.0,0.0,15,USB activity detected,1,0.17046810280760916,0,0.08559964014512861,0.697005956229538,0,15,low,USB activity detected,Curran Tarik Ayala,Curran.Tarik.Ayala@dtaa.com,HumanResourceSpecialist,1,1 - Adminstration,1 - Personnel,,Bethany Xerxes Johnson,2011-05.csv
CTA0020,2010-01-06,1.0,1.0,0.0,1.0,16.0,8.0,8.0,0.0,1.0,0.0,0.0,0.0,0.0,0.0,0.0,0.0,0.0,0.0,0.0,0.0,0.0,0.0,0.0,0.0,0.0,0.0,0.0,0.0,15,USB activity detected,1,0.16146704881893265,0,0.0584363852007597,0.697005956229538,0,15,low,USB activity detected,Curran Tarik Ayala,Curran.Tarik.Ayala@dtaa.com,HumanResourceSpecialist,1,1 - Adminstration,1 - Personnel,,Bethany Xerxes Johnson,2011-05.csv
CTA0020,2010-01-07,2.0,0.0,0.0,1.0,18.0,9.0,9.0,0.0,1.0,6.0,0.0,6.0,1.0,0.0,0.0,0.0,0.0,0.0,0.0,0.0,0.0,0.0,0.0,0.0,0.0,0.0,0.0,0.0,15,USB activity detected,1,0.12757620379185086,0,0.1384145518555382,0.697005956229538,0,15,low,USB activity detected,Curran Tarik Ayala,Curran.Tarik.Ayala@dtaa.com,HumanResourceSpecialist,1,1 - Adminstration,1 - Personnel,,Bethany Xerxes Johnson,2011-05.csv
CTA0020,2010-01-08,0.0,0.0,0.0,0.0,16.0,8.0,8.0,0.0,1.0,0.0,0.0,0.0,0.0,0.0,0.0,0.0,0.0,0.0,0.0,0.0,0.0,0.0,0.0,0.0,0.0,0.0,0.0,0.0,15,USB activity detected,1,0.1503712295256983,0,0.029066476541412846,0.697005956229538,0,15,low,USB activity detected,Curran Tarik Ayala,Curran.Tarik.Ayala@dtaa.com,HumanResourceSpecialist,1,1 - Adminstration,1 - Personnel,,Bethany Xerxes Johnson,2011-05.csv
CTA0020,2010-01-11,0.0,0.0,0.0,0.0,18.0,9.0,9.0,0.0,1.0,0.0,0.0,0.0,0.0,0.0,0.0,0.0,0.0,0.0,0.0,0.0,0.0,0.0,0.0,0.0,0.0,0.0,0.0,0.0,15,USB activity detected,1,0.1353685565527865,0,0.0331418890848386,0.697005956229538,0,15,low,USB activity detected,Curran Tarik Ayala,Curran.Tarik.Ayala@dtaa.com,HumanResourceSpecialist,1,1 - Adminstration,1 - Personnel,,Bethany Xerxes Johnson,2011-05.csv
CTA0020,2010-01-12,0.0,0.0,0.0,0.0,18.0,9.0,9.0,0.0,1.0,0.0,0.0,0.0,0.0,0.0,0.0,0.0,0.0,0.0,0.0,0.0,0.0,0.0,0.0,0.0,0.0,0.0,0.0,0.0,15,USB activity detected,1,0.1353685565527865,0,0.0331418890848386,0.697005956229538,0,15,low,USB activity detected,Curran Tarik Ayala,Curran.Tarik.Ayala@dtaa.com,HumanResourceSpecialist,1,1 - Adminstration,1 - Personnel,,Bethany Xerxes Johnson,2011-05.csv
CTA0020,2010-01-13,0.0,0.0,0.0,0.0,14.0,7.0,7.0,0.0,1.0,0.0,0.0,0.0,0.0,0.0,0.0,0.0,0.0,0.0,0.0,0.0,0.0,0.0,0.0,0.0,0.0,0.0,0.0,0.0,15,USB activity detected,1,0.15757970960448348,0,0.02795770502625191,0.697005956229538,0,15,low,USB activity detected,Curran Tarik Ayala,Curran.Tarik.Ayala@dtaa.com,HumanResourceSpecialist,1,1 - Adminstration,1 - Personnel,,Bethany Xerxes Johnson,2011-05.csv
CWR0502,2010-01-04,2.0,1.0,0.0,1.0,4.0,2.0,2.0,0.0,1.0,4.0,0.0,4.0,1.0,0.0,0.0,0.0,0.0,0.0,13.0,0.0,422168.0,32474.46153846154,5.0,3.0,17.0,9.0,9.0,1.0,15,USB activity detected,1,0.06962990804557823,0,0.19378410274646352,0.697005956229538,0,15,low,USB activity detected,Colt Walter Reynolds,Colt.Walter.Reynolds@dtaa.com,Salesman,1,5 - SalesAndMarketing,2 - Sales,2 - RegionalSales,Bert Jason Henderson,2011-05.csv
CWR0502,2010-01-05,2.0,1.0,0.0,1.0,6.0,3.0,3.0,0.0,1.0,3.0,0.0,3.0,1.0,0.0,0.0,0.0,0.0,0.0,2.0,0.0,53144.0,26572.0,2.0,2.0,7.0,0.0,2.0,1.0,15,USB activity detected,1,0.1286321968584196,0,0.11317761574562343,0.697005956229538,0,15,low,USB activity detected,Colt Walter Reynolds,Colt.Walter.Reynolds@dtaa.com,Salesman,1,5 - SalesAndMarketing,2 - Sales,2 - RegionalSales,Bert Jason Henderson,2011-05.csv
CWR0502,2010-01-06,2.0,2.0,0.0,2.0,4.0,2.0,2.0,0.0,1.0,5.0,0.0,5.0,1.0,0.0,0.0,0.0,0.0,0.0,0.0,0.0,0.0,0.0,0.0,0.0,0.0,0.0,0.0,0.0,15,USB activity detected,1,0.19739824485856866,0,0.13459650569537326,0.697005956229538,0,15,low,USB activity detected,Colt Walter Reynolds,Colt.Walter.Reynolds@dtaa.com,Salesman,1,5 - SalesAndMarketing,2 - Sales,2 - RegionalSales,Bert Jason Henderson,2011-05.csv
CWR0502,2010-01-07,2.0,0.0,0.0,1.0,2.0,1.0,1.0,0.0,1.0,1.0,0.0,1.0,1.0,0.0,0.0,0.0,0.0,0.0,0.0,0.0,0.0,0.0,0.0,0.0,0.0,0.0,0.0,0.0,15,USB activity detected,1,0.214976380303878,0,0.1141002669003329,0.697005956229538,0,15,low,USB activity detected,Colt Walter Reynolds,Colt.Walter.Reynolds@dtaa.com,Salesman,1,5 - SalesAndMarketing,2 - Sales,2 - RegionalSales,Bert Jason Henderson,2011-05.csv
CWR0502,2010-01-11,0.0,0.0,0.0,0.0,2.0,1.0,1.0,0.0,1.0,3.0,0.0,3.0,1.0,0.0,0.0,0.0,0.0,0.0,0.0,0.0,0.0,0.0,0.0,0.0,0.0,0.0,0.0,0.0,15,USB activity detected,1,0.22764297473751488,0,0.03607755261692584,0.697005956229538,0,15,low,USB activity detected,Colt Walter Reynolds,Colt.Walter.Reynolds@dtaa.com,Salesman,1,5 - SalesAndMarketing,2 - Sales,2 - RegionalSales,Bert Jason Henderson,2011-05.csv
DAL0673,2010-01-04,2.0,1.0,0.0,1.0,2.0,1.0,1.0,0.0,1.0,3.0,0.0,3.0,1.0,0.0,0.0,0.0,0.0,0.0,9.0,0.0,298191.0,33132.333333333336,7.0,3.0,13.0,6.0,7.0,1.0,15,USB activity detected,1,0.1111371996645415,0,0.11242360660471451,0.697005956229538,0,15,low,USB activity detected,Demetrius Alvin Levy,Demetrius.Alvin.Levy@dtaa.com,Physicist,1,2 - ResearchAndEngineering,1 - Research,4 - Lab,Sarah Imelda Juarez,2011-05.csv
DAL0673,2010-01-05,2.0,1.0,0.0,1.0,2.0,1.0,1.0,0.0,1.0,1.0,0.0,1.0,1.0,0.0,0.0,0.0,0.0,0.0,0.0,0.0,0.0,0.0,0.0,0.0,0.0,0.0,0.0,0.0,15,USB activity detected,1,0.22998455839507664,0,0.08881450891465004,0.697005956229538,0,15,low,USB activity detected,Demetrius Alvin Levy,Demetrius.Alvin.Levy@dtaa.com,Physicist,1,2 - ResearchAndEngineering,1 - Research,4 - Lab,Sarah Imelda Juarez,2011-05.csv
DAL0673,2010-01-06,2.0,1.0,0.0,1.0,2.0,1.0,1.0,0.0,1.0,1.0,0.0,1.0,1.0,0.0,0.0,0.0,0.0,0.0,0.0,0.0,0.0,0.0,0.0,0.0,0.0,0.0,0.0,0.0,15,USB activity detected,1,0.22998455839507664,0,0.08881450891465004,0.697005956229538,0,15,low,USB activity detected,Demetrius Alvin Levy,Demetrius.Alvin.Levy@dtaa.com,Physicist,1,2 - ResearchAndEngineering,1 - Research,4 - Lab,Sarah Imelda Juarez,2011-05.csv
DAL0673,2010-01-07,2.0,1.0,0.0,1.0,2.0,1.0,1.0,0.0,1.0,6.0,0.0,6.0,1.0,0.0,0.0,0.0,0.0,0.0,0.0,0.0,0.0,0.0,0.0,0.0,0.0,0.0,0.0,0.0,15,USB activity detected,1,0.2272330611977142,0,0.072241260561706,0.697005956229538,0,15,low,USB activity detected,Demetrius Alvin Levy,Demetrius.Alvin.Levy@dtaa.com,Physicist,1,2 - ResearchAndEngineering,1 - Research,4 - Lab,Sarah Imelda Juarez,2011-05.csv
DAL0673,2010-01-08,0.0,0.0,0.0,0.0,2.0,1.0,1.0,0.0,1.0,0.0,0.0,0.0,0.0,0.0,0.0,0.0,0.0,0.0,0.0,0.0,0.0,0.0,0.0,0.0,0.0,0.0,0.0,0.0,15,USB activity detected,1,0.24138913393585137,0,0.034578884745784924,0.697005956229538,0,15,low,USB activity detected,Demetrius Alvin Levy,Demetrius.Alvin.Levy@dtaa.com,Physicist,1,2 - ResearchAndEngineering,1 - Research,4 - Lab,Sarah Imelda Juarez,2011-05.csv
DAL0673,2010-01-11,0.0,0.0,0.0,0.0,4.0,2.0,2.0,0.0,1.0,2.0,0.0,2.0,1.0,0.0,0.0,0.0,0.0,0.0,0.0,0.0,0.0,0.0,0.0,0.0,0.0,0.0,0.0,0.0,15,USB activity detected,1,0.2290339102880541,0,0.037354675290764694,0.697005956229538,0,15,low,USB activity detected,Demetrius Alvin Levy,Demetrius.Alvin.Levy@dtaa.com,Physicist,1,2 - ResearchAndEngineering,1 - Research,4 - Lab,Sarah Imelda Juarez,2011-05.csv
DAL0673,2010-01-12,0.0,0.0,0.0,0.0,2.0,1.0,1.0,0.0,1.0,0.0,0.0,0.0,0.0,0.0,0.0,0.0,0.0,0.0,0.0,0.0,0.0,0.0,0.0,0.0,0.0,0.0,0.0,0.0,15,USB activity detected,1,0.24138913393585137,0,0.034578884745784924,0.697005956229538,0,15,low,USB activity detected,Demetrius Alvin Levy,Demetrius.Alvin.Levy@dtaa.com,Physicist,1,2 - ResearchAndEngineering,1 - Research,4 - Lab,Sarah Imelda Juarez,2011-05.csv
DBB0384,2010-01-04,1.0,1.0,0.0,1.0,18.0,9.0,9.0,0.0,1.0,27.0,0.0,27.0,1.0,0.0,0.0,0.0,0.0,0.0,9.0,0.0,245561.0,27284.555555555555,0.0,0.0,14.0,4.0,0.0,1.0,45,USB activity detected; High file copy activity,1,0.00920837216645265,0,0.20369115994906117,0.697005956229538,0,45,medium,USB activity detected; High file copy activity,Demetrius Barry Bullock,Demetrius.Barry.Bullock@dtaa.com,Scientist,1,2 - ResearchAndEngineering,1 - Research,2 - Lab,Kim Dara Sullivan,2011-05.csv
DBB0384,2010-01-05,1.0,1.0,0.0,1.0,18.0,9.0,9.0,0.0,1.0,27.0,0.0,27.0,1.0,0.0,0.0,0.0,0.0,0.0,0.0,0.0,0.0,0.0,0.0,0.0,0.0,0.0,0.0,0.0,45,USB activity detected; High file copy activity,1,0.07404346950740104,0,0.07365074946758597,0.697005956229538,0,45,medium,USB activity detected; High file copy activity,Demetrius Barry Bullock,Demetrius.Barry.Bullock@dtaa.com,Scientist,1,2 - ResearchAndEngineering,1 - Research,2 - Lab,Kim Dara Sullivan,2011-05.csv
DBB0384,2010-01-06,1.0,1.0,0.0,1.0,18.0,9.0,9.0,0.0,1.0,21.0,0.0,21.0,1.0,0.0,0.0,0.0,0.0,0.0,0.0,0.0,0.0,0.0,0.0,0.0,0.0,0.0,0.0,0.0,45,USB activity detected; High file copy activity,1,0.09301257005087582,0,0.05526364324658879,0.697005956229538,0,45,medium,USB activity detected; High file copy activity,Demetrius Barry Bullock,Demetrius.Barry.Bullock@dtaa.com,Scientist,1,2 - ResearchAndEngineering,1 - Research,2 - Lab,Kim Dara Sullivan,2011-05.csv
DBB0384,2010-01-07,1.0,1.0,0.0,1.0,18.0,9.0,9.0,0.0,1.0,26.0,0.0,26.0,1.0,0.0,0.0,0.0,0.0,0.0,0.0,0.0,0.0,0.0,0.0,0.0,0.0,0.0,0.0,0.0,45,USB activity detected; High file copy activity,1,0.0759126083675915,0,0.06811636280098399,0.697005956229538,0,45,medium,USB activity detected; High file copy activity,Demetrius Barry Bullock,Demetrius.Barry.Bullock@dtaa.com,Scientist,1,2 - ResearchAndEngineering,1 - Research,2 - Lab,Kim Dara Sullivan,2011-05.csv
DBB0384,2010-01-08,0.0,0.0,0.0,0.0,18.0,9.0,9.0,0.0,1.0,27.0,0.0,27.0,1.0,0.0,0.0,0.0,0.0,0.0,0.0,0.0,0.0,0.0,0.0,0.0,0.0,0.0,0.0,0.0,45,USB activity detected; High file copy activity,1,0.07587931229607192,0,0.07597268567036625,0.697005956229538,0,45,medium,USB activity detected; High file copy activity,Demetrius Barry Bullock,Demetrius.Barry.Bullock@dtaa.com,Scientist,1,2 - ResearchAndEngineering,1 - Research,2 - Lab,Kim Dara Sullivan,2011-05.csv
DBB0384,2010-01-11,0.0,0.0,0.0,0.0,18.0,9.0,9.0,0.0,1.0,25.0,0.0,25.0,1.0,0.0,0.0,0.0,0.0,0.0,0.0,0.0,0.0,0.0,0.0,0.0,0.0,0.0,0.0,0.0,45,USB activity detected; High file copy activity,1,0.07991451776140734,0,0.06852870621444451,0.697005956229538,0,45,medium,USB activity detected; High file copy activity,Demetrius Barry Bullock,Demetrius.Barry.Bullock@dtaa.com,Scientist,1,2 - ResearchAndEngineering,1 - Research,2 - Lab,Kim Dara Sullivan,2011-05.csv
DBB0384,2010-01-12,0.0,0.0,0.0,0.0,18.0,9.0,9.0,0.0,1.0,23.0,0.0,23.0,1.0,0.0,0.0,0.0,0.0,0.0,0.0,0.0,0.0,0.0,0.0,0.0,0.0,0.0,0.0,0.0,45,USB activity detected; High file copy activity,1,0.09831752621263734,0,0.06625378783254582,0.697005956229538,0,45,medium,USB activity detected; High file copy activity,Demetrius Barry Bullock,Demetrius.Barry.Bullock@dtaa.com,Scientist,1,2 - ResearchAndEngineering,1 - Research,2 - Lab,Kim Dara Sullivan,2011-05.csv
DBB0384,2010-01-13,0.0,0.0,0.0,0.0,18.0,9.0,9.0,0.0,1.0,0.0,0.0,0.0,0.0,0.0,0.0,0.0,0.0,0.0,0.0,0.0,0.0,0.0,0.0,0.0,0.0,0.0,0.0,0.0,15,USB activity detected,1,0.1353685565527865,0,0.0331418890848386,0.697005956229538,0,15,low,USB activity detected,Demetrius Barry Bullock,Demetrius.Barry.Bullock@dtaa.com,Scientist,1,2 - ResearchAndEngineering,1 - Research,2 - Lab,Kim Dara Sullivan,2011-05.csv
DFH0188,2010-01-04,3.0,2.0,0.0,2.0,2.0,1.0,1.0,0.0,1.0,27.0,0.0,27.0,1.0,1.0,0.0,1.0,1.0,1.0,3.0,0.0,92118.0,30706.0,2.0,1.0,6.0,3.0,2.0,1.0,45,USB activity detected; High file copy activity,1,0.013322195063472764,0,0.7683540571369749,0.697005956229538,1,75,high,USB activity detected; High file copy activity; AI anomaly detected by TensorFlow Autoencoder,Dean Flynn Hines,Dean.Flynn.Hines@dtaa.com,Technician,1,5 - SalesAndMarketing,3 - FieldService,1 - RegionalFieldService,Garrett Nicholas Solomon,2011-05.csv
DFH0188,2010-01-05,2.0,1.0,0.0,1.0,2.0,1.0,1.0,0.0,1.0,27.0,0.0,27.0,1.0,0.0,0.0,0.0,0.0,0.0,0.0,0.0,0.0,0.0,0.0,0.0,0.0,0.0,0.0,0.0,45,USB activity detected; High file copy activity,1,0.12429521818915745,0,0.08133389712933653,0.697005956229538,0,45,medium,USB activity detected; High file copy activity,Dean Flynn Hines,Dean.Flynn.Hines@dtaa.com,Technician,1,5 - SalesAndMarketing,3 - FieldService,1 - RegionalFieldService,Garrett Nicholas Solomon,2011-05.csv
DFH0188,2010-01-06,2.0,2.0,0.0,2.0,2.0,1.0,1.0,0.0,1.0,25.0,0.0,25.0,1.0,0.0,0.0,0.0,0.0,0.0,0.0,0.0,0.0,0.0,0.0,0.0,0.0,0.0,0.0,0.0,45,USB activity detected; High file copy activity,1,0.10217036391341638,0,0.11059896919110439,0.697005956229538,0,45,medium,USB activity detected; High file copy activity,Dean Flynn Hines,Dean.Flynn.Hines@dtaa.com,Technician,1,5 - SalesAndMarketing,3 - FieldService,1 - RegionalFieldService,Garrett Nicholas Solomon,2011-05.csv
DFH0188,2010-01-07,2.0,0.0,0.0,1.0,6.0,3.0,3.0,0.0,1.0,22.0,0.0,22.0,1.0,0.0,0.0,0.0,0.0,0.0,0.0,0.0,0.0,0.0,0.0,0.0,0.0,0.0,0.0,0.0,45,USB activity detected; High file copy activity,1,0.1336121215262711,0,0.0913699117655168,0.697005956229538,0,45,medium,USB activity detected; High file copy activity,Dean Flynn Hines,Dean.Flynn.Hines@dtaa.com,Technician,1,5 - SalesAndMarketing,3 - FieldService,1 - RegionalFieldService,Garrett Nicholas Solomon,2011-05.csv
DFH0188,2010-01-08,0.0,0.0,0.0,0.0,4.0,2.0,2.0,0.0,1.0,23.0,0.0,23.0,1.0,0.0,0.0,0.0,0.0,0.0,0.0,0.0,0.0,0.0,0.0,0.0,0.0,0.0,0.0,0.0,45,USB activity detected; High file copy activity,1,0.141839455365387,0,0.041618373540930315,0.697005956229538,0,45,medium,USB activity detected; High file copy activity,Dean Flynn Hines,Dean.Flynn.Hines@dtaa.com,Technician,1,5 - SalesAndMarketing,3 - FieldService,1 - RegionalFieldService,Garrett Nicholas Solomon,2011-05.csv
DFH0188,2010-01-11,0.0,0.0,0.0,0.0,2.0,1.0,1.0,0.0,1.0,26.0,0.0,26.0,1.0,0.0,0.0,0.0,0.0,0.0,0.0,0.0,0.0,0.0,0.0,0.0,0.0,0.0,0.0,0.0,45,USB activity detected; High file copy activity,1,0.1180581580291774,0,0.06603158622612748,0.697005956229538,0,45,medium,USB activity detected; High file copy activity,Dean Flynn Hines,Dean.Flynn.Hines@dtaa.com,Technician,1,5 - SalesAndMarketing,3 - FieldService,1 - RegionalFieldService,Garrett Nicholas Solomon,2011-05.csv
DFH0188,2010-01-12,0.0,0.0,0.0,0.0,4.0,2.0,2.0,0.0,1.0,24.0,0.0,24.0,1.0,0.0,0.0,0.0,0.0,0.0,0.0,0.0,0.0,0.0,0.0,0.0,0.0,0.0,0.0,0.0,45,USB activity detected; High file copy activity,1,0.13302661650006153,0,0.04423025012868565,0.697005956229538,0,45,medium,USB activity detected; High file copy activity,Dean Flynn Hines,Dean.Flynn.Hines@dtaa.com,Technician,1,5 - SalesAndMarketing,3 - FieldService,1 - RegionalFieldService,Garrett Nicholas Solomon,2011-05.csv
DFH0188,2010-01-13,0.0,0.0,0.0,0.0,2.0,1.0,1.0,0.0,1.0,0.0,0.0,0.0,0.0,0.0,0.0,0.0,0.0,0.0,0.0,0.0,0.0,0.0,0.0,0.0,0.0,0.0,0.0,0.0,15,USB activity detected,1,0.24138913393585137,0,0.034578884745784924,0.697005956229538,0,15,low,USB activity detected,Dean Flynn Hines,Dean.Flynn.Hines@dtaa.com,Technician,1,5 - SalesAndMarketing,3 - FieldService,1 - RegionalFieldService,Garrett Nicholas Solomon,2011-05.csv
DFR0218,2010-01-04,4.0,4.0,4.0,4.0,0.0,0.0,0.0,0.0,0.0,0.0,0.0,0.0,0.0,3.0,0.0,3.0,3.0,1.0,11.0,0.0,328244.0,29840.363636363636,4.0,2.0,19.0,7.0,0.0,1.0,35,Logon activity outside working hours; Multiple PCs used for logon,1,0.023653622582343825,0,0.13582881575410413,0.697005956229538,0,35,medium,Logon activity outside working hours; Multiple PCs used for logon,Daria Felicia Rowland,Daria.Felicia.Rowland@dtaa.com,ITAdmin,1,1 - Adminstration,6 - Security,2 - ElectronicSecurity,Frances Alisa Wiggins,2011-05.csv
DFR0218,2010-01-06,6.0,6.0,10.0,6.0,0.0,0.0,0.0,0.0,0.0,0.0,0.0,0.0,0.0,0.0,0.0,0.0,0.0,0.0,0.0,0.0,0.0,0.0,0.0,0.0,0.0,0.0,0.0,0.0,35,Logon activity outside working hours; Multiple PCs used for logon,1,0.039531390419569434,0,0.922430664601526,0.697005956229538,1,65,high,Logon activity outside working hours; Multiple PCs used for logon; AI anomaly detected by TensorFlow Autoencoder,Daria Felicia Rowland,Daria.Felicia.Rowland@dtaa.com,ITAdmin,1,1 - Adminstration,6 - Security,2 - ElectronicSecurity,Frances Alisa Wiggins,2011-05.csv
DFR0218,2010-01-07,2.0,2.0,2.0,2.0,0.0,0.0,0.0,0.0,0.0,0.0,0.0,0.0,0.0,0.0,0.0,0.0,0.0,0.0,0.0,0.0,0.0,0.0,0.0,0.0,0.0,0.0,0.0,0.0,20,Logon activity outside working hours,1,0.20806636614290203,0,0.03031814517863815,0.697005956229538,0,20,low,Logon activity outside working hours,Daria Felicia Rowland,Daria.Felicia.Rowland@dtaa.com,ITAdmin,1,1 - Adminstration,6 - Security,2 - ElectronicSecurity,Frances Alisa Wiggins,2011-05.csv
DIB0081,2010-01-04,2.0,2.0,0.0,2.0,4.0,2.0,2.0,0.0,1.0,5.0,0.0,5.0,1.0,0.0,0.0,0.0,0.0,0.0,8.0,0.0,248566.0,31070.75,5.0,4.0,15.0,4.0,0.0,1.0,15,USB activity detected,1,0.07966674728419787,0,0.21275389893697588,0.697005956229538,0,15,low,USB activity detected,Drew Ivan Beck,Drew.Ivan.Beck@dtaa.com,MechanicalEngineer,1,2 - ResearchAndEngineering,3 - Engineering,1 - MechanicalEngineering,Harper Price Harris,2010-07.csv
DIB0081,2010-01-05,2.0,1.0,0.0,1.0,4.0,2.0,2.0,0.0,1.0,9.0,0.0,9.0,1.0,0.0,0.0,0.0,0.0,0.0,0.0,0.0,0.0,0.0,0.0,0.0,0.0,0.0,0.0,0.0,15,USB activity detected,1,0.20411111182763758,0,0.06946062981945414,0.697005956229538,0,15,low,USB activity detected,Drew Ivan Beck,Drew.Ivan.Beck@dtaa.com,MechanicalEngineer,1,2 - ResearchAndEngineering,3 - Engineering,1 - MechanicalEngineering,Harper Price Harris,2010-07.csv
DIB0081,2010-01-06,3.0,2.0,0.0,2.0,6.0,3.0,3.0,0.0,1.0,12.0,0.0,12.0,1.0,0.0,0.0,0.0,0.0,0.0,0.0,0.0,0.0,0.0,0.0,0.0,0.0,0.0,0.0,0.0,15,USB activity detected,1,0.14181945697097392,0,0.17622846180288704,0.697005956229538,0,15,low,USB activity detected,Drew Ivan Beck,Drew.Ivan.Beck@dtaa.com,MechanicalEngineer,1,2 - ResearchAndEngineering,3 - Engineering,1 - MechanicalEngineering,Harper Price Harris,2010-07.csv
DIB0081,2010-01-07,2.0,1.0,0.0,1.0,2.0,1.0,1.0,0.0,1.0,12.0,0.0,12.0,1.0,0.0,0.0,0.0,0.0,0.0,0.0,0.0,0.0,0.0,0.0,0.0,0.0,0.0,0.0,0.0,15,USB activity detected,1,0.1950845813667198,0,0.07164996203964247,0.697005956229538,0,15,low,USB activity detected,Drew Ivan Beck,Drew.Ivan.Beck@dtaa.com,MechanicalEngineer,1,2 - ResearchAndEngineering,3 - Engineering,1 - MechanicalEngineering,Harper Price Harris,2010-07.csv
DIB0081,2010-01-08,0.0,0.0,0.0,0.0,6.0,3.0,3.0,0.0,1.0,6.0,0.0,6.0,1.0,0.0,0.0,0.0,0.0,0.0,0.0,0.0,0.0,0.0,0.0,0.0,0.0,0.0,0.0,0.0,15,USB activity detected,1,0.20918704781614778,0,0.02541740156256517,0.697005956229538,0,15,low,USB activity detected,Drew Ivan Beck,Drew.Ivan.Beck@dtaa.com,MechanicalEngineer,1,2 - ResearchAndEngineering,3 - Engineering,1 - MechanicalEngineering,Harper Price Harris,2010-07.csv
DIB0081,2010-01-11,0.0,0.0,0.0,0.0,6.0,3.0,3.0,0.0,1.0,13.0,0.0,13.0,1.0,0.0,0.0,0.0,0.0,0.0,0.0,0.0,0.0,0.0,0.0,0.0,0.0,0.0,0.0,0.0,15,USB activity detected,1,0.1757035074014066,0,0.032416826526328754,0.697005956229538,0,15,low,USB activity detected,Drew Ivan Beck,Drew.Ivan.Beck@dtaa.com,MechanicalEngineer,1,2 - ResearchAndEngineering,3 - Engineering,1 - MechanicalEngineering,Harper Price Harris,2010-07.csv
DIB0081,2010-01-12,0.0,0.0,0.0,0.0,4.0,2.0,2.0,0.0,1.0,10.0,0.0,10.0,1.0,0.0,0.0,0.0,0.0,0.0,0.0,0.0,0.0,0.0,0.0,0.0,0.0,0.0,0.0,0.0,15,USB activity detected,1,0.20394893691682536,0,0.02463885376788887,0.697005956229538,0,15,low,USB activity detected,Drew Ivan Beck,Drew.Ivan.Beck@dtaa.com,MechanicalEngineer,1,2 - ResearchAndEngineering,3 - Engineering,1 - MechanicalEngineering,Harper Price Harris,2010-07.csv
DIB0081,2010-01-13,0.0,0.0,0.0,0.0,4.0,2.0,2.0,0.0,1.0,0.0,0.0,0.0,0.0,0.0,0.0,0.0,0.0,0.0,0.0,0.0,0.0,0.0,0.0,0.0,0.0,0.0,0.0,0.0,15,USB activity detected,1,0.24050968498880276,0,0.029387747032837967,0.697005956229538,0,15,low,USB activity detected,Drew Ivan Beck,Drew.Ivan.Beck@dtaa.com,MechanicalEngineer,1,2 - ResearchAndEngineering,3 - Engineering,1 - MechanicalEngineering,Harper Price Harris,2010-07.csv
DIB0285,2010-01-04,1.0,1.0,0.0,1.0,6.0,3.0,3.0,0.0,1.0,3.0,0.0,3.0,1.0,0.0,0.0,0.0,0.0,0.0,4.0,0.0,119853.0,29963.25,3.0,2.0,5.0,1.0,0.0,1.0,15,USB activity detected,1,0.12018158799136314,0,0.1003182819178873,0.697005956229538,0,15,low,USB activity detected,Deanna Imelda Blanchard,Deanna.Imelda.Blanchard@dtaa.com,ElectricalEngineer,1,2 - ResearchAndEngineering,3 - Engineering,5 - TestAndEvalualtion,Rose Hanae Yates,2010-08.csv
DIB0285,2010-01-05,1.0,1.0,0.0,1.0,4.0,2.0,2.0,0.0,1.0,2.0,0.0,2.0,1.0,0.0,0.0,0.0,0.0,0.0,0.0,0.0,0.0,0.0,0.0,0.0,0.0,0.0,0.0,0.0,15,USB activity detected,1,0.2339467796911417,0,0.06003208253189664,0.697005956229538,0,15,low,USB activity detected,Deanna Imelda Blanchard,Deanna.Imelda.Blanchard@dtaa.com,ElectricalEngineer,1,2 - ResearchAndEngineering,3 - Engineering,5 - TestAndEvalualtion,Rose Hanae Yates,2010-08.csv
DIB0285,2010-01-06,1.0,1.0,0.0,1.0,4.0,2.0,2.0,0.0,1.0,3.0,0.0,3.0,1.0,0.0,0.0,0.0,0.0,0.0,0.0,0.0,0.0,0.0,0.0,0.0,0.0,0.0,0.0,0.0,15,USB activity detected,1,0.23643228612295497,0,0.05707511694974386,0.697005956229538,0,15,low,USB activity detected,Deanna Imelda Blanchard,Deanna.Imelda.Blanchard@dtaa.com,ElectricalEngineer,1,2 - ResearchAndEngineering,3 - Engineering,5 - TestAndEvalualtion,Rose Hanae Yates,2010-08.csv
DIB0285,2010-01-07,1.0,0.0,0.0,1.0,6.0,3.0,3.0,0.0,1.0,5.0,0.0,5.0,1.0,0.0,0.0,0.0,0.0,0.0,0.0,0.0,0.0,0.0,0.0,0.0,0.0,0.0,0.0,0.0,15,USB activity detected,1,0.2133865775356834,0,0.055817262952321645,0.697005956229538,0,15,low,USB activity detected,Deanna Imelda Blanchard,Deanna.Imelda.Blanchard@dtaa.com,ElectricalEngineer,1,2 - ResearchAndEngineering,3 - Engineering,5 - TestAndEvalualtion,Rose Hanae Yates,2010-08.csv
DIB0285,2010-01-08,0.0,0.0,0.0,0.0,4.0,2.0,2.0,0.0,1.0,1.0,0.0,1.0,1.0,0.0,0.0,0.0,0.0,0.0,0.0,0.0,0.0,0.0,0.0,0.0,0.0,0.0,0.0,0.0,15,USB activity detected,1,0.22508479258999203,0,0.041893755833660756,0.697005956229538,0,15,low,USB activity detected,Deanna Imelda Blanchard,Deanna.Imelda.Blanchard@dtaa.com,ElectricalEngineer,1,2 - ResearchAndEngineering,3 - Engineering,5 - TestAndEvalualtion,Rose Hanae Yates,2010-08.csv
DIB0285,2010-01-11,0.0,0.0,0.0,0.0,4.0,2.0,2.0,0.0,1.0,2.0,0.0,2.0,1.0,0.0,0.0,0.0,0.0,0.0,0.0,0.0,0.0,0.0,0.0,0.0,0.0,0.0,0.0,0.0,15,USB activity detected,1,0.2290339102880541,0,0.037354675290764694,0.697005956229538,0,15,low,USB activity detected,Deanna Imelda Blanchard,Deanna.Imelda.Blanchard@dtaa.com,ElectricalEngineer,1,2 - ResearchAndEngineering,3 - Engineering,5 - TestAndEvalualtion,Rose Hanae Yates,2010-08.csv
DIB0285,2010-01-12,0.0,0.0,0.0,0.0,6.0,3.0,3.0,0.0,1.0,0.0,0.0,0.0,0.0,0.0,0.0,0.0,0.0,0.0,0.0,0.0,0.0,0.0,0.0,0.0,0.0,0.0,0.0,0.0,15,USB activity detected,1,0.21255883227265943,0,0.027228099363080988,0.697005956229538,0,15,low,USB activity detected,Deanna Imelda Blanchard,Deanna.Imelda.Blanchard@dtaa.com,ElectricalEngineer,1,2 - ResearchAndEngineering,3 - Engineering,5 - TestAndEvalualtion,Rose Hanae Yates,2010-08.csv
DIB0285,2010-01-13,0.0,0.0,0.0,0.0,2.0,1.0,1.0,0.0,1.0,0.0,0.0,0.0,0.0,0.0,0.0,0.0,0.0,0.0,0.0,0.0,0.0,0.0,0.0,0.0,0.0,0.0,0.0,0.0,15,USB activity detected,1,0.24138913393585137,0,0.034578884745784924,0.697005956229538,0,15,low,USB activity detected,Deanna Imelda Blanchard,Deanna.Imelda.Blanchard@dtaa.com,ElectricalEngineer,1,2 - ResearchAndEngineering,3 - Engineering,5 - TestAndEvalualtion,Rose Hanae Yates,2010-08.csv
DID0650,2010-01-04,1.0,1.0,1.0,1.0,0.0,0.0,0.0,0.0,0.0,0.0,0.0,0.0,0.0,0.0,0.0,0.0,0.0,0.0,3.0,0.0,151679.0,50559.666666666664,0.0,0.0,7.0,3.0,0.0,1.0,20,Logon activity outside working hours,1,0.1754192130362207,0,0.155078321976463,0.697005956229538,0,20,low,Logon activity outside working hours,Denise Ifeoma Doyle,Denise.Ifeoma.Doyle@dtaa.com,Technician,1,5 - SalesAndMarketing,3 - FieldService,3 - RegionalFieldService,Hedwig Regina Livingston,2011-05.csv
DID0650,2010-01-05,1.0,1.0,1.0,1.0,0.0,0.0,0.0,0.0,0.0,0.0,0.0,0.0,0.0,0.0,0.0,0.0,0.0,0.0,0.0,0.0,0.0,0.0,0.0,0.0,0.0,0.0,0.0,0.0,20,Logon activity outside working hours,1,0.2543368308857394,0,0.04029176788212439,0.697005956229538,0,20,low,Logon activity outside working hours,Denise Ifeoma Doyle,Denise.Ifeoma.Doyle@dtaa.com,Technician,1,5 - SalesAndMarketing,3 - FieldService,3 - RegionalFieldService,Hedwig Regina Livingston,2011-05.csv
DID0650,2010-01-06,1.0,1.0,1.0,1.0,0.0,0.0,0.0,0.0,0.0,0.0,0.0,0.0,0.0,0.0,0.0,0.0,0.0,0.0,0.0,0.0,0.0,0.0,0.0,0.0,0.0,0.0,0.0,0.0,20,Logon activity outside working hours,1,0.2543368308857394,0,0.040291766473220345,0.697005956229538,0,20,low,Logon activity outside working hours,Denise Ifeoma Doyle,Denise.Ifeoma.Doyle@dtaa.com,Technician,1,5 - SalesAndMarketing,3 - FieldService,3 - RegionalFieldService,Hedwig Regina Livingston,2011-05.csv
DIW0118,2010-01-04,3.0,2.0,0.0,2.0,6.0,3.0,3.0,0.0,1.0,4.0,0.0,4.0,1.0,10.0,0.0,7.0,7.0,1.0,14.0,0.0,389463.0,27818.785714285714,9.0,6.0,22.0,8.0,0.0,1.0,15,USB activity detected,-1,-0.0031457327649804245,1,0.7874950041400126,0.697005956229538,1,85,critical,USB activity detected; AI anomaly detected by Isolation Forest; AI anomaly detected by TensorFlow Autoencoder,Delilah Iliana Wilkinson,Delilah.Iliana.Wilkinson@dtaa.com,Manager,1,3 - Manufacturing,3 - Assembly,,Byron Tyrone Williamson,2011-05.csv
DIW0118,2010-01-05,2.0,1.0,0.0,1.0,4.0,2.0,2.0,0.0,1.0,4.0,0.0,4.0,1.0,0.0,0.0,0.0,0.0,0.0,14.0,0.0,416150.0,29725.0,7.0,3.0,24.0,3.0,0.0,1.0,15,USB activity detected,1,0.071616790705754,0,0.21866820842458343,0.697005956229538,0,15,low,USB activity detected,Delilah Iliana Wilkinson,Delilah.Iliana.Wilkinson@dtaa.com,Manager,1,3 - Manufacturing,3 - Assembly,,Byron Tyrone Williamson,2011-05.csv
DIW0118,2010-01-06,3.0,2.0,0.0,2.0,2.0,1.0,1.0,0.0,1.0,2.0,0.0,2.0,1.0,0.0,0.0,0.0,0.0,0.0,0.0,0.0,0.0,0.0,0.0,0.0,0.0,0.0,0.0,0.0,15,USB activity detected,1,0.19129602542201807,0,0.18207638451577335,0.697005956229538,0,15,low,USB activity detected,Delilah Iliana Wilkinson,Delilah.Iliana.Wilkinson@dtaa.com,Manager,1,3 - Manufacturing,3 - Assembly,,Byron Tyrone Williamson,2011-05.csv
DIW0118,2010-01-07,2.0,1.0,0.0,1.0,4.0,2.0,2.0,0.0,1.0,3.0,0.0,3.0,1.0,0.0,0.0,0.0,0.0,0.0,0.0,0.0,0.0,0.0,0.0,0.0,0.0,0.0,0.0,0.0,15,USB activity detected,1,0.2310312203707111,0,0.08434180734293042,0.697005956229538,0,15,low,USB activity detected,Delilah Iliana Wilkinson,Delilah.Iliana.Wilkinson@dtaa.com,Manager,1,3 - Manufacturing,3 - Assembly,,Byron Tyrone Williamson,2011-05.csv
DIW0118,2010-01-08,0.0,0.0,0.0,0.0,4.0,2.0,2.0,0.0,1.0,6.0,0.0,6.0,1.0,0.0,0.0,0.0,0.0,0.0,0.0,0.0,0.0,0.0,0.0,0.0,0.0,0.0,0.0,0.0,15,USB activity detected,1,0.2250858456824696,0,0.025796192594961513,0.697005956229538,0,15,low,USB activity detected,Delilah Iliana Wilkinson,Delilah.Iliana.Wilkinson@dtaa.com,Manager,1,3 - Manufacturing,3 - Assembly,,Byron Tyrone Williamson,2011-05.csv
DIW0118,2010-01-11,0.0,0.0,0.0,0.0,8.0,4.0,4.0,0.0,1.0,5.0,0.0,5.0,1.0,0.0,0.0,0.0,0.0,0.0,0.0,0.0,0.0,0.0,0.0,0.0,0.0,0.0,0.0,0.0,15,USB activity detected,1,0.19275973842598748,0,0.02764408548253236,0.697005956229538,0,15,low,USB activity detected,Delilah Iliana Wilkinson,Delilah.Iliana.Wilkinson@dtaa.com,Manager,1,3 - Manufacturing,3 - Assembly,,Byron Tyrone Williamson,2011-05.csv
DIW0118,2010-01-13,0.0,0.0,0.0,0.0,4.0,2.0,2.0,0.0,1.0,0.0,0.0,0.0,0.0,0.0,0.0,0.0,0.0,0.0,0.0,0.0,0.0,0.0,0.0,0.0,0.0,0.0,0.0,0.0,15,USB activity detected,1,0.24050968498880276,0,0.029387747032837967,0.697005956229538,0,15,low,USB activity detected,Delilah Iliana Wilkinson,Delilah.Iliana.Wilkinson@dtaa.com,Manager,1,3 - Manufacturing,3 - Assembly,,Byron Tyrone Williamson,2011-05.csv
DKB0631,2010-01-04,1.0,1.0,1.0,1.0,0.0,0.0,0.0,0.0,0.0,0.0,0.0,0.0,0.0,0.0,0.0,0.0,0.0,0.0,3.0,0.0,92608.0,30869.333333333332,0.0,0.0,7.0,1.0,0.0,1.0,20,Logon activity outside working hours,1,0.20175626599764035,0,0.06746413198442283,0.697005956229538,0,20,low,Logon activity outside working hours,Dai Keely Bullock,Dai.Keely.Bullock@dtaa.com,Technician,1,5 - SalesAndMarketing,3 - FieldService,3 - RegionalFieldService,Hedwig Regina Livingston,2011-05.csv
DKB0631,2010-01-05,1.0,1.0,1.0,1.0,0.0,0.0,0.0,0.0,0.0,0.0,0.0,0.0,0.0,0.0,0.0,0.0,0.0,0.0,0.0,0.0,0.0,0.0,0.0,0.0,0.0,0.0,0.0,0.0,20,Logon activity outside working hours,1,0.2543368308857394,0,0.04029176788212439,0.697005956229538,0,20,low,Logon activity outside working hours,Dai Keely Bullock,Dai.Keely.Bullock@dtaa.com,Technician,1,5 - SalesAndMarketing,3 - FieldService,3 - RegionalFieldService,Hedwig Regina Livingston,2011-05.csv
DKB0631,2010-01-06,1.0,1.0,1.0,1.0,0.0,0.0,0.0,0.0,0.0,0.0,0.0,0.0,0.0,0.0,0.0,0.0,0.0,0.0,0.0,0.0,0.0,0.0,0.0,0.0,0.0,0.0,0.0,0.0,20,Logon activity outside working hours,1,0.2543368308857394,0,0.04029176788212439,0.697005956229538,0,20,low,Logon activity outside working hours,Dai Keely Bullock,Dai.Keely.Bullock@dtaa.com,Technician,1,5 - SalesAndMarketing,3 - FieldService,3 - RegionalFieldService,Hedwig Regina Livingston,2011-05.csv
DLM0051,2010-01-03,1.0,1.0,1.0,1.0,18.0,9.0,9.0,0.0,1.0,21.0,0.0,21.0,1.0,190.0,9.0,49.0,48.0,1.0,18.0,0.0,572216.0,31789.777777777777,17.0,7.0,30.0,15.0,10.0,1.0,95,Logon activity outside working hours; USB activity detected; High file copy activity; Possible data exfiltration pattern,-1,-0.1257154298860208,1,2.468937766772895,0.697005956229538,1,100,critical,Logon activity outside working hours; USB activity detected; High file copy activity; Possible data exfiltration pattern; AI anomaly detected by Isolation Forest; AI anomaly detected by TensorFlow Autoencoder,Declan Lester Moss,Declan.Lester.Moss@dtaa.com,Director,1,2 - ResearchAndEngineering,3 - Engineering,,Kai Wynne Craft,2011-05.csv
DLM0051,2010-01-04,2.0,1.0,0.0,1.0,16.0,8.0,8.0,0.0,1.0,22.0,0.0,22.0,1.0,23.0,0.0,14.0,14.0,1.0,18.0,0.0,515271.0,28626.166666666668,10.0,6.0,34.0,20.0,6.0,1.0,45,USB activity detected; High file copy activity,-1,-0.07631284308213238,1,0.34345629009721534,0.697005956229538,0,85,critical,USB activity detected; High file copy activity; AI anomaly detected by Isolation Forest,Declan Lester Moss,Declan.Lester.Moss@dtaa.com,Director,1,2 - ResearchAndEngineering,3 - Engineering,,Kai Wynne Craft,2011-05.csv
DLM0051,2010-01-05,2.0,2.0,0.0,2.0,17.0,9.0,8.0,0.0,1.0,27.0,0.0,27.0,1.0,0.0,0.0,0.0,0.0,0.0,0.0,0.0,0.0,0.0,0.0,0.0,0.0,0.0,0.0,0.0,45,USB activity detected; High file copy activity,1,0.05126843896098876,0,0.1404838044549832,0.697005956229538,0,45,medium,USB activity detected; High file copy activity,Declan Lester Moss,Declan.Lester.Moss@dtaa.com,Director,1,2 - ResearchAndEngineering,3 - Engineering,,Kai Wynne Craft,2011-05.csv
DLM0051,2010-01-06,2.0,1.0,0.0,1.0,18.0,9.0,9.0,0.0,1.0,27.0,0.0,27.0,1.0,0.0,0.0,0.0,0.0,0.0,0.0,0.0,0.0,0.0,0.0,0.0,0.0,0.0,0.0,0.0,45,USB activity detected; High file copy activity,1,0.06852207528509924,0,0.10128950199285691,0.697005956229538,0,45,medium,USB activity detected; High file copy activity,Declan Lester Moss,Declan.Lester.Moss@dtaa.com,Director,1,2 - ResearchAndEngineering,3 - Engineering,,Kai Wynne Craft,2011-05.csv
DLM0051,2010-01-07,2.0,1.0,1.0,1.0,18.0,9.0,9.0,0.0,1.0,24.0,0.0,24.0,1.0,0.0,0.0,0.0,0.0,0.0,0.0,0.0,0.0,0.0,0.0,0.0,0.0,0.0,0.0,0.0,95,Logon activity outside working hours; USB activity detected; High file copy activity; Possible data exfiltration pattern,1,0.0424692573308898,0,0.36106488623958044,0.697005956229538,0,95,critical,Logon activity outside working hours; USB activity detected; High file copy activity; Possible data exfiltration pattern,Declan Lester Moss,Declan.Lester.Moss@dtaa.com,Director,1,2 - ResearchAndEngineering,3 - Engineering,,Kai Wynne Craft,2011-05.csv
DLM0051,2010-01-08,0.0,0.0,0.0,0.0,18.0,9.0,9.0,0.0,1.0,26.0,0.0,26.0,1.0,0.0,0.0,0.0,0.0,0.0,0.0,0.0,0.0,0.0,0.0,0.0,0.0,0.0,0.0,0.0,45,USB activity detected; High file copy activity,1,0.07805894001208902,0,0.07185445176116367,0.697005956229538,0,45,medium,USB activity detected; High file copy activity,Declan Lester Moss,Declan.Lester.Moss@dtaa.com,Director,1,2 - ResearchAndEngineering,3 - Engineering,,Kai Wynne Craft,2011-05.csv
DLM0051,2010-01-09,0.0,0.0,0.0,0.0,18.0,9.0,9.0,0.0,1.0,27.0,0.0,27.0,1.0,0.0,0.0,0.0,0.0,0.0,0.0,0.0,0.0,0.0,0.0,0.0,0.0,0.0,0.0,0.0,45,USB activity detected; High file copy activity,1,0.07587931229607192,0,0.07597268567036625,0.697005956229538,0,45,medium,USB activity detected; High file copy activity,Declan Lester Moss,Declan.Lester.Moss@dtaa.com,Director,1,2 - ResearchAndEngineering,3 - Engineering,,Kai Wynne Craft,2011-05.csv
DLM0051,2010-01-10,0.0,0.0,0.0,0.0,14.0,7.0,7.0,0.0,1.0,21.0,0.0,21.0,1.0,0.0,0.0,0.0,0.0,0.0,0.0,0.0,0.0,0.0,0.0,0.0,0.0,0.0,0.0,0.0,45,USB activity detected; High file copy activity,1,0.10997987929289399,0,0.05173449989261843,0.697005956229538,0,45,medium,USB activity detected; High file copy activity,Declan Lester Moss,Declan.Lester.Moss@dtaa.com,Director,1,2 - ResearchAndEngineering,3 - Engineering,,Kai Wynne Craft,2011-05.csv
DLM0051,2010-01-11,0.0,0.0,0.0,0.0,18.0,9.0,9.0,1.0,1.0,26.0,0.0,26.0,1.0,0.0,0.0,0.0,0.0,0.0,0.0,0.0,0.0,0.0,0.0,0.0,0.0,0.0,0.0,0.0,70,USB activity detected; USB activity outside working hours; High file copy activity,1,0.04772699647321099,0,0.2405219645973278,0.697005956229538,0,70,high,USB activity detected; USB activity outside working hours; High file copy activity,Declan Lester Moss,Declan.Lester.Moss@dtaa.com,Director,1,2 - ResearchAndEngineering,3 - Engineering,,Kai Wynne Craft,2011-05.csv
DLM0051,2010-01-12,0.0,0.0,0.0,0.0,18.0,9.0,9.0,0.0,1.0,22.0,0.0,22.0,1.0,0.0,0.0,0.0,0.0,0.0,0.0,0.0,0.0,0.0,0.0,0.0,0.0,0.0,0.0,0.0,45,USB activity detected; High file copy activity,1,0.09791650625471582,0,0.06480323387949001,0.697005956229538,0,45,medium,USB activity detected; High file copy activity,Declan Lester Moss,Declan.Lester.Moss@dtaa.com,Director,1,2 - ResearchAndEngineering,3 - Engineering,,Kai Wynne Craft,2011-05.csv
DLM0051,2010-01-13,0.0,0.0,0.0,0.0,16.0,8.0,8.0,0.0,1.0,0.0,0.0,0.0,0.0,0.0,0.0,0.0,0.0,0.0,0.0,0.0,0.0,0.0,0.0,0.0,0.0,0.0,0.0,0.0,15,USB activity detected,1,0.1503712295256983,0,0.029066476541412846,0.697005956229538,0,15,low,USB activity detected,Declan Lester Moss,Declan.Lester.Moss@dtaa.com,Director,1,2 - ResearchAndEngineering,3 - Engineering,,Kai Wynne Craft,2011-05.csv
DMG0358,2010-01-04,5.0,4.0,4.0,4.0,0.0,0.0,0.0,0.0,0.0,0.0,0.0,0.0,0.0,0.0,0.0,0.0,0.0,0.0,11.0,0.0,372363.0,33851.181818181816,10.0,4.0,20.0,7.0,0.0,1.0,35,Logon activity outside working hours; Multiple PCs used for logon,1,0.014577881317097918,0,0.13166481807047842,0.697005956229538,0,35,medium,Logon activity outside working hours; Multiple PCs used for logon,Dorothy Marny Goff,Dorothy.Marny.Goff@dtaa.com,ITAdmin,1,1 - Adminstration,6 - Security,3 - ElectronicSecurity,Francis Brian Armstrong,2011-05.csv
DMG0358,2010-01-05,5.0,4.0,4.0,4.0,0.0,0.0,0.0,0.0,0.0,0.0,0.0,0.0,0.0,0.0,0.0,0.0,0.0,0.0,0.0,0.0,0.0,0.0,0.0,0.0,0.0,0.0,0.0,0.0,35,Logon activity outside working hours; Multiple PCs used for logon,1,0.08727656933587313,0,0.03270114254469496,0.697005956229538,0,35,medium,Logon activity outside working hours; Multiple PCs used for logon,Dorothy Marny Goff,Dorothy.Marny.Goff@dtaa.com,ITAdmin,1,1 - Adminstration,6 - Security,3 - ElectronicSecurity,Francis Brian Armstrong,2011-05.csv
DMG0358,2010-01-06,5.0,4.0,4.0,4.0,0.0,0.0,0.0,0.0,0.0,0.0,0.0,0.0,0.0,0.0,0.0,0.0,0.0,0.0,0.0,0.0,0.0,0.0,0.0,0.0,0.0,0.0,0.0,0.0,35,Logon activity outside working hours; Multiple PCs used for logon,1,0.08727656933587313,0,0.03270114254469496,0.697005956229538,0,35,medium,Logon activity outside working hours; Multiple PCs used for logon,Dorothy Marny Goff,Dorothy.Marny.Goff@dtaa.com,ITAdmin,1,1 - Adminstration,6 - Security,3 - ElectronicSecurity,Francis Brian Armstrong,2011-05.csv
DMG0358,2010-01-07,4.0,3.0,4.0,3.0,0.0,0.0,0.0,0.0,0.0,0.0,0.0,0.0,0.0,0.0,0.0,0.0,0.0,0.0,0.0,0.0,0.0,0.0,0.0,0.0,0.0,0.0,0.0,0.0,35,Logon activity outside working hours; Multiple PCs used for logon,1,0.12256323099247035,0,0.0912360313413256,0.697005956229538,0,35,medium,Logon activity outside working hours; Multiple PCs used for logon,Dorothy Marny Goff,Dorothy.Marny.Goff@dtaa.com,ITAdmin,1,1 - Adminstration,6 - Security,3 - ElectronicSecurity,Francis Brian Armstrong,2011-05.csv
DMK0257,2010-01-04,2.0,1.0,0.0,1.0,2.0,1.0,1.0,0.0,1.0,7.0,0.0,7.0,1.0,1.0,0.0,1.0,1.0,1.0,9.0,0.0,263456.0,29272.88888888889,7.0,5.0,13.0,6.0,5.0,1.0,15,USB activity detected,1,0.07178796170722312,0,0.49068450364381566,0.697005956229538,0,15,low,USB activity detected,Desirae Mari Koch,Desirae.Mari.Koch@dtaa.com,ElectricalEngineer,1,2 - ResearchAndEngineering,3 - Engineering,2 - ElectricalEngineering,Dylan Tiger Terry,2011-05.csv
DMK0257,2010-01-05,3.0,2.0,2.0,1.0,4.0,2.0,2.0,0.0,1.0,9.0,0.0,9.0,1.0,0.0,0.0,0.0,0.0,0.0,9.0,0.0,307377.0,34153.0,7.0,5.0,15.0,10.0,5.0,1.0,35,Logon activity outside working hours; USB activity detected,1,0.018663989684139737,0,0.22419967017657869,0.697005956229538,0,35,medium,Logon activity outside working hours; USB activity detected,Desirae Mari Koch,Desirae.Mari.Koch@dtaa.com,ElectricalEngineer,1,2 - ResearchAndEngineering,3 - Engineering,2 - ElectricalEngineering,Dylan Tiger Terry,2011-05.csv
DMK0257,2010-01-06,2.0,1.0,0.0,1.0,6.0,3.0,3.0,0.0,1.0,5.0,0.0,5.0,1.0,0.0,0.0,0.0,0.0,0.0,0.0,0.0,0.0,0.0,0.0,0.0,0.0,0.0,0.0,0.0,15,USB activity detected,1,0.2177931583042476,0,0.08160384504842016,0.697005956229538,0,15,low,USB activity detected,Desirae Mari Koch,Desirae.Mari.Koch@dtaa.com,ElectricalEngineer,1,2 - ResearchAndEngineering,3 - Engineering,2 - ElectricalEngineering,Dylan Tiger Terry,2011-05.csv
DMK0257,2010-01-07,3.0,2.0,2.0,1.0,4.0,2.0,2.0,0.0,1.0,3.0,0.0,3.0,1.0,0.0,0.0,0.0,0.0,0.0,0.0,0.0,0.0,0.0,0.0,0.0,0.0,0.0,0.0,0.0,35,Logon activity outside working hours; USB activity detected,1,0.15153274735883349,0,0.14416555871951287,0.697005956229538,0,35,medium,Logon activity outside working hours; USB activity detected,Desirae Mari Koch,Desirae.Mari.Koch@dtaa.com,ElectricalEngineer,1,2 - ResearchAndEngineering,3 - Engineering,2 - ElectricalEngineering,Dylan Tiger Terry,2011-05.csv
DMK0257,2010-01-08,0.0,0.0,0.0,0.0,4.0,2.0,2.0,0.0,1.0,5.0,0.0,5.0,1.0,0.0,0.0,0.0,0.0,0.0,0.0,0.0,0.0,0.0,0.0,0.0,0.0,0.0,0.0,0.0,15,USB activity detected,1,0.22467427013337,0,0.027613971130823235,0.697005956229538,0,15,low,USB activity detected,Desirae Mari Koch,Desirae.Mari.Koch@dtaa.com,ElectricalEngineer,1,2 - ResearchAndEngineering,3 - Engineering,2 - ElectricalEngineering,Dylan Tiger Terry,2011-05.csv
DMK0257,2010-01-11,0.0,0.0,0.0,0.0,2.0,1.0,1.0,0.0,1.0,4.0,0.0,4.0,1.0,0.0,0.0,0.0,0.0,0.0,0.0,0.0,0.0,0.0,0.0,0.0,0.0,0.0,0.0,0.0,15,USB activity detected,1,0.2255480598108977,0,0.03194264222559186,0.697005956229538,0,15,low,USB activity detected,Desirae Mari Koch,Desirae.Mari.Koch@dtaa.com,ElectricalEngineer,1,2 - ResearchAndEngineering,3 - Engineering,2 - ElectricalEngineering,Dylan Tiger Terry,2011-05.csv
DMK0257,2010-01-12,0.0,0.0,0.0,0.0,2.0,1.0,1.0,0.0,1.0,1.0,0.0,1.0,1.0,0.0,0.0,0.0,0.0,0.0,0.0,0.0,0.0,0.0,0.0,0.0,0.0,0.0,0.0,0.0,15,USB activity detected,1,0.22229860667995976,0,0.04602747331857822,0.697005956229538,0,15,low,USB activity detected,Desirae Mari Koch,Desirae.Mari.Koch@dtaa.com,ElectricalEngineer,1,2 - ResearchAndEngineering,3 - Engineering,2 - ElectricalEngineering,Dylan Tiger Terry,2011-05.csv
DMK0257,2010-01-13,0.0,0.0,0.0,0.0,2.0,1.0,1.0,0.0,1.0,0.0,0.0,0.0,0.0,0.0,0.0,0.0,0.0,0.0,0.0,0.0,0.0,0.0,0.0,0.0,0.0,0.0,0.0,0.0,15,USB activity detected,1,0.24138913393585137,0,0.034578884745784924,0.697005956229538,0,15,low,USB activity detected,Desirae Mari Koch,Desirae.Mari.Koch@dtaa.com,ElectricalEngineer,1,2 - ResearchAndEngineering,3 - Engineering,2 - ElectricalEngineering,Dylan Tiger Terry,2011-05.csv
DPM0423,2010-01-04,2.0,2.0,0.0,2.0,4.0,2.0,2.0,0.0,1.0,6.0,0.0,6.0,1.0,0.0,0.0,0.0,0.0,0.0,9.0,0.0,290541.0,32282.333333333332,8.0,4.0,18.0,7.0,5.0,1.0,15,USB activity detected,1,0.05176391408244274,0,0.10658996128972675,0.697005956229538,0,15,low,USB activity detected,Dalton Perry Mejia,Dalton.Perry.Mejia@dtaa.com,HardwareEngineer,1,2 - ResearchAndEngineering,3 - Engineering,6 - SystemsEngineering,Hadassah Riley Baker,2011-05.csv
DPM0423,2010-01-05,1.0,1.0,0.0,1.0,10.0,5.0,5.0,0.0,1.0,7.0,0.0,7.0,1.0,0.0,0.0,0.0,0.0,0.0,0.0,0.0,0.0,0.0,0.0,0.0,0.0,0.0,0.0,0.0,15,USB activity detected,1,0.18793412795339104,0,0.04966000439443786,0.697005956229538,0,15,low,USB activity detected,Dalton Perry Mejia,Dalton.Perry.Mejia@dtaa.com,HardwareEngineer,1,2 - ResearchAndEngineering,3 - Engineering,6 - SystemsEngineering,Hadassah Riley Baker,2011-05.csv
DPM0423,2010-01-06,2.0,2.0,0.0,2.0,8.0,4.0,4.0,0.0,1.0,4.0,0.0,4.0,1.0,0.0,0.0,0.0,0.0,0.0,0.0,0.0,0.0,0.0,0.0,0.0,0.0,0.0,0.0,0.0,15,USB activity detected,1,0.17671113545141054,0,0.14098413675501031,0.697005956229538,0,15,low,USB activity detected,Dalton Perry Mejia,Dalton.Perry.Mejia@dtaa.com,HardwareEngineer,1,2 - ResearchAndEngineering,3 - Engineering,6 - SystemsEngineering,Hadassah Riley Baker,2011-05.csv
DPM0423,2010-01-07,1.0,0.0,0.0,1.0,8.0,4.0,4.0,0.0,1.0,5.0,0.0,5.0,1.0,0.0,0.0,0.0,0.0,0.0,0.0,0.0,0.0,0.0,0.0,0.0,0.0,0.0,0.0,0.0,15,USB activity detected,1,0.19310921902596007,0,0.05597621371063419,0.697005956229538,0,15,low,USB activity detected,Dalton Perry Mejia,Dalton.Perry.Mejia@dtaa.com,HardwareEngineer,1,2 - ResearchAndEngineering,3 - Engineering,6 - SystemsEngineering,Hadassah Riley Baker,2011-05.csv
DPM0423,2010-01-08,0.0,0.0,0.0,0.0,6.0,3.0,3.0,0.0,1.0,0.0,0.0,0.0,0.0,0.0,0.0,0.0,0.0,0.0,0.0,0.0,0.0,0.0,0.0,0.0,0.0,0.0,0.0,0.0,15,USB activity detected,1,0.21255883227265943,0,0.027228099363080988,0.697005956229538,0,15,low,USB activity detected,Dalton Perry Mejia,Dalton.Perry.Mejia@dtaa.com,HardwareEngineer,1,2 - ResearchAndEngineering,3 - Engineering,6 - SystemsEngineering,Hadassah Riley Baker,2011-05.csv
DPM0423,2010-01-11,0.0,0.0,0.0,0.0,6.0,3.0,3.0,0.0,1.0,3.0,0.0,3.0,1.0,0.0,0.0,0.0,0.0,0.0,0.0,0.0,0.0,0.0,0.0,0.0,0.0,0.0,0.0,0.0,15,USB activity detected,1,0.2141777637312171,0,0.03250715148939502,0.697005956229538,0,15,low,USB activity detected,Dalton Perry Mejia,Dalton.Perry.Mejia@dtaa.com,HardwareEngineer,1,2 - ResearchAndEngineering,3 - Engineering,6 - SystemsEngineering,Hadassah Riley Baker,2011-05.csv
DPM0423,2010-01-12,0.0,0.0,0.0,0.0,4.0,2.0,2.0,0.0,1.0,5.0,0.0,5.0,1.0,0.0,0.0,0.0,0.0,0.0,0.0,0.0,0.0,0.0,0.0,0.0,0.0,0.0,0.0,0.0,15,USB activity detected,1,0.22467427013337,0,0.027613971130823235,0.697005956229538,0,15,low,USB activity detected,Dalton Perry Mejia,Dalton.Perry.Mejia@dtaa.com,HardwareEngineer,1,2 - ResearchAndEngineering,3 - Engineering,6 - SystemsEngineering,Hadassah Riley Baker,2011-05.csv
DPM0423,2010-01-13,0.0,0.0,0.0,0.0,2.0,1.0,1.0,0.0,1.0,0.0,0.0,0.0,0.0,0.0,0.0,0.0,0.0,0.0,0.0,0.0,0.0,0.0,0.0,0.0,0.0,0.0,0.0,0.0,15,USB activity detected,1,0.24138913393585137,0,0.034578884745784924,0.697005956229538,0,15,low,USB activity detected,Dalton Perry Mejia,Dalton.Perry.Mejia@dtaa.com,HardwareEngineer,1,2 - ResearchAndEngineering,3 - Engineering,6 - SystemsEngineering,Hadassah Riley Baker,2011-05.csv
DPS0262,2010-01-07,2.0,2.0,2.0,1.0,0.0,0.0,0.0,0.0,0.0,0.0,0.0,0.0,0.0,0.0,0.0,0.0,0.0,0.0,0.0,0.0,0.0,0.0,0.0,0.0,0.0,0.0,0.0,0.0,20,Logon activity outside working hours,1,0.22918650906551175,0,0.08228069115717906,0.697005956229538,0,20,low,Logon activity outside working hours,Delilah Pearl Schneider,Delilah.Pearl.Schneider@dtaa.com,ElectricalEngineer,1,2 - ResearchAndEngineering,3 - Engineering,2 - ElectricalEngineering,Dylan Tiger Terry,2010-05.csv
DRR0162,2010-01-04,1.0,1.0,0.0,1.0,6.0,3.0,3.0,0.0,1.0,5.0,0.0,5.0,1.0,12.0,0.0,8.0,8.0,1.0,11.0,0.0,314845.0,28622.272727272728,5.0,3.0,17.0,12.0,5.0,1.0,15,USB activity detected,1,0.03851412325416026,0,0.514403998729205,0.697005956229538,0,15,low,USB activity detected,Dante Raja Roberts,Dante.Raja.Roberts@dtaa.com,AdministrativeAssistant,1,5 - SalesAndMarketing,1 - MarketAnalysis,,Dacey Jorden Bowen,2010-12.csv
DRR0162,2010-01-05,1.0,1.0,0.0,1.0,8.0,4.0,4.0,0.0,1.0,1.0,0.0,1.0,1.0,0.0,0.0,0.0,0.0,0.0,0.0,0.0,0.0,0.0,0.0,0.0,0.0,0.0,0.0,0.0,15,USB activity detected,1,0.20222115569661042,0,0.062437232063938336,0.697005956229538,0,15,low,USB activity detected,Dante Raja Roberts,Dante.Raja.Roberts@dtaa.com,AdministrativeAssistant,1,5 - SalesAndMarketing,1 - MarketAnalysis,,Dacey Jorden Bowen,2010-12.csv
DRR0162,2010-01-06,1.0,1.0,0.0,1.0,6.0,3.0,3.0,0.0,1.0,0.0,0.0,0.0,0.0,0.0,0.0,0.0,0.0,0.0,0.0,0.0,0.0,0.0,0.0,0.0,0.0,0.0,0.0,0.0,15,USB activity detected,1,0.23077637295118797,0,0.05025018539244101,0.697005956229538,0,15,low,USB activity detected,Dante Raja Roberts,Dante.Raja.Roberts@dtaa.com,AdministrativeAssistant,1,5 - SalesAndMarketing,1 - MarketAnalysis,,Dacey Jorden Bowen,2010-12.csv
DRR0162,2010-01-07,1.0,1.0,0.0,1.0,2.0,1.0,1.0,0.0,1.0,4.0,0.0,4.0,1.0,0.0,0.0,0.0,0.0,0.0,0.0,0.0,0.0,0.0,0.0,0.0,0.0,0.0,0.0,0.0,15,USB activity detected,1,0.23645274305257802,0,0.05202160257083001,0.697005956229538,0,15,low,USB activity detected,Dante Raja Roberts,Dante.Raja.Roberts@dtaa.com,AdministrativeAssistant,1,5 - SalesAndMarketing,1 - MarketAnalysis,,Dacey Jorden Bowen,2010-12.csv
DRR0162,2010-01-08,0.0,0.0,0.0,0.0,4.0,2.0,2.0,0.0,1.0,0.0,0.0,0.0,0.0,0.0,0.0,0.0,0.0,0.0,0.0,0.0,0.0,0.0,0.0,0.0,0.0,0.0,0.0,0.0,15,USB activity detected,1,0.24050968498880276,0,0.029387747032837967,0.697005956229538,0,15,low,USB activity detected,Dante Raja Roberts,Dante.Raja.Roberts@dtaa.com,AdministrativeAssistant,1,5 - SalesAndMarketing,1 - MarketAnalysis,,Dacey Jorden Bowen,2010-12.csv
DRR0162,2010-01-11,0.0,0.0,0.0,0.0,7.0,4.0,3.0,0.0,1.0,3.0,0.0,3.0,1.0,0.0,0.0,0.0,0.0,0.0,0.0,0.0,0.0,0.0,0.0,0.0,0.0,0.0,0.0,0.0,15,USB activity detected,1,0.20414430982305876,0,0.03533996768729446,0.697005956229538,0,15,low,USB activity detected,Dante Raja Roberts,Dante.Raja.Roberts@dtaa.com,AdministrativeAssistant,1,5 - SalesAndMarketing,1 - MarketAnalysis,,Dacey Jorden Bowen,2010-12.csv
DRR0162,2010-01-13,0.0,0.0,0.0,0.0,4.0,2.0,2.0,0.0,1.0,0.0,0.0,0.0,0.0,0.0,0.0,0.0,0.0,0.0,0.0,0.0,0.0,0.0,0.0,0.0,0.0,0.0,0.0,0.0,15,USB activity detected,1,0.24050968498880276,0,0.029387747032837967,0.697005956229538,0,15,low,USB activity detected,Dante Raja Roberts,Dante.Raja.Roberts@dtaa.com,AdministrativeAssistant,1,5 - SalesAndMarketing,1 - MarketAnalysis,,Dacey Jorden Bowen,2010-12.csv
EAH0466,2010-01-04,1.0,1.0,0.0,1.0,2.0,1.0,1.0,0.0,1.0,25.0,0.0,25.0,1.0,0.0,0.0,0.0,0.0,0.0,1.0,0.0,15386.0,15386.0,2.0,1.0,2.0,1.0,1.0,1.0,45,USB activity detected; High file copy activity,1,0.08630077269059089,0,0.20580642451708364,0.697005956229538,0,45,medium,USB activity detected; High file copy activity,Ethan Arden Hays,Ethan.Arden.Hays@dtaa.com,ProductionLineWorker,1,3 - Manufacturing,3 - Assembly,2 - AssemblyDept,Armando Albert Walter,2010-01.csv
EAH0466,2010-01-06,1.0,1.0,0.0,1.0,2.0,1.0,1.0,0.0,1.0,27.0,0.0,27.0,1.0,0.0,0.0,0.0,0.0,0.0,0.0,0.0,0.0,0.0,0.0,0.0,0.0,0.0,0.0,0.0,45,USB activity detected; High file copy activity,1,0.13426177176113302,0,0.06004319595095392,0.697005956229538,0,45,medium,USB activity detected; High file copy activity,Ethan Arden Hays,Ethan.Arden.Hays@dtaa.com,ProductionLineWorker,1,3 - Manufacturing,3 - Assembly,2 - AssemblyDept,Armando Albert Walter,2010-01.csv
EAH0466,2010-01-07,2.0,0.0,0.0,1.0,4.0,2.0,2.0,0.0,1.0,25.0,0.0,25.0,1.0,0.0,0.0,0.0,0.0,0.0,0.0,0.0,0.0,0.0,0.0,0.0,0.0,0.0,0.0,0.0,45,USB activity detected; High file copy activity,1,0.12007095359136621,0,0.09850990510596658,0.697005956229538,0,45,medium,USB activity detected; High file copy activity,Ethan Arden Hays,Ethan.Arden.Hays@dtaa.com,ProductionLineWorker,1,3 - Manufacturing,3 - Assembly,2 - AssemblyDept,Armando Albert Walter,2010-01.csv
EAH0466,2010-01-08,0.0,0.0,0.0,0.0,2.0,1.0,1.0,0.0,1.0,26.0,0.0,26.0,1.0,0.0,0.0,0.0,0.0,0.0,0.0,0.0,0.0,0.0,0.0,0.0,0.0,0.0,0.0,0.0,45,USB activity detected; High file copy activity,1,0.1180581580291774,0,0.06603158622612748,0.697005956229538,0,45,medium,USB activity detected; High file copy activity,Ethan Arden Hays,Ethan.Arden.Hays@dtaa.com,ProductionLineWorker,1,3 - Manufacturing,3 - Assembly,2 - AssemblyDept,Armando Albert Walter,2010-01.csv
EDA0684,2010-01-06,3.0,2.0,1.0,2.0,0.0,0.0,0.0,0.0,0.0,0.0,0.0,0.0,0.0,0.0,0.0,0.0,0.0,0.0,0.0,0.0,0.0,0.0,0.0,0.0,0.0,0.0,0.0,0.0,20,Logon activity outside working hours,1,0.2022079337021564,0,0.0427761008030773,0.697005956229538,0,20,low,Logon activity outside working hours,Edward Dean Anthony,Edward.Dean.Anthony@dtaa.com,ComputerProgrammer,1,2 - ResearchAndEngineering,2 - SoftwareManagement,4 - Software,Aurora Tatiana Payne,2010-01.csv
EDA0684,2010-01-07,1.0,1.0,1.0,1.0,0.0,0.0,0.0,0.0,0.0,0.0,0.0,0.0,0.0,0.0,0.0,0.0,0.0,0.0,0.0,0.0,0.0,0.0,0.0,0.0,0.0,0.0,0.0,0.0,20,Logon activity outside working hours,1,0.2543368308857394,0,0.04029176788212439,0.697005956229538,0,20,low,Logon activity outside working hours,Edward Dean Anthony,Edward.Dean.Anthony@dtaa.com,ComputerProgrammer,1,2 - ResearchAndEngineering,2 - SoftwareManagement,4 - Software,Aurora Tatiana Payne,2010-01.csv
EDB0714,2010-01-04,1.0,1.0,0.0,1.0,4.0,2.0,2.0,0.0,1.0,0.0,0.0,0.0,0.0,0.0,0.0,0.0,0.0,0.0,1.0,0.0,45938.0,45938.0,2.0,1.0,1.0,1.0,0.0,1.0,15,USB activity detected,1,0.174358248620812,0,0.18419290955980516,0.697005956229538,0,15,low,USB activity detected,Eden Deborah Ball,Eden.Deborah.Ball@dtaa.com,ProductionLineWorker,1,3 - Manufacturing,3 - Assembly,4 - AssemblyDept,Alan Benjamin Holder,2010-11.csv
EDB0714,2010-01-05,1.0,1.0,0.0,1.0,4.0,2.0,2.0,0.0,1.0,3.0,0.0,3.0,1.0,0.0,0.0,0.0,0.0,0.0,0.0,0.0,0.0,0.0,0.0,0.0,0.0,0.0,0.0,0.0,15,USB activity detected,1,0.23643228612295497,0,0.05707511694974386,0.697005956229538,0,15,low,USB activity detected,Eden Deborah Ball,Eden.Deborah.Ball@dtaa.com,ProductionLineWorker,1,3 - Manufacturing,3 - Assembly,4 - AssemblyDept,Alan Benjamin Holder,2010-11.csv
EDB0714,2010-01-06,1.0,1.0,0.0,1.0,6.0,3.0,3.0,0.0,1.0,3.0,0.0,3.0,1.0,0.0,0.0,0.0,0.0,0.0,0.0,0.0,0.0,0.0,0.0,0.0,0.0,0.0,0.0,0.0,15,USB activity detected,1,0.22533945786541815,0,0.0576221367679816,0.697005956229538,0,15,low,USB activity detected,Eden Deborah Ball,Eden.Deborah.Ball@dtaa.com,ProductionLineWorker,1,3 - Manufacturing,3 - Assembly,4 - AssemblyDept,Alan Benjamin Holder,2010-11.csv
EDB0714,2010-01-07,1.0,1.0,0.0,1.0,8.0,4.0,4.0,0.0,1.0,2.0,0.0,2.0,1.0,0.0,0.0,0.0,0.0,0.0,0.0,0.0,0.0,0.0,0.0,0.0,0.0,0.0,0.0,0.0,15,USB activity detected,1,0.2038929267025122,0,0.05874218195243046,0.697005956229538,0,15,low,USB activity detected,Eden Deborah Ball,Eden.Deborah.Ball@dtaa.com,ProductionLineWorker,1,3 - Manufacturing,3 - Assembly,4 - AssemblyDept,Alan Benjamin Holder,2010-11.csv
EDB0714,2010-01-08,0.0,0.0,0.0,0.0,4.0,2.0,2.0,0.0,1.0,3.0,0.0,3.0,1.0,0.0,0.0,0.0,0.0,0.0,0.0,0.0,0.0,0.0,0.0,0.0,0.0,0.0,0.0,0.0,15,USB activity detected,1,0.2308861893688779,0,0.03367677648907804,0.697005956229538,0,15,low,USB activity detected,Eden Deborah Ball,Eden.Deborah.Ball@dtaa.com,ProductionLineWorker,1,3 - Manufacturing,3 - Assembly,4 - AssemblyDept,Alan Benjamin Holder,2010-11.csv
EDB0714,2010-01-11,0.0,0.0,0.0,0.0,4.0,2.0,2.0,0.0,1.0,2.0,0.0,2.0,1.0,0.0,0.0,0.0,0.0,0.0,0.0,0.0,0.0,0.0,0.0,0.0,0.0,0.0,0.0,0.0,15,USB activity detected,1,0.2290339102880541,0,0.037354675290764694,0.697005956229538,0,15,low,USB activity detected,Eden Deborah Ball,Eden.Deborah.Ball@dtaa.com,ProductionLineWorker,1,3 - Manufacturing,3 - Assembly,4 - AssemblyDept,Alan Benjamin Holder,2010-11.csv
EDB0714,2010-01-12,0.0,0.0,0.0,0.0,8.0,4.0,4.0,0.0,1.0,1.0,0.0,1.0,1.0,0.0,0.0,0.0,0.0,0.0,0.0,0.0,0.0,0.0,0.0,0.0,0.0,0.0,0.0,0.0,15,USB activity detected,1,0.19327893685299052,0,0.04205639343334844,0.697005956229538,0,15,low,USB activity detected,Eden Deborah Ball,Eden.Deborah.Ball@dtaa.com,ProductionLineWorker,1,3 - Manufacturing,3 - Assembly,4 - AssemblyDept,Alan Benjamin Holder,2010-11.csv
EDB0714,2010-01-13,0.0,0.0,0.0,0.0,4.0,2.0,2.0,0.0,1.0,0.0,0.0,0.0,0.0,0.0,0.0,0.0,0.0,0.0,0.0,0.0,0.0,0.0,0.0,0.0,0.0,0.0,0.0,0.0,15,USB activity detected,1,0.24050968498880276,0,0.029387747032837967,0.697005956229538,0,15,low,USB activity detected,Eden Deborah Ball,Eden.Deborah.Ball@dtaa.com,ProductionLineWorker,1,3 - Manufacturing,3 - Assembly,4 - AssemblyDept,Alan Benjamin Holder,2010-11.csv
EGD0132,2010-01-04,1.0,1.0,0.0,1.0,2.0,1.0,1.0,0.0,1.0,2.0,0.0,2.0,1.0,0.0,0.0,0.0,0.0,0.0,1.0,0.0,30352.0,30352.0,0.0,0.0,2.0,1.0,0.0,1.0,15,USB activity detected,1,0.1794173892531576,0,0.10030682773738875,0.697005956229538,0,15,low,USB activity detected,Eric Gray Duncan,Eric.Gray.Duncan@dtaa.com,ProductionLineWorker,1,3 - Manufacturing,3 - Assembly,1 - AssemblyDept,Shannon Chantale Price,2010-08.csv
EGD0132,2010-01-05,1.0,1.0,0.0,1.0,2.0,1.0,1.0,0.0,1.0,4.0,0.0,4.0,1.0,0.0,0.0,0.0,0.0,0.0,0.0,0.0,0.0,0.0,0.0,0.0,0.0,0.0,0.0,0.0,15,USB activity detected,1,0.23645274305257802,0,0.05202160257083001,0.697005956229538,0,15,low,USB activity detected,Eric Gray Duncan,Eric.Gray.Duncan@dtaa.com,ProductionLineWorker,1,3 - Manufacturing,3 - Assembly,1 - AssemblyDept,Shannon Chantale Price,2010-08.csv
EGD0132,2010-01-06,1.0,1.0,0.0,1.0,2.0,1.0,1.0,0.0,1.0,1.0,0.0,1.0,1.0,0.0,0.0,0.0,0.0,0.0,0.0,0.0,0.0,0.0,0.0,0.0,0.0,0.0,0.0,0.0,15,USB activity detected,1,0.23585284759105507,0,0.06384362106437258,0.697005956229538,0,15,low,USB activity detected,Eric Gray Duncan,Eric.Gray.Duncan@dtaa.com,ProductionLineWorker,1,3 - Manufacturing,3 - Assembly,1 - AssemblyDept,Shannon Chantale Price,2010-08.csv
EGD0132,2010-01-07,1.0,0.0,0.0,1.0,4.0,2.0,2.0,0.0,1.0,2.0,0.0,2.0,1.0,0.0,0.0,0.0,0.0,0.0,0.0,0.0,0.0,0.0,0.0,0.0,0.0,0.0,0.0,0.0,15,USB activity detected,1,0.2278574281244239,0,0.06483340909102944,0.697005956229538,0,15,low,USB activity detected,Eric Gray Duncan,Eric.Gray.Duncan@dtaa.com,ProductionLineWorker,1,3 - Manufacturing,3 - Assembly,1 - AssemblyDept,Shannon Chantale Price,2010-08.csv
EGD0132,2010-01-08,0.0,0.0,0.0,0.0,2.0,1.0,1.0,0.0,1.0,5.0,0.0,5.0,1.0,0.0,0.0,0.0,0.0,0.0,0.0,0.0,0.0,0.0,0.0,0.0,0.0,0.0,0.0,0.0,15,USB activity detected,1,0.2213894973586028,0,0.029065441204503842,0.697005956229538,0,15,low,USB activity detected,Eric Gray Duncan,Eric.Gray.Duncan@dtaa.com,ProductionLineWorker,1,3 - Manufacturing,3 - Assembly,1 - AssemblyDept,Shannon Chantale Price,2010-08.csv
EGD0132,2010-01-12,0.0,0.0,0.0,0.0,2.0,1.0,1.0,0.0,1.0,5.0,0.0,5.0,1.0,0.0,0.0,0.0,0.0,0.0,0.0,0.0,0.0,0.0,0.0,0.0,0.0,0.0,0.0,0.0,15,USB activity detected,1,0.2213894973586028,0,0.02906544660483747,0.697005956229538,0,15,low,USB activity detected,Eric Gray Duncan,Eric.Gray.Duncan@dtaa.com,ProductionLineWorker,1,3 - Manufacturing,3 - Assembly,1 - AssemblyDept,Shannon Chantale Price,2010-08.csv
EGD0132,2010-01-13,0.0,0.0,0.0,0.0,4.0,2.0,2.0,0.0,1.0,0.0,0.0,0.0,0.0,0.0,0.0,0.0,0.0,0.0,0.0,0.0,0.0,0.0,0.0,0.0,0.0,0.0,0.0,0.0,15,USB activity detected,1,0.24050968498880276,0,0.029387747032837967,0.697005956229538,0,15,low,USB activity detected,Eric Gray Duncan,Eric.Gray.Duncan@dtaa.com,ProductionLineWorker,1,3 - Manufacturing,3 - Assembly,1 - AssemblyDept,Shannon Chantale Price,2010-08.csv
EHB0420,2010-01-06,3.0,2.0,2.0,1.0,0.0,0.0,0.0,0.0,0.0,0.0,0.0,0.0,0.0,0.0,0.0,0.0,0.0,0.0,0.0,0.0,0.0,0.0,0.0,0.0,0.0,0.0,0.0,0.0,20,Logon activity outside working hours,1,0.21080028385880267,0,0.10719355742630612,0.697005956229538,0,20,low,Logon activity outside working hours,Erich Harding Bryant,Erich.Harding.Bryant@dtaa.com,ElectricalEngineer,1,2 - ResearchAndEngineering,3 - Engineering,6 - SystemsEngineering,Hadassah Riley Baker,2011-05.csv
EIM0156,2010-01-04,1.0,1.0,1.0,1.0,0.0,0.0,0.0,0.0,0.0,0.0,0.0,0.0,0.0,13.0,0.0,8.0,8.0,1.0,9.0,0.0,250691.0,27854.555555555555,6.0,4.0,16.0,4.0,0.0,1.0,20,Logon activity outside working hours,1,0.12796545195386239,0,0.13689475087342143,0.697005956229538,0,20,low,Logon activity outside working hours,Eve Isadora Mckenzie,Eve.Isadora.Mckenzie@dtaa.com,Statistician,1,4 - Finance,3 - FinancialPlanning,,Libby Rosalyn Richard,2011-05.csv
EIS0041,2010-01-04,6.0,6.0,8.0,6.0,12.0,6.0,6.0,8.0,6.0,16.0,7.0,16.0,2.0,12.0,0.0,10.0,10.0,1.0,10.0,0.0,234645.0,23464.5,9.0,4.0,15.0,8.0,6.0,1.0,100,Logon activity outside working hours; USB activity detected; USB activity outside working hours; File copy activity outside working hours; Multiple PCs used for logon,-1,-0.14422170689394265,1,1.5280942026365039,0.697005956229538,1,100,critical,Logon activity outside working hours; USB activity detected; USB activity outside working hours; File copy activity outside working hours; Multiple PCs used for logon; AI anomaly detected by Isolation Forest; AI anomaly detected by TensorFlow Autoencoder,Emerald Imani Schmidt,Emerald.Imani.Schmidt@dtaa.com,ITAdmin,1,1 - Adminstration,6 - Security,2 - ElectronicSecurity,Frances Alisa Wiggins,2011-05.csv
EIS0041,2010-01-05,3.0,2.0,2.0,2.0,6.0,3.0,3.0,2.0,2.0,9.0,0.0,9.0,1.0,0.0,0.0,0.0,0.0,0.0,1.0,0.0,22978.0,22978.0,0.0,0.0,1.0,1.0,0.0,1.0,60,Logon activity outside working hours; USB activity detected; USB activity outside working hours,1,0.03282610625745075,0,0.3598294012532738,0.697005956229538,0,60,medium,Logon activity outside working hours; USB activity detected; USB activity outside working hours,Emerald Imani Schmidt,Emerald.Imani.Schmidt@dtaa.com,ITAdmin,1,1 - Adminstration,6 - Security,2 - ElectronicSecurity,Frances Alisa Wiggins,2011-05.csv
EIS0041,2010-01-06,4.0,3.0,2.0,3.0,4.0,2.0,2.0,2.0,2.0,1.0,0.0,1.0,1.0,0.0,0.0,0.0,0.0,0.0,0.0,0.0,0.0,0.0,0.0,0.0,0.0,0.0,0.0,0.0,75,Logon activity outside working hours; USB activity detected; USB activity outside working hours; Multiple PCs used for logon,1,0.049470001683876275,0,0.4237511920355726,0.697005956229538,0,75,high,Logon activity outside working hours; USB activity detected; USB activity outside working hours; Multiple PCs used for logon,Emerald Imani Schmidt,Emerald.Imani.Schmidt@dtaa.com,ITAdmin,1,1 - Adminstration,6 - Security,2 - ElectronicSecurity,Frances Alisa Wiggins,2011-05.csv
EIS0041,2010-01-07,5.0,4.0,6.0,4.0,10.0,5.0,5.0,4.0,5.0,14.0,0.0,14.0,3.0,0.0,0.0,0.0,0.0,0.0,0.0,0.0,0.0,0.0,0.0,0.0,0.0,0.0,0.0,0.0,75,Logon activity outside working hours; USB activity detected; USB activity outside working hours; Multiple PCs used for logon,-1,-0.04855073389809039,1,2.0441384597546652,0.697005956229538,1,100,critical,Logon activity outside working hours; USB activity detected; USB activity outside working hours; Multiple PCs used for logon; AI anomaly detected by Isolation Forest; AI anomaly detected by TensorFlow Autoencoder,Emerald Imani Schmidt,Emerald.Imani.Schmidt@dtaa.com,ITAdmin,1,1 - Adminstration,6 - Security,2 - ElectronicSecurity,Frances Alisa Wiggins,2011-05.csv
EIS0041,2010-01-08,0.0,0.0,0.0,0.0,10.0,5.0,5.0,6.0,5.0,8.0,0.0,8.0,1.0,0.0,0.0,0.0,0.0,0.0,0.0,0.0,0.0,0.0,0.0,0.0,0.0,0.0,0.0,0.0,40,USB activity detected; USB activity outside working hours,1,0.03328944638290332,0,2.0491810333338707,0.697005956229538,1,70,high,USB activity detected; USB activity outside working hours; AI anomaly detected by TensorFlow Autoencoder,Emerald Imani Schmidt,Emerald.Imani.Schmidt@dtaa.com,ITAdmin,1,1 - Adminstration,6 - Security,2 - ElectronicSecurity,Frances Alisa Wiggins,2011-05.csv
EIS0041,2010-01-11,0.0,0.0,0.0,0.0,8.0,4.0,4.0,4.0,4.0,17.0,0.0,17.0,2.0,0.0,0.0,0.0,0.0,0.0,0.0,0.0,0.0,0.0,0.0,0.0,0.0,0.0,0.0,0.0,40,USB activity detected; USB activity outside working hours,1,0.05136847626524821,0,0.9125965627795358,0.697005956229538,1,70,high,USB activity detected; USB activity outside working hours; AI anomaly detected by TensorFlow Autoencoder,Emerald Imani Schmidt,Emerald.Imani.Schmidt@dtaa.com,ITAdmin,1,1 - Adminstration,6 - Security,2 - ElectronicSecurity,Frances Alisa Wiggins,2011-05.csv
EIS0041,2010-01-12,0.0,0.0,0.0,0.0,8.0,4.0,4.0,6.0,4.0,7.0,7.0,7.0,2.0,0.0,0.0,0.0,0.0,0.0,0.0,0.0,0.0,0.0,0.0,0.0,0.0,0.0,0.0,0.0,65,USB activity detected; USB activity outside working hours; File copy activity outside working hours,1,0.004523885102701963,0,0.46291804103163536,0.697005956229538,0,65,high,USB activity detected; USB activity outside working hours; File copy activity outside working hours,Emerald Imani Schmidt,Emerald.Imani.Schmidt@dtaa.com,ITAdmin,1,1 - Adminstration,6 - Security,2 - ElectronicSecurity,Frances Alisa Wiggins,2011-05.csv
EIS0041,2010-01-13,0.0,0.0,0.0,0.0,4.0,2.0,2.0,0.0,2.0,0.0,0.0,0.0,0.0,0.0,0.0,0.0,0.0,0.0,0.0,0.0,0.0,0.0,0.0,0.0,0.0,0.0,0.0,0.0,15,USB activity detected,1,0.21482973124207722,0,0.12759202041177584,0.697005956229538,0,15,low,USB activity detected,Emerald Imani Schmidt,Emerald.Imani.Schmidt@dtaa.com,ITAdmin,1,1 - Adminstration,6 - Security,2 - ElectronicSecurity,Frances Alisa Wiggins,2011-05.csv
ESA0642,2010-01-04,1.0,1.0,1.0,1.0,0.0,0.0,0.0,0.0,0.0,0.0,0.0,0.0,0.0,0.0,0.0,0.0,0.0,0.0,3.0,1.0,91068.0,30356.0,0.0,0.0,3.0,1.0,0.0,1.0,20,Logon activity outside working hours,1,0.18291246036047343,0,0.3137219976575282,0.697005956229538,0,20,low,Logon activity outside working hours,Eliana Stephanie Albert,Eliana.Stephanie.Albert@dtaa.com,Technician,1,5 - SalesAndMarketing,3 - FieldService,3 - RegionalFieldService,Hedwig Regina Livingston,2011-05.csv
ESA0642,2010-01-05,1.0,1.0,1.0,1.0,0.0,0.0,0.0,0.0,0.0,0.0,0.0,0.0,0.0,0.0,0.0,0.0,0.0,0.0,0.0,0.0,0.0,0.0,0.0,0.0,0.0,0.0,0.0,0.0,20,Logon activity outside working hours,1,0.2543368308857394,0,0.04029176788212439,0.697005956229538,0,20,low,Logon activity outside working hours,Eliana Stephanie Albert,Eliana.Stephanie.Albert@dtaa.com,Technician,1,5 - SalesAndMarketing,3 - FieldService,3 - RegionalFieldService,Hedwig Regina Livingston,2011-05.csv
ESA0642,2010-01-06,1.0,1.0,1.0,1.0,0.0,0.0,0.0,0.0,0.0,0.0,0.0,0.0,0.0,0.0,0.0,0.0,0.0,0.0,0.0,0.0,0.0,0.0,0.0,0.0,0.0,0.0,0.0,0.0,20,Logon activity outside working hours,1,0.2543368308857394,0,0.04029176788212439,0.697005956229538,0,20,low,Logon activity outside working hours,Eliana Stephanie Albert,Eliana.Stephanie.Albert@dtaa.com,Technician,1,5 - SalesAndMarketing,3 - FieldService,3 - RegionalFieldService,Hedwig Regina Livingston,2011-05.csv
ESH0283,2010-01-08,0.0,0.0,0.0,0.0,6.0,3.0,3.0,0.0,1.0,25.0,0.0,25.0,1.0,0.0,0.0,0.0,0.0,0.0,0.0,0.0,0.0,0.0,0.0,0.0,0.0,0.0,0.0,0.0,45,USB activity detected; High file copy activity,1,0.11028881852299244,0,0.05050178243694147,0.697005956229538,0,45,medium,USB activity detected; High file copy activity,Eve Shaeleigh Holman,Eve.Shaeleigh.Holman@dtaa.com,MechanicalEngineer,1,2 - ResearchAndEngineering,3 - Engineering,5 - TestAndEvalualtion,Rose Hanae Yates,2011-05.csv
ESJ0670,2010-01-03,1.0,1.0,0.0,1.0,2.0,1.0,1.0,0.0,1.0,22.0,0.0,22.0,1.0,95.0,0.0,46.0,44.0,1.0,10.0,0.0,325039.0,32503.9,1.0,1.0,15.0,7.0,6.0,1.0,45,USB activity detected; High file copy activity,-1,-0.016268652022136343,1,0.8429343706746043,0.697005956229538,1,100,critical,USB activity detected; High file copy activity; AI anomaly detected by Isolation Forest; AI anomaly detected by TensorFlow Autoencoder,Eaton Samuel Jennings,Eaton.Samuel.Jennings@dtaa.com,Scientist,1,2 - ResearchAndEngineering,1 - Research,4 - Lab,Sarah Imelda Juarez,2011-05.csv
ESJ0670,2010-01-04,2.0,2.0,0.0,2.0,2.0,1.0,1.0,0.0,1.0,21.0,0.0,21.0,1.0,0.0,0.0,0.0,0.0,0.0,10.0,0.0,251907.0,25190.7,0.0,0.0,17.0,12.0,1.0,1.0,45,USB activity detected; High file copy activity,1,0.038014911888746505,0,0.7514653523300229,0.697005956229538,1,75,high,USB activity detected; High file copy activity; AI anomaly detected by TensorFlow Autoencoder,Eaton Samuel Jennings,Eaton.Samuel.Jennings@dtaa.com,Scientist,1,2 - ResearchAndEngineering,1 - Research,4 - Lab,Sarah Imelda Juarez,2011-05.csv
ESJ0670,2010-01-05,1.0,1.0,0.0,1.0,1.0,1.0,0.0,0.0,1.0,26.0,0.0,26.0,1.0,0.0,0.0,0.0,0.0,0.0,0.0,0.0,0.0,0.0,0.0,0.0,0.0,0.0,0.0,0.0,45,USB activity detected; High file copy activity,1,0.1327553352171324,0,0.062066897054190676,0.697005956229538,0,45,medium,USB activity detected; High file copy activity,Eaton Samuel Jennings,Eaton.Samuel.Jennings@dtaa.com,Scientist,1,2 - ResearchAndEngineering,1 - Research,4 - Lab,Sarah Imelda Juarez,2011-05.csv
ESJ0670,2010-01-08,0.0,0.0,0.0,0.0,2.0,1.0,1.0,0.0,1.0,26.0,0.0,26.0,1.0,0.0,0.0,0.0,0.0,0.0,0.0,0.0,0.0,0.0,0.0,0.0,0.0,0.0,0.0,0.0,45,USB activity detected; High file copy activity,1,0.1180581580291774,0,0.06603158622612748,0.697005956229538,0,45,medium,USB activity detected; High file copy activity,Eaton Samuel Jennings,Eaton.Samuel.Jennings@dtaa.com,Scientist,1,2 - ResearchAndEngineering,1 - Research,4 - Lab,Sarah Imelda Juarez,2011-05.csv
ESJ0670,2010-01-09,0.0,0.0,0.0,0.0,2.0,1.0,1.0,0.0,1.0,23.0,0.0,23.0,1.0,0.0,0.0,0.0,0.0,0.0,0.0,0.0,0.0,0.0,0.0,0.0,0.0,0.0,0.0,0.0,45,USB activity detected; High file copy activity,1,0.14145529135065,0,0.04657276026155703,0.697005956229538,0,45,medium,USB activity detected; High file copy activity,Eaton Samuel Jennings,Eaton.Samuel.Jennings@dtaa.com,Scientist,1,2 - ResearchAndEngineering,1 - Research,4 - Lab,Sarah Imelda Juarez,2011-05.csv
ESJ0670,2010-01-10,0.0,0.0,0.0,0.0,2.0,1.0,1.0,0.0,1.0,16.0,0.0,16.0,1.0,0.0,0.0,0.0,0.0,0.0,0.0,0.0,0.0,0.0,0.0,0.0,0.0,0.0,0.0,0.0,15,USB activity detected,1,0.17811210519439785,0,0.05490800974002181,0.697005956229538,0,15,low,USB activity detected,Eaton Samuel Jennings,Eaton.Samuel.Jennings@dtaa.com,Scientist,1,2 - ResearchAndEngineering,1 - Research,4 - Lab,Sarah Imelda Juarez,2011-05.csv
ESJ0670,2010-01-12,0.0,0.0,0.0,0.0,4.0,2.0,2.0,0.0,1.0,23.0,0.0,23.0,1.0,0.0,0.0,0.0,0.0,0.0,0.0,0.0,0.0,0.0,0.0,0.0,0.0,0.0,0.0,0.0,45,USB activity detected; High file copy activity,1,0.141839455365387,0,0.041618373540930315,0.697005956229538,0,45,medium,USB activity detected; High file copy activity,Eaton Samuel Jennings,Eaton.Samuel.Jennings@dtaa.com,Scientist,1,2 - ResearchAndEngineering,1 - Research,4 - Lab,Sarah Imelda Juarez,2011-05.csv
ESR0693,2010-01-04,1.0,1.0,0.0,1.0,2.0,1.0,1.0,0.0,1.0,8.0,0.0,8.0,1.0,0.0,0.0,0.0,0.0,0.0,9.0,0.0,294768.0,32752.0,5.0,4.0,16.0,3.0,0.0,1.0,15,USB activity detected,1,0.1034729019388756,0,0.17947128049459943,0.697005956229538,0,15,low,USB activity detected,Evelyn Sarah Reilly,Evelyn.Sarah.Reilly@dtaa.com,ComputerScientist,1,2 - ResearchAndEngineering,2 - SoftwareManagement,4 - Software,Aurora Tatiana Payne,2010-07.csv
ESR0693,2010-01-05,1.0,1.0,0.0,1.0,4.0,2.0,2.0,0.0,1.0,6.0,0.0,6.0,1.0,0.0,0.0,0.0,0.0,0.0,0.0,0.0,0.0,0.0,0.0,0.0,0.0,0.0,0.0,0.0,15,USB activity detected,1,0.2296542428203558,0,0.04816101500031677,0.697005956229538,0,15,low,USB activity detected,Evelyn Sarah Reilly,Evelyn.Sarah.Reilly@dtaa.com,ComputerScientist,1,2 - ResearchAndEngineering,2 - SoftwareManagement,4 - Software,Aurora Tatiana Payne,2010-07.csv
ESR0693,2010-01-07,1.0,0.0,0.0,1.0,2.0,1.0,1.0,0.0,1.0,5.0,0.0,5.0,1.0,0.0,0.0,0.0,0.0,0.0,0.0,0.0,0.0,0.0,0.0,0.0,0.0,0.0,0.0,0.0,15,USB activity detected,1,0.22201829055079486,0,0.054689373009410694,0.697005956229538,0,15,low,USB activity detected,Evelyn Sarah Reilly,Evelyn.Sarah.Reilly@dtaa.com,ComputerScientist,1,2 - ResearchAndEngineering,2 - SoftwareManagement,4 - Software,Aurora Tatiana Payne,2010-07.csv
ESR0693,2010-01-08,0.0,0.0,0.0,0.0,6.0,3.0,3.0,0.0,1.0,5.0,0.0,5.0,1.0,0.0,0.0,0.0,0.0,0.0,0.0,0.0,0.0,0.0,0.0,0.0,0.0,0.0,0.0,0.0,15,USB activity detected,1,0.20928348233701916,0,0.026955186769781456,0.697005956229538,0,15,low,USB activity detected,Evelyn Sarah Reilly,Evelyn.Sarah.Reilly@dtaa.com,ComputerScientist,1,2 - ResearchAndEngineering,2 - SoftwareManagement,4 - Software,Aurora Tatiana Payne,2010-07.csv
ESR0693,2010-01-11,0.0,0.0,0.0,0.0,4.0,2.0,2.0,0.0,1.0,4.0,0.0,4.0,1.0,0.0,0.0,0.0,0.0,0.0,0.0,0.0,0.0,0.0,0.0,0.0,0.0,0.0,0.0,0.0,15,USB activity detected,1,0.22838849427851565,0,0.03044635091598822,0.697005956229538,0,15,low,USB activity detected,Evelyn Sarah Reilly,Evelyn.Sarah.Reilly@dtaa.com,ComputerScientist,1,2 - ResearchAndEngineering,2 - SoftwareManagement,4 - Software,Aurora Tatiana Payne,2010-07.csv
ESR0693,2010-01-13,0.0,0.0,0.0,0.0,2.0,1.0,1.0,0.0,1.0,0.0,0.0,0.0,0.0,0.0,0.0,0.0,0.0,0.0,0.0,0.0,0.0,0.0,0.0,0.0,0.0,0.0,0.0,0.0,15,USB activity detected,1,0.24138913393585137,0,0.034578884745784924,0.697005956229538,0,15,low,USB activity detected,Evelyn Sarah Reilly,Evelyn.Sarah.Reilly@dtaa.com,ComputerScientist,1,2 - ResearchAndEngineering,2 - SoftwareManagement,4 - Software,Aurora Tatiana Payne,2010-07.csv
EZT0640,2010-01-04,2.0,1.0,1.0,1.0,0.0,0.0,0.0,0.0,0.0,0.0,0.0,0.0,0.0,0.0,0.0,0.0,0.0,0.0,3.0,3.0,89142.0,29714.0,3.0,2.0,4.0,1.0,0.0,1.0,20,Logon activity outside working hours,1,0.1579569741559695,0,0.8464966106119985,0.697005956229538,1,50,medium,Logon activity outside working hours; AI anomaly detected by TensorFlow Autoencoder,Eagan Zephania Talley,Eagan.Zephania.Talley@dtaa.com,Technician,1,5 - SalesAndMarketing,3 - FieldService,3 - RegionalFieldService,Hedwig Regina Livingston,2011-05.csv
EZT0640,2010-01-05,2.0,1.0,1.0,1.0,0.0,0.0,0.0,0.0,0.0,0.0,0.0,0.0,0.0,0.0,0.0,0.0,0.0,0.0,0.0,0.0,0.0,0.0,0.0,0.0,0.0,0.0,0.0,0.0,20,Logon activity outside working hours,1,0.25615140751235443,0,0.042606806625200486,0.697005956229538,0,20,low,Logon activity outside working hours,Eagan Zephania Talley,Eagan.Zephania.Talley@dtaa.com,Technician,1,5 - SalesAndMarketing,3 - FieldService,3 - RegionalFieldService,Hedwig Regina Livingston,2011-05.csv
EZT0640,2010-01-06,3.0,2.0,1.0,2.0,0.0,0.0,0.0,0.0,0.0,0.0,0.0,0.0,0.0,0.0,0.0,0.0,0.0,0.0,0.0,0.0,0.0,0.0,0.0,0.0,0.0,0.0,0.0,0.0,20,Logon activity outside working hours,1,0.2022079337021564,0,0.0427761008030773,0.697005956229538,0,20,low,Logon activity outside working hours,Eagan Zephania Talley,Eagan.Zephania.Talley@dtaa.com,Technician,1,5 - SalesAndMarketing,3 - FieldService,3 - RegionalFieldService,Hedwig Regina Livingston,2011-05.csv
FEB0306,2010-01-04,2.0,1.0,0.0,1.0,2.0,1.0,1.0,0.0,1.0,7.0,0.0,7.0,1.0,0.0,0.0,0.0,0.0,0.0,1.0,0.0,25075.0,25075.0,2.0,1.0,2.0,1.0,1.0,1.0,15,USB activity detected,1,0.1418821501235923,0,0.1074179502598,0.697005956229538,0,15,low,USB activity detected,Flynn Edward Brennan,Flynn.Edward.Brennan@dtaa.com,ProductionLineWorker,1,3 - Manufacturing,3 - Assembly,1 - AssemblyDept,Shannon Chantale Price,2011-05.csv
FEB0306,2010-01-06,1.0,1.0,0.0,1.0,2.0,1.0,1.0,0.0,1.0,10.0,0.0,10.0,1.0,0.0,0.0,0.0,0.0,0.0,0.0,0.0,0.0,0.0,0.0,0.0,0.0,0.0,0.0,0.0,15,USB activity detected,1,0.21060649960424016,0,0.04191732992361448,0.697005956229538,0,15,low,USB activity detected,Flynn Edward Brennan,Flynn.Edward.Brennan@dtaa.com,ProductionLineWorker,1,3 - Manufacturing,3 - Assembly,1 - AssemblyDept,Shannon Chantale Price,2011-05.csv
FEB0306,2010-01-07,2.0,0.0,0.0,1.0,2.0,1.0,1.0,0.0,1.0,0.0,0.0,0.0,0.0,0.0,0.0,0.0,0.0,0.0,0.0,0.0,0.0,0.0,0.0,0.0,0.0,0.0,0.0,0.0,15,USB activity detected,1,0.23528827694787885,0,0.11345561541037855,0.697005956229538,0,15,low,USB activity detected,Flynn Edward Brennan,Flynn.Edward.Brennan@dtaa.com,ProductionLineWorker,1,3 - Manufacturing,3 - Assembly,1 - AssemblyDept,Shannon Chantale Price,2011-05.csv
FEB0306,2010-01-08,0.0,0.0,0.0,0.0,6.0,3.0,3.0,0.0,1.0,2.0,0.0,2.0,1.0,0.0,0.0,0.0,0.0,0.0,0.0,0.0,0.0,0.0,0.0,0.0,0.0,0.0,0.0,0.0,15,USB activity detected,1,0.21292410761739433,0,0.03633197142615849,0.697005956229538,0,15,low,USB activity detected,Flynn Edward Brennan,Flynn.Edward.Brennan@dtaa.com,ProductionLineWorker,1,3 - Manufacturing,3 - Assembly,1 - AssemblyDept,Shannon Chantale Price,2011-05.csv
FEB0306,2010-01-11,0.0,0.0,0.0,0.0,2.0,1.0,1.0,0.0,1.0,1.0,0.0,1.0,1.0,0.0,0.0,0.0,0.0,0.0,0.0,0.0,0.0,0.0,0.0,0.0,0.0,0.0,0.0,0.0,15,USB activity detected,1,0.22229860667995976,0,0.04602747331857822,0.697005956229538,0,15,low,USB activity detected,Flynn Edward Brennan,Flynn.Edward.Brennan@dtaa.com,ProductionLineWorker,1,3 - Manufacturing,3 - Assembly,1 - AssemblyDept,Shannon Chantale Price,2011-05.csv
FFC0891,2010-01-04,3.0,2.0,0.0,2.0,2.0,1.0,1.0,0.0,1.0,2.0,0.0,2.0,1.0,0.0,0.0,0.0,0.0,0.0,3.0,0.0,86516.0,28838.666666666668,3.0,2.0,4.0,1.0,0.0,1.0,15,USB activity detected,1,0.12255140369457496,0,0.21148982294368163,0.697005956229538,0,15,low,USB activity detected,Flavia Fiona Cannon,Flavia.Fiona.Cannon@dtaa.com,Technician,1,5 - SalesAndMarketing,3 - FieldService,5 - RegionalFieldService,Blythe Veda Cooke,2010-09.csv
FFC0891,2010-01-05,2.0,1.0,0.0,1.0,2.0,1.0,1.0,0.0,1.0,4.0,0.0,4.0,1.0,0.0,0.0,0.0,0.0,0.0,0.0,0.0,0.0,0.0,0.0,0.0,0.0,0.0,0.0,0.0,15,USB activity detected,1,0.2322243189174663,0,0.07821326811304727,0.697005956229538,0,15,low,USB activity detected,Flavia Fiona Cannon,Flavia.Fiona.Cannon@dtaa.com,Technician,1,5 - SalesAndMarketing,3 - FieldService,5 - RegionalFieldService,Blythe Veda Cooke,2010-09.csv
FFC0891,2010-01-06,2.0,2.0,0.0,2.0,4.0,2.0,2.0,0.0,1.0,3.0,0.0,3.0,1.0,0.0,0.0,0.0,0.0,0.0,0.0,0.0,0.0,0.0,0.0,0.0,0.0,0.0,0.0,0.0,15,USB activity detected,1,0.205029520281094,0,0.14291126614367858,0.697005956229538,0,15,low,USB activity detected,Flavia Fiona Cannon,Flavia.Fiona.Cannon@dtaa.com,Technician,1,5 - SalesAndMarketing,3 - FieldService,5 - RegionalFieldService,Blythe Veda Cooke,2010-09.csv
FFC0891,2010-01-07,2.0,0.0,0.0,1.0,4.0,2.0,2.0,0.0,1.0,4.0,0.0,4.0,1.0,0.0,0.0,0.0,0.0,0.0,0.0,0.0,0.0,0.0,0.0,0.0,0.0,0.0,0.0,0.0,15,USB activity detected,1,0.21757743127595314,0,0.10617376118597283,0.697005956229538,0,15,low,USB activity detected,Flavia Fiona Cannon,Flavia.Fiona.Cannon@dtaa.com,Technician,1,5 - SalesAndMarketing,3 - FieldService,5 - RegionalFieldService,Blythe Veda Cooke,2010-09.csv
FFC0891,2010-01-08,0.0,0.0,0.0,0.0,6.0,3.0,3.0,0.0,1.0,5.0,0.0,5.0,1.0,0.0,0.0,0.0,0.0,0.0,0.0,0.0,0.0,0.0,0.0,0.0,0.0,0.0,0.0,0.0,15,USB activity detected,1,0.20928348233701916,0,0.026955186769781456,0.697005956229538,0,15,low,USB activity detected,Flavia Fiona Cannon,Flavia.Fiona.Cannon@dtaa.com,Technician,1,5 - SalesAndMarketing,3 - FieldService,5 - RegionalFieldService,Blythe Veda Cooke,2010-09.csv
FFC0891,2010-01-11,0.0,0.0,0.0,0.0,6.0,3.0,3.0,0.0,1.0,7.0,0.0,7.0,1.0,0.0,0.0,0.0,0.0,0.0,0.0,0.0,0.0,0.0,0.0,0.0,0.0,0.0,0.0,0.0,15,USB activity detected,1,0.20675515137252387,0,0.02416830699504809,0.697005956229538,0,15,low,USB activity detected,Flavia Fiona Cannon,Flavia.Fiona.Cannon@dtaa.com,Technician,1,5 - SalesAndMarketing,3 - FieldService,5 - RegionalFieldService,Blythe Veda Cooke,2010-09.csv
FFC0891,2010-01-12,0.0,0.0,0.0,0.0,4.0,2.0,2.0,0.0,1.0,2.0,0.0,2.0,1.0,0.0,0.0,0.0,0.0,0.0,0.0,0.0,0.0,0.0,0.0,0.0,0.0,0.0,0.0,0.0,15,USB activity detected,1,0.2290339102880541,0,0.037354675290764694,0.697005956229538,0,15,low,USB activity detected,Flavia Fiona Cannon,Flavia.Fiona.Cannon@dtaa.com,Technician,1,5 - SalesAndMarketing,3 - FieldService,5 - RegionalFieldService,Blythe Veda Cooke,2010-09.csv
FKK0055,2010-01-08,0.0,0.0,0.0,0.0,2.0,1.0,1.0,0.0,1.0,4.0,0.0,4.0,1.0,0.0,0.0,0.0,0.0,0.0,0.0,0.0,0.0,0.0,0.0,0.0,0.0,0.0,0.0,0.0,15,USB activity detected,1,0.2255480598108977,0,0.03194264222559186,0.697005956229538,0,15,low,USB activity detected,Farrah Kim Keith,Farrah.Kim.Keith@dtaa.com,Scientist,1,2 - ResearchAndEngineering,1 - Research,,Summer Leilani Boyer,2011-05.csv
FKK0055,2010-01-09,0.0,0.0,0.0,0.0,4.0,2.0,2.0,0.0,1.0,4.0,0.0,4.0,1.0,0.0,0.0,0.0,0.0,0.0,0.0,0.0,0.0,0.0,0.0,0.0,0.0,0.0,0.0,0.0,15,USB activity detected,1,0.22838849427851565,0,0.03044635091598822,0.697005956229538,0,15,low,USB activity detected,Farrah Kim Keith,Farrah.Kim.Keith@dtaa.com,Scientist,1,2 - ResearchAndEngineering,1 - Research,,Summer Leilani Boyer,2011-05.csv
FOB0756,2010-01-06,2.0,1.0,0.0,1.0,4.0,2.0,2.0,0.0,1.0,7.0,0.0,7.0,1.0,0.0,0.0,0.0,0.0,0.0,0.0,0.0,0.0,0.0,0.0,0.0,0.0,0.0,0.0,0.0,15,USB activity detected,1,0.21468339674424075,0,0.0714195786664864,0.697005956229538,0,15,low,USB activity detected,Ferris Omar Barry,Ferris.Omar.Barry@dtaa.com,Technician,1,5 - SalesAndMarketing,3 - FieldService,4 - RegionalFieldService,Blaine Helen Cervantes,2011-05.csv
FOB0756,2010-01-11,0.0,0.0,0.0,0.0,2.0,1.0,1.0,0.0,1.0,0.0,0.0,0.0,0.0,0.0,0.0,0.0,0.0,0.0,0.0,0.0,0.0,0.0,0.0,0.0,0.0,0.0,0.0,0.0,15,USB activity detected,1,0.24138913393585137,0,0.034578884745784924,0.697005956229538,0,15,low,USB activity detected,Ferris Omar Barry,Ferris.Omar.Barry@dtaa.com,Technician,1,5 - SalesAndMarketing,3 - FieldService,4 - RegionalFieldService,Blaine Helen Cervantes,2011-05.csv
FOB0756,2010-01-12,0.0,0.0,0.0,0.0,2.0,1.0,1.0,0.0,1.0,1.0,0.0,1.0,1.0,0.0,0.0,0.0,0.0,0.0,0.0,0.0,0.0,0.0,0.0,0.0,0.0,0.0,0.0,0.0,15,USB activity detected,1,0.22229860667995976,0,0.04602747331857822,0.697005956229538,0,15,low,USB activity detected,Ferris Omar Barry,Ferris.Omar.Barry@dtaa.com,Technician,1,5 - SalesAndMarketing,3 - FieldService,4 - RegionalFieldService,Blaine Helen Cervantes,2011-05.csv
FOB0756,2010-01-13,0.0,0.0,0.0,0.0,4.0,2.0,2.0,0.0,1.0,0.0,0.0,0.0,0.0,0.0,0.0,0.0,0.0,0.0,0.0,0.0,0.0,0.0,0.0,0.0,0.0,0.0,0.0,0.0,15,USB activity detected,1,0.24050968498880276,0,0.029387747032837967,0.697005956229538,0,15,low,USB activity detected,Ferris Omar Barry,Ferris.Omar.Barry@dtaa.com,Technician,1,5 - SalesAndMarketing,3 - FieldService,4 - RegionalFieldService,Blaine Helen Cervantes,2011-05.csv
FSC0601,2010-01-04,1.0,1.0,0.0,1.0,4.0,2.0,2.0,0.0,1.0,0.0,0.0,0.0,0.0,2.0,0.0,2.0,2.0,1.0,14.0,0.0,482200.0,34442.857142857145,4.0,2.0,21.0,8.0,9.0,1.0,15,USB activity detected,1,0.061604889429870524,0,0.6311548622078642,0.697005956229538,0,15,low,USB activity detected,Felicia Sloane Cabrera,Felicia.Sloane.Cabrera@dtaa.com,Salesman,1,5 - SalesAndMarketing,2 - Sales,3 - RegionalSales,Winter Veda Burks,2011-02.csv
FSC0601,2010-01-06,1.0,1.0,0.0,1.0,4.0,2.0,2.0,0.0,1.0,3.0,0.0,3.0,1.0,0.0,0.0,0.0,0.0,0.0,0.0,0.0,0.0,0.0,0.0,0.0,0.0,0.0,0.0,0.0,15,USB activity detected,1,0.23643228612295497,0,0.05707511694974386,0.697005956229538,0,15,low,USB activity detected,Felicia Sloane Cabrera,Felicia.Sloane.Cabrera@dtaa.com,Salesman,1,5 - SalesAndMarketing,2 - Sales,3 - RegionalSales,Winter Veda Burks,2011-02.csv
FSC0601,2010-01-07,1.0,1.0,0.0,1.0,2.0,1.0,1.0,0.0,1.0,0.0,0.0,0.0,0.0,0.0,0.0,0.0,0.0,0.0,0.0,0.0,0.0,0.0,0.0,0.0,0.0,0.0,0.0,0.0,15,USB activity detected,1,0.2603283061036015,0,0.05398812641293277,0.697005956229538,0,15,low,USB activity detected,Felicia Sloane Cabrera,Felicia.Sloane.Cabrera@dtaa.com,Salesman,1,5 - SalesAndMarketing,2 - Sales,3 - RegionalSales,Winter Veda Burks,2011-02.csv
FSC0601,2010-01-08,0.0,0.0,0.0,0.0,6.0,3.0,3.0,0.0,1.0,5.0,0.0,5.0,1.0,0.0,0.0,0.0,0.0,0.0,0.0,0.0,0.0,0.0,0.0,0.0,0.0,0.0,0.0,0.0,15,USB activity detected,1,0.20928348233701916,0,0.026955186769781456,0.697005956229538,0,15,low,USB activity detected,Felicia Sloane Cabrera,Felicia.Sloane.Cabrera@dtaa.com,Salesman,1,5 - SalesAndMarketing,2 - Sales,3 - RegionalSales,Winter Veda Burks,2011-02.csv
FSC0601,2010-01-11,0.0,0.0,0.0,0.0,4.0,2.0,2.0,0.0,1.0,5.0,0.0,5.0,1.0,0.0,0.0,0.0,0.0,0.0,0.0,0.0,0.0,0.0,0.0,0.0,0.0,0.0,0.0,0.0,15,USB activity detected,1,0.22467427013337,0,0.027613971130823235,0.697005956229538,0,15,low,USB activity detected,Felicia Sloane Cabrera,Felicia.Sloane.Cabrera@dtaa.com,Salesman,1,5 - SalesAndMarketing,2 - Sales,3 - RegionalSales,Winter Veda Burks,2011-02.csv
FSC0601,2010-01-13,0.0,0.0,0.0,0.0,1.0,1.0,0.0,0.0,1.0,0.0,0.0,0.0,0.0,0.0,0.0,0.0,0.0,0.0,0.0,0.0,0.0,0.0,0.0,0.0,0.0,0.0,0.0,0.0,15,USB activity detected,1,0.23463246819413702,0,0.045396169464101646,0.697005956229538,0,15,low,USB activity detected,Felicia Sloane Cabrera,Felicia.Sloane.Cabrera@dtaa.com,Salesman,1,5 - SalesAndMarketing,2 - Sales,3 - RegionalSales,Winter Veda Burks,2011-02.csv
GCL0016,2010-01-07,2.0,0.0,0.0,1.0,2.0,1.0,1.0,0.0,1.0,0.0,0.0,0.0,0.0,0.0,0.0,0.0,0.0,0.0,0.0,0.0,0.0,0.0,0.0,0.0,0.0,0.0,0.0,0.0,15,USB activity detected,1,0.23528827694787885,0,0.11345561541037855,0.697005956229538,0,15,low,USB activity detected,Gil Calvin Lindsay,Gil.Calvin.Lindsay@dtaa.com,AdministrativeAssistant,1,1 - Adminstration,1 - Personnel,,Bethany Xerxes Johnson,2011-05.csv
GCL0016,2010-01-12,0.0,0.0,0.0,0.0,4.0,2.0,2.0,0.0,1.0,0.0,0.0,0.0,0.0,0.0,0.0,0.0,0.0,0.0,0.0,0.0,0.0,0.0,0.0,0.0,0.0,0.0,0.0,0.0,15,USB activity detected,1,0.24050968498880276,0,0.029387747032837967,0.697005956229538,0,15,low,USB activity detected,Gil Calvin Lindsay,Gil.Calvin.Lindsay@dtaa.com,AdministrativeAssistant,1,1 - Adminstration,1 - Personnel,,Bethany Xerxes Johnson,2011-05.csv
GCS0571,2010-01-05,2.0,1.0,0.0,1.0,4.0,2.0,2.0,0.0,1.0,5.0,0.0,5.0,1.0,0.0,0.0,0.0,0.0,0.0,0.0,0.0,0.0,0.0,0.0,0.0,0.0,0.0,0.0,0.0,15,USB activity detected,1,0.22721492772466134,0,0.07773529359102915,0.697005956229538,0,15,low,USB activity detected,Glenna Caryn Sharpe,Glenna.Caryn.Sharpe@dtaa.com,ProductionLineWorker,1,3 - Manufacturing,3 - Assembly,3 - AssemblyDept,Whilemina Pandora England,2011-05.csv
GCS0571,2010-01-06,1.0,1.0,0.0,1.0,2.0,1.0,1.0,0.0,1.0,8.0,0.0,8.0,1.0,0.0,0.0,0.0,0.0,0.0,0.0,0.0,0.0,0.0,0.0,0.0,0.0,0.0,0.0,0.0,15,USB activity detected,1,0.2161251992423338,0,0.04142550233330127,0.697005956229538,0,15,low,USB activity detected,Glenna Caryn Sharpe,Glenna.Caryn.Sharpe@dtaa.com,ProductionLineWorker,1,3 - Manufacturing,3 - Assembly,3 - AssemblyDept,Whilemina Pandora England,2011-05.csv
GCS0571,2010-01-08,0.0,0.0,0.0,0.0,4.0,2.0,2.0,0.0,1.0,5.0,0.0,5.0,1.0,0.0,0.0,0.0,0.0,0.0,0.0,0.0,0.0,0.0,0.0,0.0,0.0,0.0,0.0,0.0,15,USB activity detected,1,0.22467427013337,0,0.027613971130823235,0.697005956229538,0,15,low,USB activity detected,Glenna Caryn Sharpe,Glenna.Caryn.Sharpe@dtaa.com,ProductionLineWorker,1,3 - Manufacturing,3 - Assembly,3 - AssemblyDept,Whilemina Pandora England,2011-05.csv
GHH0288,2010-01-04,1.0,1.0,0.0,1.0,4.0,2.0,2.0,0.0,1.0,6.0,0.0,6.0,1.0,0.0,0.0,0.0,0.0,0.0,1.0,0.0,49768.0,49768.0,2.0,1.0,1.0,1.0,1.0,1.0,15,USB activity detected,1,0.12697754781190762,0,0.2154484705955283,0.697005956229538,0,15,low,USB activity detected,Genevieve Hyacinth Head,Genevieve.Hyacinth.Head@dtaa.com,ProductionLineWorker,1,3 - Manufacturing,3 - Assembly,1 - AssemblyDept,Shannon Chantale Price,2011-05.csv
GHH0288,2010-01-05,1.0,1.0,0.0,1.0,4.0,2.0,2.0,0.0,1.0,11.0,0.0,11.0,1.0,0.0,0.0,0.0,0.0,0.0,0.0,0.0,0.0,0.0,0.0,0.0,0.0,0.0,0.0,0.0,15,USB activity detected,1,0.20249379267586987,0,0.04488197879604589,0.697005956229538,0,15,low,USB activity detected,Genevieve Hyacinth Head,Genevieve.Hyacinth.Head@dtaa.com,ProductionLineWorker,1,3 - Manufacturing,3 - Assembly,1 - AssemblyDept,Shannon Chantale Price,2011-05.csv
GHH0288,2010-01-06,2.0,2.0,0.0,2.0,6.0,3.0,3.0,0.0,1.0,7.0,0.0,7.0,1.0,0.0,0.0,0.0,0.0,0.0,0.0,0.0,0.0,0.0,0.0,0.0,0.0,0.0,0.0,0.0,15,USB activity detected,1,0.17885277374111752,0,0.1309348540427771,0.697005956229538,0,15,low,USB activity detected,Genevieve Hyacinth Head,Genevieve.Hyacinth.Head@dtaa.com,ProductionLineWorker,1,3 - Manufacturing,3 - Assembly,1 - AssemblyDept,Shannon Chantale Price,2011-05.csv
GHH0288,2010-01-08,0.0,0.0,0.0,0.0,2.0,1.0,1.0,0.0,1.0,0.0,0.0,0.0,0.0,0.0,0.0,0.0,0.0,0.0,0.0,0.0,0.0,0.0,0.0,0.0,0.0,0.0,0.0,0.0,15,USB activity detected,1,0.24138913393585137,0,0.034578884745784924,0.697005956229538,0,15,low,USB activity detected,Genevieve Hyacinth Head,Genevieve.Hyacinth.Head@dtaa.com,ProductionLineWorker,1,3 - Manufacturing,3 - Assembly,1 - AssemblyDept,Shannon Chantale Price,2011-05.csv
GHH0288,2010-01-11,0.0,0.0,0.0,0.0,6.0,3.0,3.0,0.0,1.0,5.0,0.0,5.0,1.0,0.0,0.0,0.0,0.0,0.0,0.0,0.0,0.0,0.0,0.0,0.0,0.0,0.0,0.0,0.0,15,USB activity detected,1,0.20928348233701916,0,0.026955186769781456,0.697005956229538,0,15,low,USB activity detected,Genevieve Hyacinth Head,Genevieve.Hyacinth.Head@dtaa.com,ProductionLineWorker,1,3 - Manufacturing,3 - Assembly,1 - AssemblyDept,Shannon Chantale Price,2011-05.csv
GHH0288,2010-01-12,0.0,0.0,0.0,0.0,6.0,3.0,3.0,0.0,1.0,6.0,0.0,6.0,1.0,0.0,0.0,0.0,0.0,0.0,0.0,0.0,0.0,0.0,0.0,0.0,0.0,0.0,0.0,0.0,15,USB activity detected,1,0.20918704781614778,0,0.02541740156256517,0.697005956229538,0,15,low,USB activity detected,Genevieve Hyacinth Head,Genevieve.Hyacinth.Head@dtaa.com,ProductionLineWorker,1,3 - Manufacturing,3 - Assembly,1 - AssemblyDept,Shannon Chantale Price,2011-05.csv
GHH0288,2010-01-13,0.0,0.0,0.0,0.0,4.0,2.0,2.0,0.0,1.0,0.0,0.0,0.0,0.0,0.0,0.0,0.0,0.0,0.0,0.0,0.0,0.0,0.0,0.0,0.0,0.0,0.0,0.0,0.0,15,USB activity detected,1,0.24050968498880276,0,0.029387747032837967,0.697005956229538,0,15,low,USB activity detected,Genevieve Hyacinth Head,Genevieve.Hyacinth.Head@dtaa.com,ProductionLineWorker,1,3 - Manufacturing,3 - Assembly,1 - AssemblyDept,Shannon Chantale Price,2011-05.csv
GKO0078,2010-01-04,3.0,2.0,0.0,2.0,0.0,0.0,0.0,0.0,0.0,0.0,0.0,0.0,0.0,25.0,0.0,10.0,10.0,1.0,17.0,0.0,562642.0,33096.58823529412,18.0,9.0,31.0,17.0,10.0,1.0,0,,-1,-0.036411601791153214,1,0.9623838817050324,0.697005956229538,1,70,high,AI anomaly detected by Isolation Forest; AI anomaly detected by TensorFlow Autoencoder,Gage Kaden Odonnell,Gage.Kaden.Odonnell@dtaa.com,ChiefEngineer,1,2 - ResearchAndEngineering,3 - Engineering,4 - SystemsEngineering,Declan Lester Moss,2011-05.csv
GKO0078,2010-01-05,2.0,1.0,0.0,1.0,4.0,2.0,2.0,0.0,1.0,3.0,0.0,3.0,1.0,0.0,0.0,0.0,0.0,0.0,0.0,0.0,0.0,0.0,0.0,0.0,0.0,0.0,0.0,0.0,15,USB activity detected,1,0.2310312203707111,0,0.08434180734293042,0.697005956229538,0,15,low,USB activity detected,Gage Kaden Odonnell,Gage.Kaden.Odonnell@dtaa.com,ChiefEngineer,1,2 - ResearchAndEngineering,3 - Engineering,4 - SystemsEngineering,Declan Lester Moss,2011-05.csv
GKO0078,2010-01-06,2.0,2.0,0.0,2.0,4.0,2.0,2.0,0.0,1.0,4.0,0.0,4.0,1.0,0.0,0.0,0.0,0.0,0.0,0.0,0.0,0.0,0.0,0.0,0.0,0.0,0.0,0.0,0.0,15,USB activity detected,1,0.19904611377299836,0,0.13777594882099328,0.697005956229538,0,15,low,USB activity detected,Gage Kaden Odonnell,Gage.Kaden.Odonnell@dtaa.com,ChiefEngineer,1,2 - ResearchAndEngineering,3 - Engineering,4 - SystemsEngineering,Declan Lester Moss,2011-05.csv
GKO0078,2010-01-07,2.0,0.0,0.0,1.0,2.0,1.0,1.0,0.0,1.0,1.0,0.0,1.0,1.0,0.0,0.0,0.0,0.0,0.0,0.0,0.0,0.0,0.0,0.0,0.0,0.0,0.0,0.0,0.0,15,USB activity detected,1,0.214976380303878,0,0.1141002669003329,0.697005956229538,0,15,low,USB activity detected,Gage Kaden Odonnell,Gage.Kaden.Odonnell@dtaa.com,ChiefEngineer,1,2 - ResearchAndEngineering,3 - Engineering,4 - SystemsEngineering,Declan Lester Moss,2011-05.csv
GKO0078,2010-01-11,0.0,0.0,0.0,0.0,4.0,2.0,2.0,0.0,1.0,2.0,0.0,2.0,1.0,0.0,0.0,0.0,0.0,0.0,0.0,0.0,0.0,0.0,0.0,0.0,0.0,0.0,0.0,0.0,15,USB activity detected,1,0.2290339102880541,0,0.037354675290764694,0.697005956229538,0,15,low,USB activity detected,Gage Kaden Odonnell,Gage.Kaden.Odonnell@dtaa.com,ChiefEngineer,1,2 - ResearchAndEngineering,3 - Engineering,4 - SystemsEngineering,Declan Lester Moss,2011-05.csv
GKO0078,2010-01-12,0.0,0.0,0.0,0.0,4.0,2.0,2.0,0.0,1.0,3.0,0.0,3.0,1.0,0.0,0.0,0.0,0.0,0.0,0.0,0.0,0.0,0.0,0.0,0.0,0.0,0.0,0.0,0.0,15,USB activity detected,1,0.2308861893688779,0,0.03367677648907804,0.697005956229538,0,15,low,USB activity detected,Gage Kaden Odonnell,Gage.Kaden.Odonnell@dtaa.com,ChiefEngineer,1,2 - ResearchAndEngineering,3 - Engineering,4 - SystemsEngineering,Declan Lester Moss,2011-05.csv
GKO0078,2010-01-13,0.0,0.0,0.0,0.0,1.0,1.0,0.0,0.0,1.0,0.0,0.0,0.0,0.0,0.0,0.0,0.0,0.0,0.0,0.0,0.0,0.0,0.0,0.0,0.0,0.0,0.0,0.0,0.0,15,USB activity detected,1,0.23463246819413702,0,0.045396169464101646,0.697005956229538,0,15,low,USB activity detected,Gage Kaden Odonnell,Gage.Kaden.Odonnell@dtaa.com,ChiefEngineer,1,2 - ResearchAndEngineering,3 - Engineering,4 - SystemsEngineering,Declan Lester Moss,2011-05.csv
GNS0178,2010-01-06,3.0,2.0,0.0,2.0,2.0,1.0,1.0,0.0,1.0,23.0,0.0,23.0,1.0,0.0,0.0,0.0,0.0,0.0,0.0,0.0,0.0,0.0,0.0,0.0,0.0,0.0,0.0,0.0,45,USB activity detected; High file copy activity,1,0.12028417245500633,0,0.12803756710957898,0.697005956229538,0,45,medium,USB activity detected; High file copy activity,Garrett Nicholas Solomon,Garrett.Nicholas.Solomon@dtaa.com,FieldServiceEngineer,1,5 - SalesAndMarketing,3 - FieldService,1 - RegionalFieldService,Sharon Britanni Kerr,2011-05.csv
GNS0178,2010-01-07,3.0,1.0,2.0,1.0,0.0,0.0,0.0,0.0,0.0,0.0,0.0,0.0,0.0,0.0,0.0,0.0,0.0,0.0,0.0,0.0,0.0,0.0,0.0,0.0,0.0,0.0,0.0,0.0,20,Logon activity outside working hours,1,0.22692358202631413,0,0.1382116496777351,0.697005956229538,0,20,low,Logon activity outside working hours,Garrett Nicholas Solomon,Garrett.Nicholas.Solomon@dtaa.com,FieldServiceEngineer,1,5 - SalesAndMarketing,3 - FieldService,1 - RegionalFieldService,Sharon Britanni Kerr,2011-05.csv
GNS0178,2010-01-12,0.0,0.0,0.0,0.0,2.0,1.0,1.0,0.0,1.0,19.0,0.0,19.0,1.0,0.0,0.0,0.0,0.0,0.0,0.0,0.0,0.0,0.0,0.0,0.0,0.0,0.0,0.0,0.0,15,USB activity detected,1,0.16890768830466618,0,0.07744715990213807,0.697005956229538,0,15,low,USB activity detected,Garrett Nicholas Solomon,Garrett.Nicholas.Solomon@dtaa.com,FieldServiceEngineer,1,5 - SalesAndMarketing,3 - FieldService,1 - RegionalFieldService,Sharon Britanni Kerr,2011-05.csv
GNS0178,2010-01-13,0.0,0.0,0.0,0.0,2.0,1.0,1.0,0.0,1.0,0.0,0.0,0.0,0.0,0.0,0.0,0.0,0.0,0.0,0.0,0.0,0.0,0.0,0.0,0.0,0.0,0.0,0.0,0.0,15,USB activity detected,1,0.24138913393585137,0,0.034578884745784924,0.697005956229538,0,15,low,USB activity detected,Garrett Nicholas Solomon,Garrett.Nicholas.Solomon@dtaa.com,FieldServiceEngineer,1,5 - SalesAndMarketing,3 - FieldService,1 - RegionalFieldService,Sharon Britanni Kerr,2011-05.csv
GQF0659,2010-01-04,1.0,1.0,1.0,1.0,0.0,0.0,0.0,0.0,0.0,0.0,0.0,0.0,0.0,0.0,0.0,0.0,0.0,0.0,3.0,0.0,80545.0,26848.333333333332,0.0,0.0,5.0,2.0,0.0,1.0,20,Logon activity outside working hours,1,0.2053514557781364,0,0.06424814133421607,0.697005956229538,0,20,low,Logon activity outside working hours,Gisela Quintessa Fischer,Gisela.Quintessa.Fischer@dtaa.com,Technician,1,5 - SalesAndMarketing,3 - FieldService,3 - RegionalFieldService,Hedwig Regina Livingston,2011-05.csv
GQF0659,2010-01-05,1.0,1.0,1.0,1.0,0.0,0.0,0.0,0.0,0.0,0.0,0.0,0.0,0.0,0.0,0.0,0.0,0.0,0.0,0.0,0.0,0.0,0.0,0.0,0.0,0.0,0.0,0.0,0.0,20,Logon activity outside working hours,1,0.2543368308857394,0,0.04029176788212439,0.697005956229538,0,20,low,Logon activity outside working hours,Gisela Quintessa Fischer,Gisela.Quintessa.Fischer@dtaa.com,Technician,1,5 - SalesAndMarketing,3 - FieldService,3 - RegionalFieldService,Hedwig Regina Livingston,2011-05.csv
GQF0659,2010-01-06,1.0,1.0,1.0,1.0,0.0,0.0,0.0,0.0,0.0,0.0,0.0,0.0,0.0,0.0,0.0,0.0,0.0,0.0,0.0,0.0,0.0,0.0,0.0,0.0,0.0,0.0,0.0,0.0,20,Logon activity outside working hours,1,0.2543368308857394,0,0.04029176788212439,0.697005956229538,0,20,low,Logon activity outside working hours,Gisela Quintessa Fischer,Gisela.Quintessa.Fischer@dtaa.com,Technician,1,5 - SalesAndMarketing,3 - FieldService,3 - RegionalFieldService,Hedwig Regina Livingston,2011-05.csv
GTD0116,2010-01-04,1.0,1.0,1.0,1.0,0.0,0.0,0.0,0.0,0.0,0.0,0.0,0.0,0.0,0.0,0.0,0.0,0.0,0.0,14.0,0.0,402529.0,28752.071428571428,3.0,1.0,19.0,11.0,10.0,1.0,20,Logon activity outside working hours,1,0.10566424872907942,0,0.1720699926877412,0.697005956229538,0,20,low,Logon activity outside working hours,Grant Tyrone Doyle,Grant.Tyrone.Doyle@dtaa.com,Manager,1,3 - Manufacturing,1 - IndustrialEngineering,,Byron Tyrone Williamson,2011-05.csv
GTD0116,2010-01-05,1.0,1.0,1.0,1.0,0.0,0.0,0.0,0.0,0.0,0.0,0.0,0.0,0.0,0.0,0.0,0.0,0.0,0.0,0.0,0.0,0.0,0.0,0.0,0.0,0.0,0.0,0.0,0.0,20,Logon activity outside working hours,1,0.2543368308857394,0,0.04029176788212439,0.697005956229538,0,20,low,Logon activity outside working hours,Grant Tyrone Doyle,Grant.Tyrone.Doyle@dtaa.com,Manager,1,3 - Manufacturing,1 - IndustrialEngineering,,Byron Tyrone Williamson,2011-05.csv
GTD0116,2010-01-06,1.0,1.0,1.0,1.0,0.0,0.0,0.0,0.0,0.0,0.0,0.0,0.0,0.0,0.0,0.0,0.0,0.0,0.0,0.0,0.0,0.0,0.0,0.0,0.0,0.0,0.0,0.0,0.0,20,Logon activity outside working hours,1,0.2543368308857394,0,0.04029176788212439,0.697005956229538,0,20,low,Logon activity outside working hours,Grant Tyrone Doyle,Grant.Tyrone.Doyle@dtaa.com,Manager,1,3 - Manufacturing,1 - IndustrialEngineering,,Byron Tyrone Williamson,2011-05.csv
GTD0219,2010-01-04,6.0,6.0,8.0,6.0,12.0,6.0,6.0,6.0,5.0,14.0,9.0,14.0,4.0,5.0,0.0,4.0,4.0,1.0,10.0,0.0,304719.0,30471.9,7.0,4.0,20.0,12.0,5.0,1.0,100,Logon activity outside working hours; USB activity detected; USB activity outside working hours; File copy activity outside working hours; Multiple PCs used for logon,-1,-0.15051283942259053,1,1.3508203704306139,0.697005956229538,1,100,critical,Logon activity outside working hours; USB activity detected; USB activity outside working hours; File copy activity outside working hours; Multiple PCs used for logon; AI anomaly detected by Isolation Forest; AI anomaly detected by TensorFlow Autoencoder,Gareth Thomas Dickson,Gareth.Thomas.Dickson@dtaa.com,ITAdmin,1,1 - Adminstration,6 - Security,2 - ElectronicSecurity,Frances Alisa Wiggins,2010-05.csv
GTD0219,2010-01-05,5.0,5.0,4.0,5.0,10.0,5.0,5.0,4.0,4.0,11.0,8.0,11.0,2.0,0.0,0.0,0.0,0.0,0.0,0.0,0.0,0.0,0.0,0.0,0.0,0.0,0.0,0.0,0.0,100,Logon activity outside working hours; USB activity detected; USB activity outside working hours; File copy activity outside working hours; Multiple PCs used for logon,-1,-0.06798329173084205,1,0.4514055858985525,0.697005956229538,0,100,critical,Logon activity outside working hours; USB activity detected; USB activity outside working hours; File copy activity outside working hours; Multiple PCs used for logon; AI anomaly detected by Isolation Forest,Gareth Thomas Dickson,Gareth.Thomas.Dickson@dtaa.com,ITAdmin,1,1 - Adminstration,6 - Security,2 - ElectronicSecurity,Frances Alisa Wiggins,2010-05.csv
GTD0219,2010-01-06,6.0,6.0,8.0,6.0,12.0,6.0,6.0,8.0,6.0,14.0,8.0,14.0,3.0,0.0,0.0,0.0,0.0,0.0,0.0,0.0,0.0,0.0,0.0,0.0,0.0,0.0,0.0,0.0,100,Logon activity outside working hours; USB activity detected; USB activity outside working hours; File copy activity outside working hours; Multiple PCs used for logon,-1,-0.10724479780749085,1,0.4558576387962001,0.697005956229538,0,100,critical,Logon activity outside working hours; USB activity detected; USB activity outside working hours; File copy activity outside working hours; Multiple PCs used for logon; AI anomaly detected by Isolation Forest,Gareth Thomas Dickson,Gareth.Thomas.Dickson@dtaa.com,ITAdmin,1,1 - Adminstration,6 - Security,2 - ElectronicSecurity,Frances Alisa Wiggins,2010-05.csv
GTD0219,2010-01-07,3.0,3.0,2.0,3.0,10.0,5.0,5.0,2.0,4.0,17.0,8.0,17.0,3.0,0.0,0.0,0.0,0.0,0.0,0.0,0.0,0.0,0.0,0.0,0.0,0.0,0.0,0.0,0.0,100,Logon activity outside working hours; USB activity detected; USB activity outside working hours; File copy activity outside working hours; Multiple PCs used for logon,-1,-0.037496301283785005,1,1.0854854646778243,0.697005956229538,1,100,critical,Logon activity outside working hours; USB activity detected; USB activity outside working hours; File copy activity outside working hours; Multiple PCs used for logon; AI anomaly detected by Isolation Forest; AI anomaly detected by TensorFlow Autoencoder,Gareth Thomas Dickson,Gareth.Thomas.Dickson@dtaa.com,ITAdmin,1,1 - Adminstration,6 - Security,2 - ElectronicSecurity,Frances Alisa Wiggins,2010-05.csv
GTD0219,2010-01-08,0.0,0.0,0.0,0.0,12.0,6.0,6.0,0.0,5.0,19.0,0.0,19.0,5.0,0.0,0.0,0.0,0.0,0.0,0.0,0.0,0.0,0.0,0.0,0.0,0.0,0.0,0.0,0.0,15,USB activity detected,1,0.054185094034176595,0,2.345699691050968,0.697005956229538,1,45,medium,USB activity detected; AI anomaly detected by TensorFlow Autoencoder,Gareth Thomas Dickson,Gareth.Thomas.Dickson@dtaa.com,ITAdmin,1,1 - Adminstration,6 - Security,2 - ElectronicSecurity,Frances Alisa Wiggins,2010-05.csv
GTD0219,2010-01-11,0.0,0.0,0.0,0.0,2.0,1.0,1.0,2.0,1.0,8.0,8.0,8.0,1.0,0.0,0.0,0.0,0.0,0.0,0.0,0.0,0.0,0.0,0.0,0.0,0.0,0.0,0.0,0.0,65,USB activity detected; USB activity outside working hours; File copy activity outside working hours,1,0.08681461354646303,0,1.6548291021031851,0.697005956229538,1,95,critical,USB activity detected; USB activity outside working hours; File copy activity outside working hours; AI anomaly detected by TensorFlow Autoencoder,Gareth Thomas Dickson,Gareth.Thomas.Dickson@dtaa.com,ITAdmin,1,1 - Adminstration,6 - Security,2 - ElectronicSecurity,Frances Alisa Wiggins,2010-05.csv
GTD0219,2010-01-12,0.0,0.0,0.0,0.0,4.0,2.0,2.0,2.0,2.0,0.0,0.0,0.0,0.0,0.0,0.0,0.0,0.0,0.0,0.0,0.0,0.0,0.0,0.0,0.0,0.0,0.0,0.0,0.0,40,USB activity detected; USB activity outside working hours,1,0.13134650931157588,0,0.3818492502855904,0.697005956229538,0,40,medium,USB activity detected; USB activity outside working hours,Gareth Thomas Dickson,Gareth.Thomas.Dickson@dtaa.com,ITAdmin,1,1 - Adminstration,6 - Security,2 - ElectronicSecurity,Frances Alisa Wiggins,2010-05.csv
GTD0219,2010-01-13,0.0,0.0,0.0,0.0,8.0,4.0,4.0,2.0,3.0,0.0,0.0,0.0,0.0,0.0,0.0,0.0,0.0,0.0,0.0,0.0,0.0,0.0,0.0,0.0,0.0,0.0,0.0,0.0,40,USB activity detected; USB activity outside working hours,1,0.0946580535556033,0,0.48414193933519567,0.697005956229538,0,40,medium,USB activity detected; USB activity outside working hours,Gareth Thomas Dickson,Gareth.Thomas.Dickson@dtaa.com,ITAdmin,1,1 - Adminstration,6 - Security,2 - ElectronicSecurity,Frances Alisa Wiggins,2010-05.csv
GZC0735,2010-01-04,2.0,1.0,0.0,1.0,2.0,1.0,1.0,0.0,1.0,1.0,0.0,1.0,1.0,0.0,0.0,0.0,0.0,0.0,2.0,0.0,70079.0,35039.5,2.0,1.0,3.0,2.0,0.0,1.0,15,USB activity detected,1,0.16182249910851038,0,0.13880884110691358,0.697005956229538,0,15,low,USB activity detected,Guy Zeus Chandler,Guy.Zeus.Chandler@dtaa.com,Salesman,1,5 - SalesAndMarketing,2 - Sales,4 - RegionalSales,Lysandra Chastity Brennan,2011-05.csv
GZC0735,2010-01-05,2.0,1.0,0.0,1.0,2.0,1.0,1.0,0.0,1.0,0.0,0.0,0.0,0.0,0.0,0.0,0.0,0.0,0.0,13.0,0.0,387636.0,29818.153846153848,8.0,4.0,20.0,4.0,0.0,1.0,15,USB activity detected,1,0.1455151065868654,0,0.1461950867634686,0.697005956229538,0,15,low,USB activity detected,Guy Zeus Chandler,Guy.Zeus.Chandler@dtaa.com,Salesman,1,5 - SalesAndMarketing,2 - Sales,4 - RegionalSales,Lysandra Chastity Brennan,2011-05.csv
GZC0735,2010-01-07,2.0,1.0,0.0,1.0,3.0,2.0,1.0,0.0,1.0,0.0,0.0,0.0,0.0,0.0,0.0,0.0,0.0,0.0,0.0,0.0,0.0,0.0,0.0,0.0,0.0,0.0,0.0,0.0,15,USB activity detected,1,0.24919949831523203,0,0.09309485782808694,0.697005956229538,0,15,low,USB activity detected,Guy Zeus Chandler,Guy.Zeus.Chandler@dtaa.com,Salesman,1,5 - SalesAndMarketing,2 - Sales,4 - RegionalSales,Lysandra Chastity Brennan,2011-05.csv
GZC0735,2010-01-08,0.0,0.0,0.0,0.0,2.0,1.0,1.0,0.0,1.0,6.0,0.0,6.0,1.0,0.0,0.0,0.0,0.0,0.0,0.0,0.0,0.0,0.0,0.0,0.0,0.0,0.0,0.0,0.0,15,USB activity detected,1,0.2188288303391091,0,0.0274749014302764,0.697005956229538,0,15,low,USB activity detected,Guy Zeus Chandler,Guy.Zeus.Chandler@dtaa.com,Salesman,1,5 - SalesAndMarketing,2 - Sales,4 - RegionalSales,Lysandra Chastity Brennan,2011-05.csv
GZC0735,2010-01-09,0.0,0.0,0.0,0.0,2.0,1.0,1.0,0.0,1.0,3.0,0.0,3.0,1.0,0.0,0.0,0.0,0.0,0.0,0.0,0.0,0.0,0.0,0.0,0.0,0.0,0.0,0.0,0.0,15,USB activity detected,1,0.22764297473751488,0,0.03607755261692584,0.697005956229538,0,15,low,USB activity detected,Guy Zeus Chandler,Guy.Zeus.Chandler@dtaa.com,Salesman,1,5 - SalesAndMarketing,2 - Sales,4 - RegionalSales,Lysandra Chastity Brennan,2011-05.csv
GZC0735,2010-01-11,0.0,0.0,0.0,0.0,6.0,3.0,3.0,0.0,1.0,0.0,0.0,0.0,0.0,0.0,0.0,0.0,0.0,0.0,0.0,0.0,0.0,0.0,0.0,0.0,0.0,0.0,0.0,0.0,15,USB activity detected,1,0.21255883227265943,0,0.027228099363080988,0.697005956229538,0,15,low,USB activity detected,Guy Zeus Chandler,Guy.Zeus.Chandler@dtaa.com,Salesman,1,5 - SalesAndMarketing,2 - Sales,4 - RegionalSales,Lysandra Chastity Brennan,2011-05.csv
GZC0735,2010-01-12,0.0,0.0,0.0,0.0,4.0,2.0,2.0,0.0,1.0,0.0,0.0,0.0,0.0,0.0,0.0,0.0,0.0,0.0,0.0,0.0,0.0,0.0,0.0,0.0,0.0,0.0,0.0,0.0,15,USB activity detected,1,0.24050968498880276,0,0.029387747032837967,0.697005956229538,0,15,low,USB activity detected,Guy Zeus Chandler,Guy.Zeus.Chandler@dtaa.com,Salesman,1,5 - SalesAndMarketing,2 - Sales,4 - RegionalSales,Lysandra Chastity Brennan,2011-05.csv
GZC0735,2010-01-13,0.0,0.0,0.0,0.0,2.0,1.0,1.0,0.0,1.0,0.0,0.0,0.0,0.0,0.0,0.0,0.0,0.0,0.0,0.0,0.0,0.0,0.0,0.0,0.0,0.0,0.0,0.0,0.0,15,USB activity detected,1,0.24138913393585137,0,0.034578884745784924,0.697005956229538,0,15,low,USB activity detected,Guy Zeus Chandler,Guy.Zeus.Chandler@dtaa.com,Salesman,1,5 - SalesAndMarketing,2 - Sales,4 - RegionalSales,Lysandra Chastity Brennan,2011-05.csv
HAD0246,2010-01-03,2.0,1.0,0.0,1.0,2.0,1.0,1.0,0.0,1.0,2.0,0.0,2.0,1.0,95.0,0.0,24.0,24.0,1.0,10.0,0.0,280407.0,28040.7,9.0,5.0,16.0,5.0,0.0,1.0,15,USB activity detected,1,0.034088001744114416,0,0.2399254967091507,0.697005956229538,0,15,low,USB activity detected,Holmes Arden Day,Holmes.Arden.Day@dtaa.com,MechanicalEngineer,1,2 - ResearchAndEngineering,3 - Engineering,1 - MechanicalEngineering,Harper Price Harris,2011-05.csv
HAD0246,2010-01-07,2.0,1.0,0.0,2.0,2.0,1.0,1.0,0.0,1.0,0.0,0.0,0.0,0.0,0.0,0.0,0.0,0.0,0.0,0.0,0.0,0.0,0.0,0.0,0.0,0.0,0.0,0.0,0.0,15,USB activity detected,1,0.23285357902322934,0,0.11968716582222799,0.697005956229538,0,15,low,USB activity detected,Holmes Arden Day,Holmes.Arden.Day@dtaa.com,MechanicalEngineer,1,2 - ResearchAndEngineering,3 - Engineering,1 - MechanicalEngineering,Harper Price Harris,2011-05.csv
HAD0246,2010-01-10,0.0,0.0,0.0,0.0,3.0,2.0,1.0,0.0,1.0,1.0,0.0,1.0,1.0,0.0,0.0,0.0,0.0,0.0,0.0,0.0,0.0,0.0,0.0,0.0,0.0,0.0,0.0,0.0,15,USB activity detected,1,0.22200387703040314,0,0.04613740532996166,0.697005956229538,0,15,low,USB activity detected,Holmes Arden Day,Holmes.Arden.Day@dtaa.com,MechanicalEngineer,1,2 - ResearchAndEngineering,3 - Engineering,1 - MechanicalEngineering,Harper Price Harris,2011-05.csv
HAH0760,2010-01-04,2.0,1.0,0.0,1.0,8.0,4.0,4.0,0.0,1.0,7.0,0.0,7.0,1.0,0.0,0.0,0.0,0.0,0.0,3.0,0.0,97407.0,32469.0,3.0,2.0,6.0,2.0,2.0,1.0,15,USB activity detected,1,0.09368061768767688,0,0.07445870376263121,0.697005956229538,0,15,low,USB activity detected,Hilda Alice Hahn,Hilda.Alice.Hahn@dtaa.com,Technician,1,5 - SalesAndMarketing,3 - FieldService,4 - RegionalFieldService,Blaine Helen Cervantes,2011-05.csv
HAH0760,2010-01-05,2.0,1.0,0.0,1.0,2.0,1.0,1.0,0.0,1.0,4.0,0.0,4.0,1.0,0.0,0.0,0.0,0.0,0.0,0.0,0.0,0.0,0.0,0.0,0.0,0.0,0.0,0.0,0.0,15,USB activity detected,1,0.2322243189174663,0,0.07821326811304727,0.697005956229538,0,15,low,USB activity detected,Hilda Alice Hahn,Hilda.Alice.Hahn@dtaa.com,Technician,1,5 - SalesAndMarketing,3 - FieldService,4 - RegionalFieldService,Blaine Helen Cervantes,2011-05.csv
HAH0760,2010-01-06,1.0,1.0,0.0,1.0,5.0,3.0,2.0,0.0,1.0,4.0,0.0,4.0,1.0,0.0,0.0,0.0,0.0,0.0,0.0,0.0,0.0,0.0,0.0,0.0,0.0,0.0,0.0,0.0,15,USB activity detected,1,0.22876464452377548,0,0.05697884302779625,0.697005956229538,0,15,low,USB activity detected,Hilda Alice Hahn,Hilda.Alice.Hahn@dtaa.com,Technician,1,5 - SalesAndMarketing,3 - FieldService,4 - RegionalFieldService,Blaine Helen Cervantes,2011-05.csv
HAH0760,2010-01-07,2.0,1.0,0.0,1.0,4.0,2.0,2.0,0.0,1.0,8.0,0.0,8.0,1.0,0.0,0.0,0.0,0.0,0.0,0.0,0.0,0.0,0.0,0.0,0.0,0.0,0.0,0.0,0.0,15,USB activity detected,1,0.20834606483817963,0,0.06971705233930384,0.697005956229538,0,15,low,USB activity detected,Hilda Alice Hahn,Hilda.Alice.Hahn@dtaa.com,Technician,1,5 - SalesAndMarketing,3 - FieldService,4 - RegionalFieldService,Blaine Helen Cervantes,2011-05.csv
HAH0760,2010-01-08,0.0,0.0,0.0,0.0,2.0,1.0,1.0,0.0,1.0,5.0,0.0,5.0,1.0,0.0,0.0,0.0,0.0,0.0,0.0,0.0,0.0,0.0,0.0,0.0,0.0,0.0,0.0,0.0,15,USB activity detected,1,0.2213894973586028,0,0.02906544660483747,0.697005956229538,0,15,low,USB activity detected,Hilda Alice Hahn,Hilda.Alice.Hahn@dtaa.com,Technician,1,5 - SalesAndMarketing,3 - FieldService,4 - RegionalFieldService,Blaine Helen Cervantes,2011-05.csv
HAH0760,2010-01-11,0.0,0.0,0.0,0.0,2.0,1.0,1.0,0.0,1.0,2.0,0.0,2.0,1.0,0.0,0.0,0.0,0.0,0.0,0.0,0.0,0.0,0.0,0.0,0.0,0.0,0.0,0.0,0.0,15,USB activity detected,1,0.2257817351181608,0,0.0407946951664791,0.697005956229538,0,15,low,USB activity detected,Hilda Alice Hahn,Hilda.Alice.Hahn@dtaa.com,Technician,1,5 - SalesAndMarketing,3 - FieldService,4 - RegionalFieldService,Blaine Helen Cervantes,2011-05.csv
HAH0760,2010-01-12,0.0,0.0,0.0,0.0,2.0,1.0,1.0,0.0,1.0,7.0,0.0,7.0,1.0,0.0,0.0,0.0,0.0,0.0,0.0,0.0,0.0,0.0,0.0,0.0,0.0,0.0,0.0,0.0,15,USB activity detected,1,0.21587164789847074,0,0.02690292616353593,0.697005956229538,0,15,low,USB activity detected,Hilda Alice Hahn,Hilda.Alice.Hahn@dtaa.com,Technician,1,5 - SalesAndMarketing,3 - FieldService,4 - RegionalFieldService,Blaine Helen Cervantes,2011-05.csv
HAH0760,2010-01-13,0.0,0.0,0.0,0.0,1.0,1.0,0.0,0.0,1.0,0.0,0.0,0.0,0.0,0.0,0.0,0.0,0.0,0.0,0.0,0.0,0.0,0.0,0.0,0.0,0.0,0.0,0.0,0.0,15,USB activity detected,1,0.23463246819413702,0,0.045396169464101646,0.697005956229538,0,15,low,USB activity detected,Hilda Alice Hahn,Hilda.Alice.Hahn@dtaa.com,Technician,1,5 - SalesAndMarketing,3 - FieldService,4 - RegionalFieldService,Blaine Helen Cervantes,2011-05.csv
HAV0121,2010-01-04,1.0,1.0,1.0,1.0,0.0,0.0,0.0,0.0,0.0,0.0,0.0,0.0,0.0,0.0,0.0,0.0,0.0,0.0,8.0,0.0,245817.0,30727.125,0.0,0.0,16.0,3.0,0.0,1.0,20,Logon activity outside working hours,1,0.19890964547374124,0,0.07434954721732004,0.697005956229538,0,20,low,Logon activity outside working hours,Hu Akeem Vincent,Hu.Akeem.Vincent@dtaa.com,IndustrialEngineer,1,3 - Manufacturing,1 - IndustrialEngineering,,Grant Tyrone Doyle,2011-05.csv
HAV0121,2010-01-05,1.0,1.0,1.0,1.0,0.0,0.0,0.0,0.0,0.0,0.0,0.0,0.0,0.0,0.0,0.0,0.0,0.0,0.0,0.0,0.0,0.0,0.0,0.0,0.0,0.0,0.0,0.0,0.0,20,Logon activity outside working hours,1,0.2543368308857394,0,0.04029176788212439,0.697005956229538,0,20,low,Logon activity outside working hours,Hu Akeem Vincent,Hu.Akeem.Vincent@dtaa.com,IndustrialEngineer,1,3 - Manufacturing,1 - IndustrialEngineering,,Grant Tyrone Doyle,2011-05.csv
HAV0121,2010-01-06,1.0,1.0,1.0,1.0,0.0,0.0,0.0,0.0,0.0,0.0,0.0,0.0,0.0,0.0,0.0,0.0,0.0,0.0,0.0,0.0,0.0,0.0,0.0,0.0,0.0,0.0,0.0,0.0,20,Logon activity outside working hours,1,0.2543368308857394,0,0.04029176788212439,0.697005956229538,0,20,low,Logon activity outside working hours,Hu Akeem Vincent,Hu.Akeem.Vincent@dtaa.com,IndustrialEngineer,1,3 - Manufacturing,1 - IndustrialEngineering,,Grant Tyrone Doyle,2011-05.csv
HBO0413,2010-01-04,1.0,1.0,0.0,1.0,6.0,3.0,3.0,0.0,1.0,0.0,0.0,0.0,0.0,0.0,0.0,0.0,0.0,0.0,8.0,0.0,254118.0,31764.75,0.0,0.0,13.0,4.0,0.0,1.0,15,USB activity detected,1,0.1496092082632417,0,0.08659749543274037,0.697005956229538,0,15,low,USB activity detected,Harper Basil Obrien,Harper.Basil.Obrien@dtaa.com,SystemsEngineer,1,2 - ResearchAndEngineering,3 - Engineering,6 - SystemsEngineering,Hadassah Riley Baker,2011-03.csv
HBO0413,2010-01-05,1.0,1.0,0.0,1.0,4.0,2.0,2.0,0.0,1.0,1.0,0.0,1.0,1.0,0.0,0.0,0.0,0.0,0.0,3.0,0.0,77297.0,25765.666666666668,0.0,0.0,5.0,2.0,0.0,1.0,15,USB activity detected,1,0.1701132535739473,0,0.06376074867580966,0.697005956229538,0,15,low,USB activity detected,Harper Basil Obrien,Harper.Basil.Obrien@dtaa.com,SystemsEngineer,1,2 - ResearchAndEngineering,3 - Engineering,6 - SystemsEngineering,Hadassah Riley Baker,2011-03.csv
HBO0413,2010-01-06,1.0,1.0,0.0,1.0,3.0,2.0,1.0,0.0,1.0,0.0,0.0,0.0,0.0,0.0,0.0,0.0,0.0,0.0,0.0,0.0,0.0,0.0,0.0,0.0,0.0,0.0,0.0,0.0,15,USB activity detected,1,0.25668639453502484,0,0.06205243828251384,0.697005956229538,0,15,low,USB activity detected,Harper Basil Obrien,Harper.Basil.Obrien@dtaa.com,SystemsEngineer,1,2 - ResearchAndEngineering,3 - Engineering,6 - SystemsEngineering,Hadassah Riley Baker,2011-03.csv
HBO0413,2010-01-07,1.0,0.0,0.0,1.0,8.0,4.0,4.0,0.0,1.0,3.0,0.0,3.0,1.0,0.0,0.0,0.0,0.0,0.0,0.0,0.0,0.0,0.0,0.0,0.0,0.0,0.0,0.0,0.0,15,USB activity detected,1,0.1980182436195605,0,0.06152802573890727,0.697005956229538,0,15,low,USB activity detected,Harper Basil Obrien,Harper.Basil.Obrien@dtaa.com,SystemsEngineer,1,2 - ResearchAndEngineering,3 - Engineering,6 - SystemsEngineering,Hadassah Riley Baker,2011-03.csv
HBO0413,2010-01-08,0.0,0.0,0.0,0.0,6.0,3.0,3.0,0.0,1.0,4.0,0.0,4.0,1.0,0.0,0.0,0.0,0.0,0.0,0.0,0.0,0.0,0.0,0.0,0.0,0.0,0.0,0.0,0.0,15,USB activity detected,1,0.21306448375072373,0,0.02941785780064514,0.697005956229538,0,15,low,USB activity detected,Harper Basil Obrien,Harper.Basil.Obrien@dtaa.com,SystemsEngineer,1,2 - ResearchAndEngineering,3 - Engineering,6 - SystemsEngineering,Hadassah Riley Baker,2011-03.csv
HBO0413,2010-01-11,0.0,0.0,0.0,0.0,4.0,2.0,2.0,0.0,1.0,0.0,0.0,0.0,0.0,0.0,0.0,0.0,0.0,0.0,0.0,0.0,0.0,0.0,0.0,0.0,0.0,0.0,0.0,0.0,15,USB activity detected,1,0.24050968498880276,0,0.029387747032837967,0.697005956229538,0,15,low,USB activity detected,Harper Basil Obrien,Harper.Basil.Obrien@dtaa.com,SystemsEngineer,1,2 - ResearchAndEngineering,3 - Engineering,6 - SystemsEngineering,Hadassah Riley Baker,2011-03.csv
HBO0413,2010-01-12,0.0,0.0,0.0,0.0,4.0,2.0,2.0,0.0,1.0,0.0,0.0,0.0,0.0,0.0,0.0,0.0,0.0,0.0,0.0,0.0,0.0,0.0,0.0,0.0,0.0,0.0,0.0,0.0,15,USB activity detected,1,0.24050968498880276,0,0.029387747032837967,0.697005956229538,0,15,low,USB activity detected,Harper Basil Obrien,Harper.Basil.Obrien@dtaa.com,SystemsEngineer,1,2 - ResearchAndEngineering,3 - Engineering,6 - SystemsEngineering,Hadassah Riley Baker,2011-03.csv
HBO0413,2010-01-13,0.0,0.0,0.0,0.0,2.0,1.0,1.0,0.0,1.0,0.0,0.0,0.0,0.0,0.0,0.0,0.0,0.0,0.0,0.0,0.0,0.0,0.0,0.0,0.0,0.0,0.0,0.0,0.0,15,USB activity detected,1,0.24138913393585137,0,0.034578884745784924,0.697005956229538,0,15,low,USB activity detected,Harper Basil Obrien,Harper.Basil.Obrien@dtaa.com,SystemsEngineer,1,2 - ResearchAndEngineering,3 - Engineering,6 - SystemsEngineering,Hadassah Riley Baker,2011-03.csv
HCL0651,2010-01-04,2.0,1.0,1.0,1.0,4.0,2.0,2.0,0.0,1.0,6.0,0.0,6.0,1.0,0.0,0.0,0.0,0.0,0.0,3.0,0.0,117838.0,39279.333333333336,3.0,2.0,4.0,1.0,0.0,1.0,35,Logon activity outside working hours; USB activity detected,1,0.0887007015190755,0,0.17843302354965096,0.697005956229538,0,35,medium,Logon activity outside working hours; USB activity detected,Heather Cynthia Leonard,Heather.Cynthia.Leonard@dtaa.com,Technician,1,5 - SalesAndMarketing,3 - FieldService,3 - RegionalFieldService,Hedwig Regina Livingston,2011-05.csv
HCL0651,2010-01-05,2.0,1.0,1.0,1.0,6.0,3.0,3.0,0.0,1.0,0.0,0.0,0.0,0.0,0.0,0.0,0.0,0.0,0.0,0.0,0.0,0.0,0.0,0.0,0.0,0.0,0.0,0.0,0.0,35,Logon activity outside working hours; USB activity detected,1,0.17895736163724796,0,0.07219460176556687,0.697005956229538,0,35,medium,Logon activity outside working hours; USB activity detected,Heather Cynthia Leonard,Heather.Cynthia.Leonard@dtaa.com,Technician,1,5 - SalesAndMarketing,3 - FieldService,3 - RegionalFieldService,Hedwig Regina Livingston,2011-05.csv
HCL0651,2010-01-06,1.0,1.0,1.0,1.0,6.0,3.0,3.0,0.0,1.0,5.0,0.0,5.0,1.0,0.0,0.0,0.0,0.0,0.0,0.0,0.0,0.0,0.0,0.0,0.0,0.0,0.0,0.0,0.0,35,Logon activity outside working hours; USB activity detected,1,0.1792740970047057,0,0.051734093953711334,0.697005956229538,0,35,medium,Logon activity outside working hours; USB activity detected,Heather Cynthia Leonard,Heather.Cynthia.Leonard@dtaa.com,Technician,1,5 - SalesAndMarketing,3 - FieldService,3 - RegionalFieldService,Hedwig Regina Livingston,2011-05.csv
HCL0651,2010-01-07,2.0,0.0,0.0,1.0,4.0,2.0,2.0,0.0,1.0,1.0,0.0,1.0,1.0,0.0,0.0,0.0,0.0,0.0,0.0,0.0,0.0,0.0,0.0,0.0,0.0,0.0,0.0,0.0,15,USB activity detected,1,0.2161227990835093,0,0.11662455485171425,0.697005956229538,0,15,low,USB activity detected,Heather Cynthia Leonard,Heather.Cynthia.Leonard@dtaa.com,Technician,1,5 - SalesAndMarketing,3 - FieldService,3 - RegionalFieldService,Hedwig Regina Livingston,2011-05.csv
HCL0651,2010-01-08,0.0,0.0,0.0,0.0,2.0,1.0,1.0,0.0,1.0,1.0,0.0,1.0,1.0,0.0,0.0,0.0,0.0,0.0,0.0,0.0,0.0,0.0,0.0,0.0,0.0,0.0,0.0,0.0,15,USB activity detected,1,0.22229860667995976,0,0.04602747331857822,0.697005956229538,0,15,low,USB activity detected,Heather Cynthia Leonard,Heather.Cynthia.Leonard@dtaa.com,Technician,1,5 - SalesAndMarketing,3 - FieldService,3 - RegionalFieldService,Hedwig Regina Livingston,2011-05.csv
HCL0651,2010-01-11,0.0,0.0,0.0,0.0,4.0,2.0,2.0,0.0,1.0,0.0,0.0,0.0,0.0,0.0,0.0,0.0,0.0,0.0,0.0,0.0,0.0,0.0,0.0,0.0,0.0,0.0,0.0,0.0,15,USB activity detected,1,0.24050968498880276,0,0.029387747032837967,0.697005956229538,0,15,low,USB activity detected,Heather Cynthia Leonard,Heather.Cynthia.Leonard@dtaa.com,Technician,1,5 - SalesAndMarketing,3 - FieldService,3 - RegionalFieldService,Hedwig Regina Livingston,2011-05.csv
HCL0651,2010-01-12,0.0,0.0,0.0,0.0,4.0,2.0,2.0,0.0,1.0,1.0,0.0,1.0,1.0,0.0,0.0,0.0,0.0,0.0,0.0,0.0,0.0,0.0,0.0,0.0,0.0,0.0,0.0,0.0,15,USB activity detected,1,0.22508479258999203,0,0.041893755833660756,0.697005956229538,0,15,low,USB activity detected,Heather Cynthia Leonard,Heather.Cynthia.Leonard@dtaa.com,Technician,1,5 - SalesAndMarketing,3 - FieldService,3 - RegionalFieldService,Hedwig Regina Livingston,2011-05.csv
HCM0267,2010-01-04,1.0,1.0,0.0,1.0,18.0,9.0,9.0,0.0,1.0,26.0,0.0,26.0,1.0,1.0,0.0,1.0,1.0,1.0,9.0,0.0,248409.0,27601.0,4.0,3.0,14.0,3.0,0.0,1.0,45,USB activity detected; High file copy activity,-1,-0.017565098063227702,1,0.40666293455780866,0.697005956229538,0,85,critical,USB activity detected; High file copy activity; AI anomaly detected by Isolation Forest,Hall Colorado Morin,Hall.Colorado.Morin@dtaa.com,MaterialsEngineer,1,2 - ResearchAndEngineering,3 - Engineering,3 - MaterialsEngineering,Ainsley MacKensie Doyle,2011-05.csv
HCM0267,2010-01-05,1.0,1.0,0.0,1.0,18.0,9.0,9.0,0.0,1.0,27.0,0.0,27.0,1.0,0.0,0.0,0.0,0.0,0.0,8.0,0.0,204222.0,25527.75,5.0,3.0,13.0,6.0,0.0,1.0,45,USB activity detected; High file copy activity,-1,-0.008185789111008868,1,0.32095222720180794,0.697005956229538,0,85,critical,USB activity detected; High file copy activity; AI anomaly detected by Isolation Forest,Hall Colorado Morin,Hall.Colorado.Morin@dtaa.com,MaterialsEngineer,1,2 - ResearchAndEngineering,3 - Engineering,3 - MaterialsEngineering,Ainsley MacKensie Doyle,2011-05.csv
HCM0267,2010-01-06,1.0,1.0,0.0,1.0,16.0,8.0,8.0,0.0,1.0,27.0,0.0,27.0,1.0,0.0,0.0,0.0,0.0,0.0,0.0,0.0,0.0,0.0,0.0,0.0,0.0,0.0,0.0,0.0,45,USB activity detected; High file copy activity,1,0.08946034157969951,0,0.0704822817876725,0.697005956229538,0,45,medium,USB activity detected; High file copy activity,Hall Colorado Morin,Hall.Colorado.Morin@dtaa.com,MaterialsEngineer,1,2 - ResearchAndEngineering,3 - Engineering,3 - MaterialsEngineering,Ainsley MacKensie Doyle,2011-05.csv
HCM0267,2010-01-07,1.0,1.0,0.0,1.0,16.0,8.0,8.0,0.0,1.0,23.0,0.0,23.0,1.0,0.0,0.0,0.0,0.0,0.0,0.0,0.0,0.0,0.0,0.0,0.0,0.0,0.0,0.0,0.0,45,USB activity detected; High file copy activity,1,0.11231619362308176,0,0.05954005215422567,0.697005956229538,0,45,medium,USB activity detected; High file copy activity,Hall Colorado Morin,Hall.Colorado.Morin@dtaa.com,MaterialsEngineer,1,2 - ResearchAndEngineering,3 - Engineering,3 - MaterialsEngineering,Ainsley MacKensie Doyle,2011-05.csv
HCM0267,2010-01-08,0.0,0.0,0.0,0.0,18.0,9.0,9.0,0.0,1.0,27.0,0.0,27.0,1.0,0.0,0.0,0.0,0.0,0.0,0.0,0.0,0.0,0.0,0.0,0.0,0.0,0.0,0.0,0.0,45,USB activity detected; High file copy activity,1,0.07587931229607192,0,0.07597268567036625,0.697005956229538,0,45,medium,USB activity detected; High file copy activity,Hall Colorado Morin,Hall.Colorado.Morin@dtaa.com,MaterialsEngineer,1,2 - ResearchAndEngineering,3 - Engineering,3 - MaterialsEngineering,Ainsley MacKensie Doyle,2011-05.csv
HCM0267,2010-01-11,0.0,0.0,0.0,0.0,18.0,9.0,9.0,0.0,1.0,20.0,0.0,20.0,1.0,0.0,0.0,0.0,0.0,0.0,0.0,0.0,0.0,0.0,0.0,0.0,0.0,0.0,0.0,0.0,15,USB activity detected,1,0.10135301074777103,0,0.09463234391582274,0.697005956229538,0,15,low,USB activity detected,Hall Colorado Morin,Hall.Colorado.Morin@dtaa.com,MaterialsEngineer,1,2 - ResearchAndEngineering,3 - Engineering,3 - MaterialsEngineering,Ainsley MacKensie Doyle,2011-05.csv
HCM0267,2010-01-12,0.0,0.0,0.0,0.0,18.0,9.0,9.0,0.0,1.0,19.0,0.0,19.0,1.0,0.0,0.0,0.0,0.0,0.0,0.0,0.0,0.0,0.0,0.0,0.0,0.0,0.0,0.0,0.0,15,USB activity detected,1,0.10363601383357923,0,0.08511851205846394,0.697005956229538,0,15,low,USB activity detected,Hall Colorado Morin,Hall.Colorado.Morin@dtaa.com,MaterialsEngineer,1,2 - ResearchAndEngineering,3 - Engineering,3 - MaterialsEngineering,Ainsley MacKensie Doyle,2011-05.csv
HCM0267,2010-01-13,0.0,0.0,0.0,0.0,16.0,8.0,8.0,0.0,1.0,0.0,0.0,0.0,0.0,0.0,0.0,0.0,0.0,0.0,0.0,0.0,0.0,0.0,0.0,0.0,0.0,0.0,0.0,0.0,15,USB activity detected,1,0.1503712295256983,0,0.029066476541412846,0.697005956229538,0,15,low,USB activity detected,Hall Colorado Morin,Hall.Colorado.Morin@dtaa.com,MaterialsEngineer,1,2 - ResearchAndEngineering,3 - Engineering,3 - MaterialsEngineering,Ainsley MacKensie Doyle,2011-05.csv
HCS0003,2010-01-04,1.0,1.0,0.0,1.0,6.0,3.0,3.0,0.0,1.0,10.0,0.0,10.0,1.0,0.0,0.0,0.0,0.0,0.0,27.0,0.0,862860.0,31957.777777777777,23.0,11.0,37.0,24.0,12.0,1.0,15,USB activity detected,-1,-0.04042919687236024,1,0.30920697420917753,0.697005956229538,0,55,medium,USB activity detected; AI anomaly detected by Isolation Forest,Halla Cathleen Simmons,Halla.Cathleen.Simmons@dtaa.com,VicePresident,1,1 - Adminstration,,,Mona Susan Shannon,2011-05.csv
HCS0003,2010-01-05,1.0,1.0,0.0,1.0,6.0,3.0,3.0,0.0,1.0,6.0,0.0,6.0,1.0,0.0,0.0,0.0,0.0,0.0,0.0,0.0,0.0,0.0,0.0,0.0,0.0,0.0,0.0,0.0,15,USB activity detected,1,0.22004659210863714,0,0.050325299000792315,0.697005956229538,0,15,low,USB activity detected,Halla Cathleen Simmons,Halla.Cathleen.Simmons@dtaa.com,VicePresident,1,1 - Adminstration,,,Mona Susan Shannon,2011-05.csv
HCS0003,2010-01-06,1.0,1.0,0.0,1.0,6.0,3.0,3.0,0.0,1.0,9.0,0.0,9.0,1.0,0.0,0.0,0.0,0.0,0.0,0.0,0.0,0.0,0.0,0.0,0.0,0.0,0.0,0.0,0.0,15,USB activity detected,1,0.20091544644365522,0,0.045542378007171966,0.697005956229538,0,15,low,USB activity detected,Halla Cathleen Simmons,Halla.Cathleen.Simmons@dtaa.com,VicePresident,1,1 - Adminstration,,,Mona Susan Shannon,2011-05.csv
HCS0003,2010-01-07,1.0,0.0,0.0,1.0,6.0,3.0,3.0,0.0,1.0,10.0,0.0,10.0,1.0,0.0,0.0,0.0,0.0,0.0,0.0,0.0,0.0,0.0,0.0,0.0,0.0,0.0,0.0,0.0,15,USB activity detected,1,0.19391445870779922,0,0.05384602248266951,0.697005956229538,0,15,low,USB activity detected,Halla Cathleen Simmons,Halla.Cathleen.Simmons@dtaa.com,VicePresident,1,1 - Adminstration,,,Mona Susan Shannon,2011-05.csv
HCS0003,2010-01-08,0.0,0.0,0.0,0.0,8.0,4.0,4.0,0.0,1.0,13.0,0.0,13.0,1.0,0.0,0.0,0.0,0.0,0.0,0.0,0.0,0.0,0.0,0.0,0.0,0.0,0.0,0.0,0.0,15,USB activity detected,1,0.1605641592439283,0,0.03307783229536071,0.697005956229538,0,15,low,USB activity detected,Halla Cathleen Simmons,Halla.Cathleen.Simmons@dtaa.com,VicePresident,1,1 - Adminstration,,,Mona Susan Shannon,2011-05.csv
HCS0003,2010-01-11,0.0,0.0,0.0,0.0,5.0,3.0,2.0,0.0,1.0,10.0,0.0,10.0,1.0,0.0,0.0,0.0,0.0,0.0,0.0,0.0,0.0,0.0,0.0,0.0,0.0,0.0,0.0,0.0,15,USB activity detected,1,0.1965297660545282,0,0.02643873827547114,0.697005956229538,0,15,low,USB activity detected,Halla Cathleen Simmons,Halla.Cathleen.Simmons@dtaa.com,VicePresident,1,1 - Adminstration,,,Mona Susan Shannon,2011-05.csv
HCS0003,2010-01-12,0.0,0.0,0.0,0.0,6.0,3.0,3.0,0.0,1.0,10.0,0.0,10.0,1.0,0.0,0.0,0.0,0.0,0.0,0.0,0.0,0.0,0.0,0.0,0.0,0.0,0.0,0.0,0.0,15,USB activity detected,1,0.18782208135431022,0,0.02431444640783757,0.697005956229538,0,15,low,USB activity detected,Halla Cathleen Simmons,Halla.Cathleen.Simmons@dtaa.com,VicePresident,1,1 - Adminstration,,,Mona Susan Shannon,2011-05.csv
HCS0003,2010-01-13,0.0,0.0,0.0,0.0,2.0,1.0,1.0,0.0,1.0,0.0,0.0,0.0,0.0,0.0,0.0,0.0,0.0,0.0,0.0,0.0,0.0,0.0,0.0,0.0,0.0,0.0,0.0,0.0,15,USB activity detected,1,0.24138913393585137,0,0.034578884745784924,0.697005956229538,0,15,low,USB activity detected,Halla Cathleen Simmons,Halla.Cathleen.Simmons@dtaa.com,VicePresident,1,1 - Adminstration,,,Mona Susan Shannon,2011-05.csv
HDH0928,2010-01-04,1.0,1.0,0.0,1.0,4.0,2.0,2.0,0.0,1.0,6.0,0.0,6.0,1.0,0.0,0.0,0.0,0.0,0.0,9.0,0.0,239423.0,26602.555555555555,6.0,3.0,16.0,9.0,5.0,1.0,15,USB activity detected,1,0.09253450475338076,0,0.07916587659701547,0.697005956229538,0,15,low,USB activity detected,Hashim Damon Hebert,Hashim.Damon.Hebert@dtaa.com,Mathematician,1,2 - ResearchAndEngineering,1 - Research,6 - Lab,Lillith Adena Matthews,2011-05.csv
HDH0928,2010-01-05,1.0,1.0,0.0,1.0,4.0,2.0,2.0,0.0,1.0,1.0,0.0,1.0,1.0,0.0,0.0,0.0,0.0,0.0,1.0,0.0,22730.0,22730.0,3.0,1.0,2.0,1.0,1.0,1.0,15,USB activity detected,1,0.16679011384979797,0,0.09393067310947076,0.697005956229538,0,15,low,USB activity detected,Hashim Damon Hebert,Hashim.Damon.Hebert@dtaa.com,Mathematician,1,2 - ResearchAndEngineering,1 - Research,6 - Lab,Lillith Adena Matthews,2011-05.csv
HDH0928,2010-01-06,1.0,1.0,0.0,1.0,6.0,3.0,3.0,0.0,1.0,3.0,0.0,3.0,1.0,0.0,0.0,0.0,0.0,0.0,0.0,0.0,0.0,0.0,0.0,0.0,0.0,0.0,0.0,0.0,15,USB activity detected,1,0.22533945786541815,0,0.0576221367679816,0.697005956229538,0,15,low,USB activity detected,Hashim Damon Hebert,Hashim.Damon.Hebert@dtaa.com,Mathematician,1,2 - ResearchAndEngineering,1 - Research,6 - Lab,Lillith Adena Matthews,2011-05.csv
HDH0928,2010-01-07,1.0,0.0,0.0,1.0,4.0,2.0,2.0,0.0,1.0,5.0,0.0,5.0,1.0,0.0,0.0,0.0,0.0,0.0,0.0,0.0,0.0,0.0,0.0,0.0,0.0,0.0,0.0,0.0,15,USB activity detected,1,0.22549927738007935,0,0.05566781672881558,0.697005956229538,0,15,low,USB activity detected,Hashim Damon Hebert,Hashim.Damon.Hebert@dtaa.com,Mathematician,1,2 - ResearchAndEngineering,1 - Research,6 - Lab,Lillith Adena Matthews,2011-05.csv
HDH0928,2010-01-08,0.0,0.0,0.0,0.0,2.0,1.0,1.0,0.0,1.0,5.0,0.0,5.0,1.0,0.0,0.0,0.0,0.0,0.0,0.0,0.0,0.0,0.0,0.0,0.0,0.0,0.0,0.0,0.0,15,USB activity detected,1,0.2213894973586028,0,0.02906544660483747,0.697005956229538,0,15,low,USB activity detected,Hashim Damon Hebert,Hashim.Damon.Hebert@dtaa.com,Mathematician,1,2 - ResearchAndEngineering,1 - Research,6 - Lab,Lillith Adena Matthews,2011-05.csv
HDH0928,2010-01-11,0.0,0.0,0.0,0.0,4.0,2.0,2.0,0.0,1.0,1.0,0.0,1.0,1.0,0.0,0.0,0.0,0.0,0.0,0.0,0.0,0.0,0.0,0.0,0.0,0.0,0.0,0.0,0.0,15,USB activity detected,1,0.22508479258999203,0,0.041893755833660756,0.697005956229538,0,15,low,USB activity detected,Hashim Damon Hebert,Hashim.Damon.Hebert@dtaa.com,Mathematician,1,2 - ResearchAndEngineering,1 - Research,6 - Lab,Lillith Adena Matthews,2011-05.csv
HDH0928,2010-01-12,0.0,0.0,0.0,0.0,4.0,2.0,2.0,0.0,1.0,4.0,0.0,4.0,1.0,0.0,0.0,0.0,0.0,0.0,0.0,0.0,0.0,0.0,0.0,0.0,0.0,0.0,0.0,0.0,15,USB activity detected,1,0.22838849427851565,0,0.03044635091598822,0.697005956229538,0,15,low,USB activity detected,Hashim Damon Hebert,Hashim.Damon.Hebert@dtaa.com,Mathematician,1,2 - ResearchAndEngineering,1 - Research,6 - Lab,Lillith Adena Matthews,2011-05.csv
HDH0928,2010-01-13,0.0,0.0,0.0,0.0,6.0,3.0,3.0,0.0,1.0,0.0,0.0,0.0,0.0,0.0,0.0,0.0,0.0,0.0,0.0,0.0,0.0,0.0,0.0,0.0,0.0,0.0,0.0,0.0,15,USB activity detected,1,0.21255883227265943,0,0.027228099363080988,0.697005956229538,0,15,low,USB activity detected,Hashim Damon Hebert,Hashim.Damon.Hebert@dtaa.com,Mathematician,1,2 - ResearchAndEngineering,1 - Research,6 - Lab,Lillith Adena Matthews,2011-05.csv
HDS0367,2010-01-04,4.0,3.0,2.0,3.0,2.0,1.0,1.0,2.0,1.0,0.0,0.0,0.0,0.0,0.0,0.0,0.0,0.0,0.0,11.0,0.0,348527.0,31684.272727272728,6.0,5.0,20.0,4.0,0.0,1.0,75,Logon activity outside working hours; USB activity detected; USB activity outside working hours; Multiple PCs used for logon,1,0.006386772553967024,0,0.9964904211185673,0.697005956229538,1,100,critical,Logon activity outside working hours; USB activity detected; USB activity outside working hours; Multiple PCs used for logon; AI anomaly detected by TensorFlow Autoencoder,Hayes Drake Stephenson,Hayes.Drake.Stephenson@dtaa.com,ITAdmin,1,1 - Adminstration,6 - Security,3 - ElectronicSecurity,Francis Brian Armstrong,2011-05.csv
HDS0367,2010-01-05,6.0,5.0,4.0,5.0,8.0,4.0,4.0,4.0,4.0,8.0,4.0,8.0,2.0,0.0,0.0,0.0,0.0,0.0,0.0,0.0,0.0,0.0,0.0,0.0,0.0,0.0,0.0,0.0,100,Logon activity outside working hours; USB activity detected; USB activity outside working hours; File copy activity outside working hours; Multiple PCs used for logon,-1,-0.04962618340590175,1,0.4532883853265217,0.697005956229538,0,100,critical,Logon activity outside working hours; USB activity detected; USB activity outside working hours; File copy activity outside working hours; Multiple PCs used for logon; AI anomaly detected by Isolation Forest,Hayes Drake Stephenson,Hayes.Drake.Stephenson@dtaa.com,ITAdmin,1,1 - Adminstration,6 - Security,3 - ElectronicSecurity,Francis Brian Armstrong,2011-05.csv
HDS0367,2010-01-06,7.0,6.0,10.0,6.0,12.0,6.0,6.0,10.0,6.0,16.0,12.0,16.0,3.0,0.0,0.0,0.0,0.0,0.0,0.0,0.0,0.0,0.0,0.0,0.0,0.0,0.0,0.0,0.0,100,Logon activity outside working hours; USB activity detected; USB activity outside working hours; File copy activity outside working hours; Multiple PCs used for logon,-1,-0.12182407122386074,1,1.0649067853431533,0.697005956229538,1,100,critical,Logon activity outside working hours; USB activity detected; USB activity outside working hours; File copy activity outside working hours; Multiple PCs used for logon; AI anomaly detected by Isolation Forest; AI anomaly detected by TensorFlow Autoencoder,Hayes Drake Stephenson,Hayes.Drake.Stephenson@dtaa.com,ITAdmin,1,1 - Adminstration,6 - Security,3 - ElectronicSecurity,Francis Brian Armstrong,2011-05.csv
HDS0367,2010-01-07,2.0,1.0,0.0,1.0,10.0,5.0,5.0,2.0,2.0,15.0,8.0,15.0,2.0,0.0,0.0,0.0,0.0,0.0,0.0,0.0,0.0,0.0,0.0,0.0,0.0,0.0,0.0,0.0,65,USB activity detected; USB activity outside working hours; File copy activity outside working hours,1,0.03857615477648424,0,1.3574106734530251,0.697005956229538,1,95,critical,USB activity detected; USB activity outside working hours; File copy activity outside working hours; AI anomaly detected by TensorFlow Autoencoder,Hayes Drake Stephenson,Hayes.Drake.Stephenson@dtaa.com,ITAdmin,1,1 - Adminstration,6 - Security,3 - ElectronicSecurity,Francis Brian Armstrong,2011-05.csv
HDS0367,2010-01-08,0.0,0.0,0.0,0.0,12.0,6.0,6.0,4.0,5.0,13.0,4.0,13.0,2.0,0.0,0.0,0.0,0.0,0.0,0.0,0.0,0.0,0.0,0.0,0.0,0.0,0.0,0.0,0.0,65,USB activity detected; USB activity outside working hours; File copy activity outside working hours,-1,-0.0026292327884105404,1,0.5199882665443178,0.697005956229538,0,100,critical,USB activity detected; USB activity outside working hours; File copy activity outside working hours; AI anomaly detected by Isolation Forest,Hayes Drake Stephenson,Hayes.Drake.Stephenson@dtaa.com,ITAdmin,1,1 - Adminstration,6 - Security,3 - ElectronicSecurity,Francis Brian Armstrong,2011-05.csv
HDS0367,2010-01-11,0.0,0.0,0.0,0.0,8.0,4.0,4.0,6.0,4.0,7.0,7.0,7.0,2.0,0.0,0.0,0.0,0.0,0.0,0.0,0.0,0.0,0.0,0.0,0.0,0.0,0.0,0.0,0.0,65,USB activity detected; USB activity outside working hours; File copy activity outside working hours,1,0.004523885102701963,0,0.46291804103163536,0.697005956229538,0,65,high,USB activity detected; USB activity outside working hours; File copy activity outside working hours,Hayes Drake Stephenson,Hayes.Drake.Stephenson@dtaa.com,ITAdmin,1,1 - Adminstration,6 - Security,3 - ElectronicSecurity,Francis Brian Armstrong,2011-05.csv
HDS0367,2010-01-12,0.0,0.0,0.0,0.0,10.0,5.0,5.0,4.0,4.0,8.0,4.0,8.0,2.0,0.0,0.0,0.0,0.0,0.0,0.0,0.0,0.0,0.0,0.0,0.0,0.0,0.0,0.0,0.0,65,USB activity detected; USB activity outside working hours; File copy activity outside working hours,1,0.03181643571793635,0,0.22383450090442475,0.697005956229538,0,65,high,USB activity detected; USB activity outside working hours; File copy activity outside working hours,Hayes Drake Stephenson,Hayes.Drake.Stephenson@dtaa.com,ITAdmin,1,1 - Adminstration,6 - Security,3 - ElectronicSecurity,Francis Brian Armstrong,2011-05.csv
HDS0367,2010-01-13,0.0,0.0,0.0,0.0,8.0,4.0,4.0,6.0,4.0,0.0,0.0,0.0,0.0,0.0,0.0,0.0,0.0,0.0,0.0,0.0,0.0,0.0,0.0,0.0,0.0,0.0,0.0,0.0,40,USB activity detected; USB activity outside working hours,1,0.06574470490838769,0,2.1854977431457403,0.697005956229538,1,70,high,USB activity detected; USB activity outside working hours; AI anomaly detected by TensorFlow Autoencoder,Hayes Drake Stephenson,Hayes.Drake.Stephenson@dtaa.com,ITAdmin,1,1 - Adminstration,6 - Security,3 - ElectronicSecurity,Francis Brian Armstrong,2011-05.csv
HFB0347,2010-01-06,1.0,1.0,0.0,1.0,2.0,1.0,1.0,0.0,1.0,27.0,0.0,27.0,1.0,0.0,0.0,0.0,0.0,0.0,0.0,0.0,0.0,0.0,0.0,0.0,0.0,0.0,0.0,0.0,45,USB activity detected; High file copy activity,1,0.13426177176113302,0,0.06004319595095392,0.697005956229538,0,45,medium,USB activity detected; High file copy activity,Heather Fredericka Baird,Heather.Fredericka.Baird@dtaa.com,Technician,1,5 - SalesAndMarketing,3 - FieldService,1 - RegionalFieldService,Garrett Nicholas Solomon,2010-12.csv
HFB0347,2010-01-07,1.0,0.0,0.0,1.0,2.0,1.0,1.0,0.0,1.0,22.0,0.0,22.0,1.0,0.0,0.0,0.0,0.0,0.0,0.0,0.0,0.0,0.0,0.0,0.0,0.0,0.0,0.0,0.0,45,USB activity detected; High file copy activity,1,0.1520423199096208,0,0.04933131679879028,0.697005956229538,0,45,medium,USB activity detected; High file copy activity,Heather Fredericka Baird,Heather.Fredericka.Baird@dtaa.com,Technician,1,5 - SalesAndMarketing,3 - FieldService,1 - RegionalFieldService,Garrett Nicholas Solomon,2010-12.csv
HFB0347,2010-01-11,0.0,0.0,0.0,0.0,2.0,1.0,1.0,0.0,1.0,22.0,0.0,22.0,1.0,0.0,0.0,0.0,0.0,0.0,0.0,0.0,0.0,0.0,0.0,0.0,0.0,0.0,0.0,0.0,45,USB activity detected; High file copy activity,1,0.14347283501135943,0,0.04449722466385517,0.697005956229538,0,45,medium,USB activity detected; High file copy activity,Heather Fredericka Baird,Heather.Fredericka.Baird@dtaa.com,Technician,1,5 - SalesAndMarketing,3 - FieldService,1 - RegionalFieldService,Garrett Nicholas Solomon,2010-12.csv
HFB0347,2010-01-13,0.0,0.0,0.0,0.0,2.0,1.0,1.0,0.0,1.0,0.0,0.0,0.0,0.0,0.0,0.0,0.0,0.0,0.0,0.0,0.0,0.0,0.0,0.0,0.0,0.0,0.0,0.0,0.0,15,USB activity detected,1,0.24138913393585137,0,0.034578884745784924,0.697005956229538,0,15,low,USB activity detected,Heather Fredericka Baird,Heather.Fredericka.Baird@dtaa.com,Technician,1,5 - SalesAndMarketing,3 - FieldService,1 - RegionalFieldService,Garrett Nicholas Solomon,2010-12.csv
HJS0072,2010-01-04,2.0,1.0,0.0,1.0,2.0,1.0,1.0,0.0,1.0,6.0,0.0,6.0,1.0,0.0,0.0,0.0,0.0,0.0,9.0,0.0,289040.0,32115.555555555555,14.0,4.0,16.0,8.0,6.0,1.0,15,USB activity detected,1,0.08106304473638404,0,0.15243802597923953,0.697005956229538,0,15,low,USB activity detected,Honorato John Sloan,Honorato.John.Sloan@dtaa.com,SoftwareEngineer,1,2 - ResearchAndEngineering,2 - SoftwareManagement,1 - Software,Vance Ira Alston,2010-01.csv
HJS0072,2010-01-05,2.0,1.0,0.0,1.0,4.0,2.0,2.0,0.0,1.0,3.0,0.0,3.0,1.0,0.0,0.0,0.0,0.0,0.0,5.0,0.0,152643.0,30528.6,5.0,3.0,9.0,5.0,3.0,1.0,15,USB activity detected,1,0.1116225101023175,0,0.06660814972162066,0.697005956229538,0,15,low,USB activity detected,Honorato John Sloan,Honorato.John.Sloan@dtaa.com,SoftwareEngineer,1,2 - ResearchAndEngineering,2 - SoftwareManagement,1 - Software,Vance Ira Alston,2010-01.csv
HJS0072,2010-01-06,3.0,2.0,0.0,2.0,2.0,1.0,1.0,0.0,1.0,2.0,0.0,2.0,1.0,0.0,0.0,0.0,0.0,0.0,0.0,0.0,0.0,0.0,0.0,0.0,0.0,0.0,0.0,0.0,15,USB activity detected,1,0.19129602542201807,0,0.18207638451577335,0.697005956229538,0,15,low,USB activity detected,Honorato John Sloan,Honorato.John.Sloan@dtaa.com,SoftwareEngineer,1,2 - ResearchAndEngineering,2 - SoftwareManagement,1 - Software,Vance Ira Alston,2010-01.csv
HJS0072,2010-01-08,0.0,0.0,0.0,0.0,4.0,2.0,2.0,0.0,1.0,7.0,0.0,7.0,1.0,0.0,0.0,0.0,0.0,0.0,0.0,0.0,0.0,0.0,0.0,0.0,0.0,0.0,0.0,0.0,15,USB activity detected,1,0.22151117415156107,0,0.02464864816691023,0.697005956229538,0,15,low,USB activity detected,Honorato John Sloan,Honorato.John.Sloan@dtaa.com,SoftwareEngineer,1,2 - ResearchAndEngineering,2 - SoftwareManagement,1 - Software,Vance Ira Alston,2010-01.csv
HJS0072,2010-01-11,0.0,0.0,0.0,0.0,2.0,1.0,1.0,0.0,1.0,7.0,0.0,7.0,1.0,0.0,0.0,0.0,0.0,0.0,0.0,0.0,0.0,0.0,0.0,0.0,0.0,0.0,0.0,0.0,15,USB activity detected,1,0.21587164789847074,0,0.02690292616353593,0.697005956229538,0,15,low,USB activity detected,Honorato John Sloan,Honorato.John.Sloan@dtaa.com,SoftwareEngineer,1,2 - ResearchAndEngineering,2 - SoftwareManagement,1 - Software,Vance Ira Alston,2010-01.csv
HJS0072,2010-01-12,0.0,0.0,0.0,0.0,4.0,2.0,2.0,0.0,1.0,3.0,0.0,3.0,1.0,0.0,0.0,0.0,0.0,0.0,0.0,0.0,0.0,0.0,0.0,0.0,0.0,0.0,0.0,0.0,15,USB activity detected,1,0.2308861893688779,0,0.03367677648907804,0.697005956229538,0,15,low,USB activity detected,Honorato John Sloan,Honorato.John.Sloan@dtaa.com,SoftwareEngineer,1,2 - ResearchAndEngineering,2 - SoftwareManagement,1 - Software,Vance Ira Alston,2010-01.csv
HMM0108,2010-01-04,3.0,2.0,0.0,2.0,2.0,1.0,1.0,0.0,1.0,5.0,0.0,5.0,1.0,0.0,0.0,0.0,0.0,0.0,10.0,0.0,282407.0,28240.7,3.0,2.0,16.0,6.0,6.0,1.0,15,USB activity detected,1,0.07604454324239918,0,0.21690723723750183,0.697005956229538,0,15,low,USB activity detected,Hakeem Mason Mccall,Hakeem.Mason.Mccall@dtaa.com,MechanicalEngineer,1,2 - ResearchAndEngineering,3 - Engineering,5 - TestAndEvalualtion,Rose Hanae Yates,2010-02.csv
HMM0108,2010-01-05,2.0,1.0,0.0,1.0,4.0,2.0,2.0,0.0,1.0,4.0,0.0,4.0,1.0,0.0,0.0,0.0,0.0,0.0,2.0,0.0,54919.0,27459.5,1.0,1.0,3.0,0.0,2.0,1.0,15,USB activity detected,1,0.14474557134510369,0,0.09642740661298516,0.697005956229538,0,15,low,USB activity detected,Hakeem Mason Mccall,Hakeem.Mason.Mccall@dtaa.com,MechanicalEngineer,1,2 - ResearchAndEngineering,3 - Engineering,5 - TestAndEvalualtion,Rose Hanae Yates,2010-02.csv
HMM0108,2010-01-06,2.0,2.0,0.0,2.0,2.0,1.0,1.0,0.0,1.0,8.0,0.0,8.0,1.0,0.0,0.0,0.0,0.0,0.0,0.0,0.0,0.0,0.0,0.0,0.0,0.0,0.0,0.0,0.0,15,USB activity detected,1,0.18124878215000179,0,0.1279020014992761,0.697005956229538,0,15,low,USB activity detected,Hakeem Mason Mccall,Hakeem.Mason.Mccall@dtaa.com,MechanicalEngineer,1,2 - ResearchAndEngineering,3 - Engineering,5 - TestAndEvalualtion,Rose Hanae Yates,2010-02.csv
HMM0108,2010-01-07,2.0,0.0,0.0,1.0,2.0,1.0,1.0,0.0,1.0,10.0,0.0,10.0,1.0,0.0,0.0,0.0,0.0,0.0,0.0,0.0,0.0,0.0,0.0,0.0,0.0,0.0,0.0,0.0,15,USB activity detected,1,0.19579728182279427,0,0.09689910695914844,0.697005956229538,0,15,low,USB activity detected,Hakeem Mason Mccall,Hakeem.Mason.Mccall@dtaa.com,MechanicalEngineer,1,2 - ResearchAndEngineering,3 - Engineering,5 - TestAndEvalualtion,Rose Hanae Yates,2010-02.csv
HMM0108,2010-01-08,0.0,0.0,0.0,0.0,4.0,2.0,2.0,0.0,1.0,10.0,0.0,10.0,1.0,0.0,0.0,0.0,0.0,0.0,0.0,0.0,0.0,0.0,0.0,0.0,0.0,0.0,0.0,0.0,15,USB activity detected,1,0.20394893691682536,0,0.02463885376788887,0.697005956229538,0,15,low,USB activity detected,Hakeem Mason Mccall,Hakeem.Mason.Mccall@dtaa.com,MechanicalEngineer,1,2 - ResearchAndEngineering,3 - Engineering,5 - TestAndEvalualtion,Rose Hanae Yates,2010-02.csv
HMM0108,2010-01-11,0.0,0.0,0.0,0.0,4.0,2.0,2.0,0.0,1.0,9.0,0.0,9.0,1.0,0.0,0.0,0.0,0.0,0.0,0.0,0.0,0.0,0.0,0.0,0.0,0.0,0.0,0.0,0.0,15,USB activity detected,1,0.20924209050060494,0,0.023761991466027317,0.697005956229538,0,15,low,USB activity detected,Hakeem Mason Mccall,Hakeem.Mason.Mccall@dtaa.com,MechanicalEngineer,1,2 - ResearchAndEngineering,3 - Engineering,5 - TestAndEvalualtion,Rose Hanae Yates,2010-02.csv
HMM0108,2010-01-12,0.0,0.0,0.0,0.0,4.0,2.0,2.0,0.0,1.0,5.0,0.0,5.0,1.0,0.0,0.0,0.0,0.0,0.0,0.0,0.0,0.0,0.0,0.0,0.0,0.0,0.0,0.0,0.0,15,USB activity detected,1,0.22467427013337,0,0.027613971130823235,0.697005956229538,0,15,low,USB activity detected,Hakeem Mason Mccall,Hakeem.Mason.Mccall@dtaa.com,MechanicalEngineer,1,2 - ResearchAndEngineering,3 - Engineering,5 - TestAndEvalualtion,Rose Hanae Yates,2010-02.csv
HOB0994,2010-01-04,1.0,1.0,1.0,1.0,0.0,0.0,0.0,0.0,0.0,0.0,0.0,0.0,0.0,0.0,0.0,0.0,0.0,0.0,9.0,0.0,245143.0,27238.11111111111,3.0,2.0,14.0,4.0,0.0,1.0,20,Logon activity outside working hours,1,0.1919700502476031,0,0.08720208875463417,0.697005956229538,0,20,low,Logon activity outside working hours,Harrison Oscar Burke,Harrison.Oscar.Burke@dtaa.com,IndustrialEngineer,1,3 - Manufacturing,1 - IndustrialEngineering,,Grant Tyrone Doyle,2011-05.csv
HOB0994,2010-01-05,1.0,1.0,1.0,1.0,0.0,0.0,0.0,0.0,0.0,0.0,0.0,0.0,0.0,0.0,0.0,0.0,0.0,0.0,0.0,0.0,0.0,0.0,0.0,0.0,0.0,0.0,0.0,0.0,20,Logon activity outside working hours,1,0.2543368308857394,0,0.04029176788212439,0.697005956229538,0,20,low,Logon activity outside working hours,Harrison Oscar Burke,Harrison.Oscar.Burke@dtaa.com,IndustrialEngineer,1,3 - Manufacturing,1 - IndustrialEngineering,,Grant Tyrone Doyle,2011-05.csv
HOB0994,2010-01-06,1.0,1.0,1.0,1.0,0.0,0.0,0.0,0.0,0.0,0.0,0.0,0.0,0.0,0.0,0.0,0.0,0.0,0.0,0.0,0.0,0.0,0.0,0.0,0.0,0.0,0.0,0.0,0.0,20,Logon activity outside working hours,1,0.2543368308857394,0,0.04029176788212439,0.697005956229538,0,20,low,Logon activity outside working hours,Harrison Oscar Burke,Harrison.Oscar.Burke@dtaa.com,IndustrialEngineer,1,3 - Manufacturing,1 - IndustrialEngineering,,Grant Tyrone Doyle,2011-05.csv
HPH0075,2010-01-02,2.0,1.0,0.0,1.0,14.0,7.0,7.0,0.0,1.0,20.0,0.0,20.0,1.0,180.0,0.0,39.0,39.0,1.0,19.0,0.0,548025.0,28843.42105263158,10.0,8.0,28.0,18.0,10.0,1.0,15,USB activity detected,-1,-0.09079038659089411,1,0.9548502212784126,0.697005956229538,1,85,critical,USB activity detected; AI anomaly detected by Isolation Forest; AI anomaly detected by TensorFlow Autoencoder,Harper Price Harris,Harper.Price.Harris@dtaa.com,ChiefEngineer,1,2 - ResearchAndEngineering,3 - Engineering,1 - MechanicalEngineering,Declan Lester Moss,2011-05.csv
HPH0075,2010-01-04,2.0,1.0,0.0,1.0,14.0,7.0,7.0,0.0,1.0,27.0,0.0,27.0,1.0,0.0,0.0,0.0,0.0,0.0,19.0,0.0,588822.0,30990.63157894737,14.0,7.0,32.0,15.0,9.0,1.0,45,USB activity detected; High file copy activity,-1,-0.06741461832826245,1,0.09483303612349758,0.697005956229538,0,85,critical,USB activity detected; High file copy activity; AI anomaly detected by Isolation Forest,Harper Price Harris,Harper.Price.Harris@dtaa.com,ChiefEngineer,1,2 - ResearchAndEngineering,3 - Engineering,1 - MechanicalEngineering,Declan Lester Moss,2011-05.csv
HPH0075,2010-01-05,1.0,1.0,0.0,1.0,18.0,9.0,9.0,0.0,1.0,24.0,0.0,24.0,1.0,0.0,0.0,0.0,0.0,0.0,1.0,0.0,19850.0,19850.0,1.0,1.0,3.0,0.0,1.0,1.0,45,USB activity detected; High file copy activity,1,0.039871748192034984,0,0.07752691363667935,0.697005956229538,0,45,medium,USB activity detected; High file copy activity,Harper Price Harris,Harper.Price.Harris@dtaa.com,ChiefEngineer,1,2 - ResearchAndEngineering,3 - Engineering,1 - MechanicalEngineering,Declan Lester Moss,2011-05.csv
HPH0075,2010-01-06,2.0,1.0,0.0,1.0,14.0,7.0,7.0,0.0,1.0,25.0,0.0,25.0,1.0,0.0,0.0,0.0,0.0,0.0,0.0,0.0,0.0,0.0,0.0,0.0,0.0,0.0,0.0,0.0,45,USB activity detected; High file copy activity,1,0.0927127534535378,0,0.07892568741231967,0.697005956229538,0,45,medium,USB activity detected; High file copy activity,Harper Price Harris,Harper.Price.Harris@dtaa.com,ChiefEngineer,1,2 - ResearchAndEngineering,3 - Engineering,1 - MechanicalEngineering,Declan Lester Moss,2011-05.csv
HPH0075,2010-01-07,2.0,1.0,0.0,1.0,16.0,8.0,8.0,0.0,1.0,22.0,0.0,22.0,1.0,0.0,0.0,0.0,0.0,0.0,0.0,0.0,0.0,0.0,0.0,0.0,0.0,0.0,0.0,0.0,45,USB activity detected; High file copy activity,1,0.10713386786493051,0,0.08318128781669569,0.697005956229538,0,45,medium,USB activity detected; High file copy activity,Harper Price Harris,Harper.Price.Harris@dtaa.com,ChiefEngineer,1,2 - ResearchAndEngineering,3 - Engineering,1 - MechanicalEngineering,Declan Lester Moss,2011-05.csv
HPH0075,2010-01-08,0.0,0.0,0.0,0.0,16.0,8.0,8.0,0.0,1.0,22.0,0.0,22.0,1.0,0.0,0.0,0.0,0.0,0.0,0.0,0.0,0.0,0.0,0.0,0.0,0.0,0.0,0.0,0.0,45,USB activity detected; High file copy activity,1,0.1070511338589939,0,0.058091694615128045,0.697005956229538,0,45,medium,USB activity detected; High file copy activity,Harper Price Harris,Harper.Price.Harris@dtaa.com,ChiefEngineer,1,2 - ResearchAndEngineering,3 - Engineering,1 - MechanicalEngineering,Declan Lester Moss,2011-05.csv
HPH0075,2010-01-09,0.0,0.0,0.0,0.0,18.0,9.0,9.0,0.0,1.0,23.0,0.0,23.0,1.0,0.0,0.0,0.0,0.0,0.0,0.0,0.0,0.0,0.0,0.0,0.0,0.0,0.0,0.0,0.0,45,USB activity detected; High file copy activity,1,0.09831752621263734,0,0.06625378783254582,0.697005956229538,0,45,medium,USB activity detected; High file copy activity,Harper Price Harris,Harper.Price.Harris@dtaa.com,ChiefEngineer,1,2 - ResearchAndEngineering,3 - Engineering,1 - MechanicalEngineering,Declan Lester Moss,2011-05.csv
HPH0075,2010-01-11,0.0,0.0,0.0,0.0,14.0,7.0,7.0,0.0,1.0,21.0,0.0,21.0,1.0,0.0,0.0,0.0,0.0,0.0,0.0,0.0,0.0,0.0,0.0,0.0,0.0,0.0,0.0,0.0,45,USB activity detected; High file copy activity,1,0.10997987929289399,0,0.05173450053594778,0.697005956229538,0,45,medium,USB activity detected; High file copy activity,Harper Price Harris,Harper.Price.Harris@dtaa.com,ChiefEngineer,1,2 - ResearchAndEngineering,3 - Engineering,1 - MechanicalEngineering,Declan Lester Moss,2011-05.csv
HPH0075,2010-01-12,0.0,0.0,0.0,0.0,16.0,8.0,8.0,0.0,1.0,17.0,0.0,17.0,1.0,0.0,0.0,0.0,0.0,0.0,0.0,0.0,0.0,0.0,0.0,0.0,0.0,0.0,0.0,0.0,15,USB activity detected,1,0.12219396832714313,0,0.06346816218676136,0.697005956229538,0,15,low,USB activity detected,Harper Price Harris,Harper.Price.Harris@dtaa.com,ChiefEngineer,1,2 - ResearchAndEngineering,3 - Engineering,1 - MechanicalEngineering,Declan Lester Moss,2011-05.csv
HPH0075,2010-01-13,0.0,0.0,0.0,0.0,10.0,5.0,5.0,0.0,1.0,0.0,0.0,0.0,0.0,0.0,0.0,0.0,0.0,0.0,0.0,0.0,0.0,0.0,0.0,0.0,0.0,0.0,0.0,0.0,15,USB activity detected,1,0.18212522523809294,0,0.026785746186875715,0.697005956229538,0,15,low,USB activity detected,Harper Price Harris,Harper.Price.Harris@dtaa.com,ChiefEngineer,1,2 - ResearchAndEngineering,3 - Engineering,1 - MechanicalEngineering,Declan Lester Moss,2011-05.csv
HRB0351,2010-01-12,0.0,0.0,0.0,0.0,2.0,1.0,1.0,0.0,1.0,23.0,0.0,23.0,1.0,0.0,0.0,0.0,0.0,0.0,0.0,0.0,0.0,0.0,0.0,0.0,0.0,0.0,0.0,0.0,45,USB activity detected; High file copy activity,1,0.14145529135065,0,0.04657276026155703,0.697005956229538,0,45,medium,USB activity detected; High file copy activity,Hadassah Riley Baker,Hadassah.Riley.Baker@dtaa.com,ChiefEngineer,1,2 - ResearchAndEngineering,3 - Engineering,6 - SystemsEngineering,Declan Lester Moss,2011-05.csv
HRD0635,2010-01-04,1.0,1.0,1.0,1.0,0.0,0.0,0.0,0.0,0.0,0.0,0.0,0.0,0.0,0.0,0.0,0.0,0.0,0.0,3.0,0.0,91086.0,30362.0,4.0,2.0,4.0,1.0,0.0,1.0,20,Logon activity outside working hours,1,0.1909848094011372,0,0.12309398766165364,0.697005956229538,0,20,low,Logon activity outside working hours,Hadley Rhona Dillon,Hadley.Rhona.Dillon@dtaa.com,Technician,1,5 - SalesAndMarketing,3 - FieldService,3 - RegionalFieldService,Hedwig Regina Livingston,2010-04.csv
HRD0635,2010-01-05,2.0,1.0,1.0,1.0,0.0,0.0,0.0,0.0,0.0,0.0,0.0,0.0,0.0,0.0,0.0,0.0,0.0,0.0,1.0,0.0,30305.0,30305.0,4.0,1.0,2.0,1.0,0.0,1.0,20,Logon activity outside working hours,1,0.19198607623354075,0,0.11725267347244199,0.697005956229538,0,20,low,Logon activity outside working hours,Hadley Rhona Dillon,Hadley.Rhona.Dillon@dtaa.com,Technician,1,5 - SalesAndMarketing,3 - FieldService,3 - RegionalFieldService,Hedwig Regina Livingston,2010-04.csv
HRD0635,2010-01-06,3.0,2.0,1.0,2.0,0.0,0.0,0.0,0.0,0.0,0.0,0.0,0.0,0.0,0.0,0.0,0.0,0.0,0.0,0.0,0.0,0.0,0.0,0.0,0.0,0.0,0.0,0.0,0.0,20,Logon activity outside working hours,1,0.2022079337021564,0,0.0427761008030773,0.697005956229538,0,20,low,Logon activity outside working hours,Hadley Rhona Dillon,Hadley.Rhona.Dillon@dtaa.com,Technician,1,5 - SalesAndMarketing,3 - FieldService,3 - RegionalFieldService,Hedwig Regina Livingston,2010-04.csv
HRD0635,2010-01-07,3.0,1.0,2.0,1.0,0.0,0.0,0.0,0.0,0.0,0.0,0.0,0.0,0.0,0.0,0.0,0.0,0.0,0.0,0.0,0.0,0.0,0.0,0.0,0.0,0.0,0.0,0.0,0.0,20,Logon activity outside working hours,1,0.22692358202631413,0,0.1382116496777351,0.697005956229538,0,20,low,Logon activity outside working hours,Hadley Rhona Dillon,Hadley.Rhona.Dillon@dtaa.com,Technician,1,5 - SalesAndMarketing,3 - FieldService,3 - RegionalFieldService,Hedwig Regina Livingston,2010-04.csv
HRL0540,2010-01-04,1.0,1.0,1.0,1.0,18.0,9.0,9.0,0.0,1.0,8.0,0.0,8.0,1.0,0.0,0.0,0.0,0.0,0.0,9.0,0.0,298465.0,33162.77777777778,3.0,2.0,14.0,12.0,5.0,1.0,35,Logon activity outside working hours; USB activity detected,1,0.003351066504713618,0,0.2764920299774424,0.697005956229538,0,35,medium,Logon activity outside working hours; USB activity detected,Hedwig Regina Livingston,Hedwig.Regina.Livingston@dtaa.com,FieldServiceEngineer,1,5 - SalesAndMarketing,3 - FieldService,3 - RegionalFieldService,Sharon Britanni Kerr,2011-05.csv
HRL0540,2010-01-05,2.0,1.0,1.0,1.0,18.0,9.0,9.0,0.0,1.0,4.0,0.0,4.0,1.0,0.0,0.0,0.0,0.0,0.0,0.0,0.0,0.0,0.0,0.0,0.0,0.0,0.0,0.0,0.0,35,Logon activity outside working hours; USB activity detected,1,0.09138284286116749,0,0.07291770297619836,0.697005956229538,0,35,medium,Logon activity outside working hours; USB activity detected,Hedwig Regina Livingston,Hedwig.Regina.Livingston@dtaa.com,FieldServiceEngineer,1,5 - SalesAndMarketing,3 - FieldService,3 - RegionalFieldService,Sharon Britanni Kerr,2011-05.csv
HRL0540,2010-01-06,3.0,2.0,1.0,2.0,16.0,8.0,8.0,0.0,1.0,1.0,0.0,1.0,1.0,0.0,0.0,0.0,0.0,0.0,0.0,0.0,0.0,0.0,0.0,0.0,0.0,0.0,0.0,0.0,35,Logon activity outside working hours; USB activity detected,1,0.08758094519237258,0,0.1066483911142947,0.697005956229538,0,35,medium,Logon activity outside working hours; USB activity detected,Hedwig Regina Livingston,Hedwig.Regina.Livingston@dtaa.com,FieldServiceEngineer,1,5 - SalesAndMarketing,3 - FieldService,3 - RegionalFieldService,Sharon Britanni Kerr,2011-05.csv
HRL0540,2010-01-07,2.0,0.0,0.0,1.0,18.0,9.0,9.0,0.0,1.0,4.0,0.0,4.0,1.0,0.0,0.0,0.0,0.0,0.0,0.0,0.0,0.0,0.0,0.0,0.0,0.0,0.0,0.0,0.0,15,USB activity detected,1,0.12852220417772275,0,0.1412817145279927,0.697005956229538,0,15,low,USB activity detected,Hedwig Regina Livingston,Hedwig.Regina.Livingston@dtaa.com,FieldServiceEngineer,1,5 - SalesAndMarketing,3 - FieldService,3 - RegionalFieldService,Sharon Britanni Kerr,2011-05.csv
HRL0540,2010-01-08,0.0,0.0,0.0,0.0,18.0,9.0,9.0,1.0,1.0,7.0,0.0,7.0,1.0,0.0,0.0,0.0,0.0,0.0,0.0,0.0,0.0,0.0,0.0,0.0,0.0,0.0,0.0,0.0,40,USB activity detected; USB activity outside working hours,1,0.0857529260896791,0,0.10545375899291878,0.697005956229538,0,40,medium,USB activity detected; USB activity outside working hours,Hedwig Regina Livingston,Hedwig.Regina.Livingston@dtaa.com,FieldServiceEngineer,1,5 - SalesAndMarketing,3 - FieldService,3 - RegionalFieldService,Sharon Britanni Kerr,2011-05.csv
HRL0540,2010-01-11,0.0,0.0,0.0,0.0,18.0,9.0,9.0,0.0,1.0,7.0,0.0,7.0,1.0,0.0,0.0,0.0,0.0,0.0,0.0,0.0,0.0,0.0,0.0,0.0,0.0,0.0,0.0,0.0,15,USB activity detected,1,0.13226580750385558,0,0.03996427447128509,0.697005956229538,0,15,low,USB activity detected,Hedwig Regina Livingston,Hedwig.Regina.Livingston@dtaa.com,FieldServiceEngineer,1,5 - SalesAndMarketing,3 - FieldService,3 - RegionalFieldService,Sharon Britanni Kerr,2011-05.csv
HRL0540,2010-01-12,0.0,0.0,0.0,0.0,18.0,9.0,9.0,0.0,1.0,1.0,0.0,1.0,1.0,0.0,0.0,0.0,0.0,0.0,0.0,0.0,0.0,0.0,0.0,0.0,0.0,0.0,0.0,0.0,15,USB activity detected,1,0.13338406848162387,0,0.05768894638016156,0.697005956229538,0,15,low,USB activity detected,Hedwig Regina Livingston,Hedwig.Regina.Livingston@dtaa.com,FieldServiceEngineer,1,5 - SalesAndMarketing,3 - FieldService,3 - RegionalFieldService,Sharon Britanni Kerr,2011-05.csv
HSB0196,2010-01-02,1.0,1.0,0.0,1.0,18.0,9.0,9.0,0.0,1.0,27.0,0.0,27.0,1.0,120.0,0.0,24.0,22.0,1.0,11.0,0.0,298837.0,27167.0,6.0,4.0,20.0,4.0,0.0,1.0,45,USB activity detected; High file copy activity,-1,-0.06471461262861877,1,0.6494908828415354,0.697005956229538,0,85,critical,USB activity detected; High file copy activity; AI anomaly detected by Isolation Forest,Hadley Sonya Bowen,Hadley.Sonya.Bowen@dtaa.com,PurchasingClerk,1,6 - PurchasingAndContracts,1 - Purchasing,,August Armando Evans,2011-05.csv
HSB0196,2010-01-03,1.0,1.0,0.0,1.0,18.0,9.0,9.0,0.0,1.0,24.0,0.0,24.0,1.0,120.0,0.0,30.0,28.0,1.0,7.0,0.0,213070.0,30438.571428571428,5.0,3.0,10.0,4.0,0.0,1.0,45,USB activity detected; High file copy activity,-1,-0.05009120305970971,1,0.43217186030082566,0.697005956229538,0,85,critical,USB activity detected; High file copy activity; AI anomaly detected by Isolation Forest,Hadley Sonya Bowen,Hadley.Sonya.Bowen@dtaa.com,PurchasingClerk,1,6 - PurchasingAndContracts,1 - Purchasing,,August Armando Evans,2011-05.csv
HSB0196,2010-01-04,1.0,1.0,0.0,1.0,16.0,8.0,8.0,0.0,1.0,27.0,0.0,27.0,1.0,0.0,0.0,0.0,0.0,0.0,10.0,0.0,237017.0,23701.7,1.0,1.0,16.0,0.0,0.0,1.0,45,USB activity detected; High file copy activity,1,0.00268948470937469,0,0.18571206263887327,0.697005956229538,0,45,medium,USB activity detected; High file copy activity,Hadley Sonya Bowen,Hadley.Sonya.Bowen@dtaa.com,PurchasingClerk,1,6 - PurchasingAndContracts,1 - Purchasing,,August Armando Evans,2011-05.csv
HSB0196,2010-01-05,1.0,1.0,0.0,1.0,14.0,7.0,7.0,0.0,1.0,23.0,0.0,23.0,1.0,0.0,0.0,0.0,0.0,0.0,1.0,0.0,29788.0,29788.0,0.0,0.0,1.0,0.0,0.0,1.0,45,USB activity detected; High file copy activity,1,0.06855890226128902,0,0.08587947389863645,0.697005956229538,0,45,medium,USB activity detected; High file copy activity,Hadley Sonya Bowen,Hadley.Sonya.Bowen@dtaa.com,PurchasingClerk,1,6 - PurchasingAndContracts,1 - Purchasing,,August Armando Evans,2011-05.csv
HSB0196,2010-01-06,1.0,1.0,0.0,1.0,18.0,9.0,9.0,0.0,1.0,27.0,0.0,27.0,1.0,0.0,0.0,0.0,0.0,0.0,0.0,0.0,0.0,0.0,0.0,0.0,0.0,0.0,0.0,0.0,45,USB activity detected; High file copy activity,1,0.07404346950740104,0,0.07365074946758597,0.697005956229538,0,45,medium,USB activity detected; High file copy activity,Hadley Sonya Bowen,Hadley.Sonya.Bowen@dtaa.com,PurchasingClerk,1,6 - PurchasingAndContracts,1 - Purchasing,,August Armando Evans,2011-05.csv
HSB0196,2010-01-07,1.0,0.0,0.0,1.0,18.0,9.0,9.0,0.0,1.0,27.0,0.0,27.0,1.0,0.0,0.0,0.0,0.0,0.0,0.0,0.0,0.0,0.0,0.0,0.0,0.0,0.0,0.0,0.0,45,USB activity detected; High file copy activity,1,0.06971875468120237,0,0.08881209692628077,0.697005956229538,0,45,medium,USB activity detected; High file copy activity,Hadley Sonya Bowen,Hadley.Sonya.Bowen@dtaa.com,PurchasingClerk,1,6 - PurchasingAndContracts,1 - Purchasing,,August Armando Evans,2011-05.csv
HSB0196,2010-01-08,0.0,0.0,0.0,0.0,16.0,8.0,8.0,0.0,1.0,24.0,0.0,24.0,1.0,0.0,0.0,0.0,0.0,0.0,0.0,0.0,0.0,0.0,0.0,0.0,0.0,0.0,0.0,0.0,45,USB activity detected; High file copy activity,1,0.10292729091449504,0,0.06097455854139172,0.697005956229538,0,45,medium,USB activity detected; High file copy activity,Hadley Sonya Bowen,Hadley.Sonya.Bowen@dtaa.com,PurchasingClerk,1,6 - PurchasingAndContracts,1 - Purchasing,,August Armando Evans,2011-05.csv
HSB0196,2010-01-09,0.0,0.0,0.0,0.0,14.0,7.0,7.0,0.0,1.0,26.0,0.0,26.0,1.0,0.0,0.0,0.0,0.0,0.0,0.0,0.0,0.0,0.0,0.0,0.0,0.0,0.0,0.0,0.0,45,USB activity detected; High file copy activity,1,0.08562705888798505,0,0.060521233205168445,0.697005956229538,0,45,medium,USB activity detected; High file copy activity,Hadley Sonya Bowen,Hadley.Sonya.Bowen@dtaa.com,PurchasingClerk,1,6 - PurchasingAndContracts,1 - Purchasing,,August Armando Evans,2011-05.csv
HSB0196,2010-01-10,0.0,0.0,0.0,0.0,16.0,8.0,8.0,0.0,1.0,19.0,0.0,19.0,1.0,0.0,0.0,0.0,0.0,0.0,0.0,0.0,0.0,0.0,0.0,0.0,0.0,0.0,0.0,0.0,15,USB activity detected,1,0.11269371415822482,0,0.07977189865675774,0.697005956229538,0,15,low,USB activity detected,Hadley Sonya Bowen,Hadley.Sonya.Bowen@dtaa.com,PurchasingClerk,1,6 - PurchasingAndContracts,1 - Purchasing,,August Armando Evans,2011-05.csv
HSB0196,2010-01-11,0.0,0.0,0.0,0.0,16.0,8.0,8.0,0.0,1.0,27.0,0.0,27.0,1.0,0.0,0.0,0.0,0.0,0.0,0.0,0.0,0.0,0.0,0.0,0.0,0.0,0.0,0.0,0.0,45,USB activity detected; High file copy activity,1,0.0849111688235471,0,0.06968563904768824,0.697005956229538,0,45,medium,USB activity detected; High file copy activity,Hadley Sonya Bowen,Hadley.Sonya.Bowen@dtaa.com,PurchasingClerk,1,6 - PurchasingAndContracts,1 - Purchasing,,August Armando Evans,2011-05.csv
HSB0196,2010-01-12,0.0,0.0,0.0,0.0,18.0,9.0,9.0,0.0,1.0,21.0,0.0,21.0,1.0,0.0,0.0,0.0,0.0,0.0,0.0,0.0,0.0,0.0,0.0,0.0,0.0,0.0,0.0,0.0,45,USB activity detected; High file copy activity,1,0.0978113826816005,0,0.06432733598608809,0.697005956229538,0,45,medium,USB activity detected; High file copy activity,Hadley Sonya Bowen,Hadley.Sonya.Bowen@dtaa.com,PurchasingClerk,1,6 - PurchasingAndContracts,1 - Purchasing,,August Armando Evans,2011-05.csv
HSB0196,2010-01-13,0.0,0.0,0.0,0.0,12.0,6.0,6.0,0.0,1.0,0.0,0.0,0.0,0.0,0.0,0.0,0.0,0.0,0.0,0.0,0.0,0.0,0.0,0.0,0.0,0.0,0.0,0.0,0.0,15,USB activity detected,1,0.17167815582073637,0,0.026522234043302464,0.697005956229538,0,15,low,USB activity detected,Hadley Sonya Bowen,Hadley.Sonya.Bowen@dtaa.com,PurchasingClerk,1,6 - PurchasingAndContracts,1 - Purchasing,,August Armando Evans,2011-05.csv
HTF0641,2010-01-04,1.0,1.0,1.0,1.0,0.0,0.0,0.0,0.0,0.0,0.0,0.0,0.0,0.0,0.0,0.0,0.0,0.0,0.0,3.0,0.0,106145.0,35381.666666666664,3.0,2.0,7.0,2.0,0.0,1.0,20,Logon activity outside working hours,1,0.18184883486430709,0,0.12210546911577971,0.697005956229538,0,20,low,Logon activity outside working hours,Hilel Tobias Flynn,Hilel.Tobias.Flynn@dtaa.com,Technician,1,5 - SalesAndMarketing,3 - FieldService,3 - RegionalFieldService,Hedwig Regina Livingston,2011-05.csv
HTF0641,2010-01-05,1.0,1.0,1.0,1.0,0.0,0.0,0.0,0.0,0.0,0.0,0.0,0.0,0.0,0.0,0.0,0.0,0.0,0.0,0.0,0.0,0.0,0.0,0.0,0.0,0.0,0.0,0.0,0.0,20,Logon activity outside working hours,1,0.2543368308857394,0,0.04029176788212439,0.697005956229538,0,20,low,Logon activity outside working hours,Hilel Tobias Flynn,Hilel.Tobias.Flynn@dtaa.com,Technician,1,5 - SalesAndMarketing,3 - FieldService,3 - RegionalFieldService,Hedwig Regina Livingston,2011-05.csv
HTF0641,2010-01-06,1.0,1.0,1.0,1.0,0.0,0.0,0.0,0.0,0.0,0.0,0.0,0.0,0.0,0.0,0.0,0.0,0.0,0.0,0.0,0.0,0.0,0.0,0.0,0.0,0.0,0.0,0.0,0.0,20,Logon activity outside working hours,1,0.2543368308857394,0,0.04029176788212439,0.697005956229538,0,20,low,Logon activity outside working hours,Hilel Tobias Flynn,Hilel.Tobias.Flynn@dtaa.com,Technician,1,5 - SalesAndMarketing,3 - FieldService,3 - RegionalFieldService,Hedwig Regina Livingston,2011-05.csv
HTH0007,2010-01-04,2.0,1.0,1.0,1.0,0.0,0.0,0.0,0.0,0.0,0.0,0.0,0.0,0.0,31.0,0.0,9.0,8.0,1.0,27.0,0.0,739375.0,27384.25925925926,4.0,3.0,51.0,30.0,11.0,1.0,20,Logon activity outside working hours,1,0.004496163573741052,0,1.1683186653140445,0.697005956229538,1,50,medium,Logon activity outside working hours; AI anomaly detected by TensorFlow Autoencoder,Hyatt Trevor Hayes,Hyatt.Trevor.Hayes@dtaa.com,VicePresident,1,5 - SalesAndMarketing,,,Mona Susan Shannon,2011-05.csv
HTH0007,2010-01-06,1.0,1.0,1.0,1.0,0.0,0.0,0.0,0.0,0.0,0.0,0.0,0.0,0.0,0.0,0.0,0.0,0.0,0.0,0.0,0.0,0.0,0.0,0.0,0.0,0.0,0.0,0.0,0.0,20,Logon activity outside working hours,1,0.2543368308857394,0,0.04029176788212439,0.697005956229538,0,20,low,Logon activity outside working hours,Hyatt Trevor Hayes,Hyatt.Trevor.Hayes@dtaa.com,VicePresident,1,5 - SalesAndMarketing,,,Mona Susan Shannon,2011-05.csv
HVB0037,2010-01-02,1.0,1.0,0.0,1.0,0.0,0.0,0.0,0.0,0.0,0.0,0.0,0.0,0.0,143.0,0.0,21.0,21.0,1.0,12.0,0.0,366915.0,30576.25,2.0,1.0,20.0,8.0,6.0,1.0,0,,1,0.07416184538367654,0,0.753189065871509,0.697005956229538,1,30,low,AI anomaly detected by TensorFlow Autoencoder,Hollee Vanna Becker,Hollee.Vanna.Becker@dtaa.com,SecurityGuard,1,1 - Adminstration,6 - Security,1 - BuildingSecurity,Clinton Coby Wolfe,2011-05.csv
HVF0067,2010-01-04,2.0,1.0,0.0,1.0,8.0,4.0,4.0,0.0,1.0,4.0,0.0,4.0,1.0,0.0,0.0,0.0,0.0,0.0,5.0,0.0,180564.0,36112.8,3.0,2.0,8.0,7.0,5.0,1.0,15,USB activity detected,1,0.07743584547796312,0,0.09053870603819093,0.697005956229538,0,15,low,USB activity detected,Hector Vance Foster,Hector.Vance.Foster@dtaa.com,SoftwareEngineer,1,2 - ResearchAndEngineering,2 - SoftwareManagement,1 - Software,Vance Ira Alston,2011-05.csv
HVF0067,2010-01-05,2.0,1.0,0.0,1.0,2.0,1.0,1.0,0.0,1.0,8.0,0.0,8.0,1.0,0.0,0.0,0.0,0.0,0.0,0.0,0.0,0.0,0.0,0.0,0.0,0.0,0.0,0.0,0.0,15,USB activity detected,1,0.21190207535558192,0,0.06708591240265391,0.697005956229538,0,15,low,USB activity detected,Hector Vance Foster,Hector.Vance.Foster@dtaa.com,SoftwareEngineer,1,2 - ResearchAndEngineering,2 - SoftwareManagement,1 - Software,Vance Ira Alston,2011-05.csv
HVF0067,2010-01-06,1.0,1.0,0.0,1.0,4.0,2.0,2.0,0.0,1.0,6.0,0.0,6.0,1.0,0.0,0.0,0.0,0.0,0.0,0.0,0.0,0.0,0.0,0.0,0.0,0.0,0.0,0.0,0.0,15,USB activity detected,1,0.2296542428203558,0,0.04816101500031677,0.697005956229538,0,15,low,USB activity detected,Hector Vance Foster,Hector.Vance.Foster@dtaa.com,SoftwareEngineer,1,2 - ResearchAndEngineering,2 - SoftwareManagement,1 - Software,Vance Ira Alston,2011-05.csv
HVF0067,2010-01-07,2.0,0.0,0.0,1.0,2.0,1.0,1.0,0.0,1.0,7.0,0.0,7.0,1.0,0.0,0.0,0.0,0.0,0.0,0.0,0.0,0.0,0.0,0.0,0.0,0.0,0.0,0.0,0.0,15,USB activity detected,1,0.20513887695086336,0,0.09679806376268062,0.697005956229538,0,15,low,USB activity detected,Hector Vance Foster,Hector.Vance.Foster@dtaa.com,SoftwareEngineer,1,2 - ResearchAndEngineering,2 - SoftwareManagement,1 - Software,Vance Ira Alston,2011-05.csv
HVF0067,2010-01-08,0.0,0.0,0.0,0.0,4.0,2.0,2.0,0.0,1.0,5.0,0.0,5.0,1.0,0.0,0.0,0.0,0.0,0.0,0.0,0.0,0.0,0.0,0.0,0.0,0.0,0.0,0.0,0.0,15,USB activity detected,1,0.22467427013337,0,0.027613971130823235,0.697005956229538,0,15,low,USB activity detected,Hector Vance Foster,Hector.Vance.Foster@dtaa.com,SoftwareEngineer,1,2 - ResearchAndEngineering,2 - SoftwareManagement,1 - Software,Vance Ira Alston,2011-05.csv
HVF0067,2010-01-11,0.0,0.0,0.0,0.0,6.0,3.0,3.0,0.0,1.0,11.0,0.0,11.0,1.0,0.0,0.0,0.0,0.0,0.0,0.0,0.0,0.0,0.0,0.0,0.0,0.0,0.0,0.0,0.0,15,USB activity detected,1,0.185286302040102,0,0.02611623752770355,0.697005956229538,0,15,low,USB activity detected,Hector Vance Foster,Hector.Vance.Foster@dtaa.com,SoftwareEngineer,1,2 - ResearchAndEngineering,2 - SoftwareManagement,1 - Software,Vance Ira Alston,2011-05.csv
HVF0067,2010-01-12,0.0,0.0,0.0,0.0,2.0,1.0,1.0,0.0,1.0,4.0,0.0,4.0,1.0,0.0,0.0,0.0,0.0,0.0,0.0,0.0,0.0,0.0,0.0,0.0,0.0,0.0,0.0,0.0,15,USB activity detected,1,0.2255480598108977,0,0.03194264222559186,0.697005956229538,0,15,low,USB activity detected,Hector Vance Foster,Hector.Vance.Foster@dtaa.com,SoftwareEngineer,1,2 - ResearchAndEngineering,2 - SoftwareManagement,1 - Software,Vance Ira Alston,2011-05.csv
HVF0067,2010-01-13,0.0,0.0,0.0,0.0,2.0,1.0,1.0,0.0,1.0,0.0,0.0,0.0,0.0,0.0,0.0,0.0,0.0,0.0,0.0,0.0,0.0,0.0,0.0,0.0,0.0,0.0,0.0,0.0,15,USB activity detected,1,0.24138913393585137,0,0.034578884745784924,0.697005956229538,0,15,low,USB activity detected,Hector Vance Foster,Hector.Vance.Foster@dtaa.com,SoftwareEngineer,1,2 - ResearchAndEngineering,2 - SoftwareManagement,1 - Software,Vance Ira Alston,2011-05.csv
HWH0646,2010-01-04,1.0,1.0,1.0,1.0,0.0,0.0,0.0,0.0,0.0,0.0,0.0,0.0,0.0,0.0,0.0,0.0,0.0,0.0,3.0,0.0,82174.0,27391.333333333332,2.0,1.0,5.0,2.0,0.0,1.0,20,Logon activity outside working hours,1,0.201112858173302,0,0.08525555236861447,0.697005956229538,0,20,low,Logon activity outside working hours,Hadley Willa Hill,Hadley.Willa.Hill@dtaa.com,Technician,1,5 - SalesAndMarketing,3 - FieldService,3 - RegionalFieldService,Hedwig Regina Livingston,2011-05.csv
HWH0646,2010-01-05,2.0,1.0,1.0,1.0,0.0,0.0,0.0,0.0,0.0,0.0,0.0,0.0,0.0,0.0,0.0,0.0,0.0,0.0,0.0,0.0,0.0,0.0,0.0,0.0,0.0,0.0,0.0,0.0,20,Logon activity outside working hours,1,0.25615140751235443,0,0.042606806625200486,0.697005956229538,0,20,low,Logon activity outside working hours,Hadley Willa Hill,Hadley.Willa.Hill@dtaa.com,Technician,1,5 - SalesAndMarketing,3 - FieldService,3 - RegionalFieldService,Hedwig Regina Livingston,2011-05.csv
HWH0646,2010-01-06,1.0,1.0,1.0,1.0,0.0,0.0,0.0,0.0,0.0,0.0,0.0,0.0,0.0,0.0,0.0,0.0,0.0,0.0,0.0,0.0,0.0,0.0,0.0,0.0,0.0,0.0,0.0,0.0,20,Logon activity outside working hours,1,0.2543368308857394,0,0.04029176788212439,0.697005956229538,0,20,low,Logon activity outside working hours,Hadley Willa Hill,Hadley.Willa.Hill@dtaa.com,Technician,1,5 - SalesAndMarketing,3 - FieldService,3 - RegionalFieldService,Hedwig Regina Livingston,2011-05.csv
HWW0436,2010-01-04,2.0,2.0,0.0,2.0,4.0,2.0,2.0,0.0,1.0,7.0,0.0,7.0,1.0,0.0,0.0,0.0,0.0,0.0,9.0,0.0,305485.0,33942.77777777778,3.0,2.0,16.0,11.0,4.0,1.0,15,USB activity detected,1,0.04459056382341864,0,0.31303266023552967,0.697005956229538,0,15,low,USB activity detected,Hayes William Wheeler,Hayes.William.Wheeler@dtaa.com,TestEngineer,1,2 - ResearchAndEngineering,3 - Engineering,7 - TestAndEvalualtion,Cameron Noel Elliott,2011-05.csv
HWW0436,2010-01-05,2.0,1.0,0.0,1.0,4.0,2.0,2.0,0.0,1.0,5.0,0.0,5.0,1.0,0.0,0.0,0.0,0.0,0.0,5.0,0.0,132591.0,26518.2,12.0,4.0,14.0,3.0,3.0,1.0,15,USB activity detected,1,0.09058767157493242,0,0.2148727630057988,0.697005956229538,0,15,low,USB activity detected,Hayes William Wheeler,Hayes.William.Wheeler@dtaa.com,TestEngineer,1,2 - ResearchAndEngineering,3 - Engineering,7 - TestAndEvalualtion,Cameron Noel Elliott,2011-05.csv
HWW0436,2010-01-06,3.0,2.0,0.0,2.0,2.0,1.0,1.0,0.0,1.0,3.0,0.0,3.0,1.0,0.0,0.0,0.0,0.0,0.0,0.0,0.0,0.0,0.0,0.0,0.0,0.0,0.0,0.0,0.0,15,USB activity detected,1,0.19439322805787962,0,0.18052045288862864,0.697005956229538,0,15,low,USB activity detected,Hayes William Wheeler,Hayes.William.Wheeler@dtaa.com,TestEngineer,1,2 - ResearchAndEngineering,3 - Engineering,7 - TestAndEvalualtion,Cameron Noel Elliott,2011-05.csv
HWW0436,2010-01-07,2.0,1.0,0.0,1.0,4.0,2.0,2.0,0.0,1.0,2.0,0.0,2.0,1.0,0.0,0.0,0.0,0.0,0.0,0.0,0.0,0.0,0.0,0.0,0.0,0.0,0.0,0.0,0.0,15,USB activity detected,1,0.22837003956626883,0,0.08725922383063894,0.697005956229538,0,15,low,USB activity detected,Hayes William Wheeler,Hayes.William.Wheeler@dtaa.com,TestEngineer,1,2 - ResearchAndEngineering,3 - Engineering,7 - TestAndEvalualtion,Cameron Noel Elliott,2011-05.csv
HWW0436,2010-01-08,0.0,0.0,0.0,0.0,2.0,1.0,1.0,0.0,1.0,0.0,0.0,0.0,0.0,0.0,0.0,0.0,0.0,0.0,0.0,0.0,0.0,0.0,0.0,0.0,0.0,0.0,0.0,0.0,15,USB activity detected,1,0.24138913393585137,0,0.034578884745784924,0.697005956229538,0,15,low,USB activity detected,Hayes William Wheeler,Hayes.William.Wheeler@dtaa.com,TestEngineer,1,2 - ResearchAndEngineering,3 - Engineering,7 - TestAndEvalualtion,Cameron Noel Elliott,2011-05.csv
HWW0436,2010-01-11,0.0,0.0,0.0,0.0,4.0,2.0,2.0,0.0,1.0,0.0,0.0,0.0,0.0,0.0,0.0,0.0,0.0,0.0,0.0,0.0,0.0,0.0,0.0,0.0,0.0,0.0,0.0,0.0,15,USB activity detected,1,0.24050968498880276,0,0.029387747032837967,0.697005956229538,0,15,low,USB activity detected,Hayes William Wheeler,Hayes.William.Wheeler@dtaa.com,TestEngineer,1,2 - ResearchAndEngineering,3 - Engineering,7 - TestAndEvalualtion,Cameron Noel Elliott,2011-05.csv
HWY0038,2010-01-04,6.0,6.0,8.0,6.0,0.0,0.0,0.0,0.0,0.0,0.0,0.0,0.0,0.0,18.0,0.0,14.0,14.0,1.0,11.0,0.0,402936.0,36630.545454545456,0.0,0.0,19.0,4.0,0.0,1.0,35,Logon activity outside working hours; Multiple PCs used for logon,-1,-0.025239975110363577,1,0.4915530881727392,0.697005956229538,0,75,high,Logon activity outside working hours; Multiple PCs used for logon; AI anomaly detected by Isolation Forest,Howard Wing Yang,Howard.Wing.Yang@dtaa.com,ITAdmin,1,1 - Adminstration,6 - Security,2 - ElectronicSecurity,Frances Alisa Wiggins,2010-05.csv
HWY0038,2010-01-06,2.0,2.0,2.0,2.0,0.0,0.0,0.0,0.0,0.0,0.0,0.0,0.0,0.0,0.0,0.0,0.0,0.0,0.0,0.0,0.0,0.0,0.0,0.0,0.0,0.0,0.0,0.0,0.0,20,Logon activity outside working hours,1,0.20806636614290203,0,0.03031814517863815,0.697005956229538,0,20,low,Logon activity outside working hours,Howard Wing Yang,Howard.Wing.Yang@dtaa.com,ITAdmin,1,1 - Adminstration,6 - Security,2 - ElectronicSecurity,Frances Alisa Wiggins,2010-05.csv
HWY0038,2010-01-07,3.0,3.0,2.0,3.0,0.0,0.0,0.0,0.0,0.0,0.0,0.0,0.0,0.0,0.0,0.0,0.0,0.0,0.0,0.0,0.0,0.0,0.0,0.0,0.0,0.0,0.0,0.0,0.0,35,Logon activity outside working hours; Multiple PCs used for logon,1,0.15936437867987246,0,0.04913809881525685,0.697005956229538,0,35,medium,Logon activity outside working hours; Multiple PCs used for logon,Howard Wing Yang,Howard.Wing.Yang@dtaa.com,ITAdmin,1,1 - Adminstration,6 - Security,2 - ElectronicSecurity,Frances Alisa Wiggins,2010-05.csv
HXL0968,2010-01-04,1.0,1.0,0.0,1.0,6.0,3.0,3.0,0.0,1.0,2.0,0.0,2.0,1.0,0.0,0.0,0.0,0.0,0.0,1.0,0.0,20772.0,20772.0,0.0,0.0,1.0,1.0,0.0,1.0,15,USB activity detected,1,0.16373939137660565,0,0.07370789414090238,0.697005956229538,0,15,low,USB activity detected,Holly Xerxes Lara,Holly.Xerxes.Lara@dtaa.com,ProductionLineWorker,1,3 - Manufacturing,3 - Assembly,6 - AssemblyDept,Sandra Beverly Diaz,2010-09.csv
HXL0968,2010-01-05,1.0,1.0,0.0,1.0,4.0,2.0,2.0,0.0,1.0,2.0,0.0,2.0,1.0,0.0,0.0,0.0,0.0,0.0,0.0,0.0,0.0,0.0,0.0,0.0,0.0,0.0,0.0,0.0,15,USB activity detected,1,0.2339467796911417,0,0.06003208253189664,0.697005956229538,0,15,low,USB activity detected,Holly Xerxes Lara,Holly.Xerxes.Lara@dtaa.com,ProductionLineWorker,1,3 - Manufacturing,3 - Assembly,6 - AssemblyDept,Sandra Beverly Diaz,2010-09.csv
HXL0968,2010-01-06,1.0,1.0,0.0,1.0,4.0,2.0,2.0,0.0,1.0,5.0,0.0,5.0,1.0,0.0,0.0,0.0,0.0,0.0,0.0,0.0,0.0,0.0,0.0,0.0,0.0,0.0,0.0,0.0,15,USB activity detected,1,0.23289542618723003,0,0.05068562073727813,0.697005956229538,0,15,low,USB activity detected,Holly Xerxes Lara,Holly.Xerxes.Lara@dtaa.com,ProductionLineWorker,1,3 - Manufacturing,3 - Assembly,6 - AssemblyDept,Sandra Beverly Diaz,2010-09.csv
HXL0968,2010-01-07,1.0,1.0,0.0,1.0,6.0,3.0,3.0,0.0,1.0,5.0,0.0,5.0,1.0,0.0,0.0,0.0,0.0,0.0,0.0,0.0,0.0,0.0,0.0,0.0,0.0,0.0,0.0,0.0,15,USB activity detected,1,0.2233660476061632,0,0.052580827800931595,0.697005956229538,0,15,low,USB activity detected,Holly Xerxes Lara,Holly.Xerxes.Lara@dtaa.com,ProductionLineWorker,1,3 - Manufacturing,3 - Assembly,6 - AssemblyDept,Sandra Beverly Diaz,2010-09.csv
HXL0968,2010-01-08,0.0,0.0,0.0,0.0,8.0,4.0,4.0,0.0,1.0,1.0,0.0,1.0,1.0,0.0,0.0,0.0,0.0,0.0,0.0,0.0,0.0,0.0,0.0,0.0,0.0,0.0,0.0,0.0,15,USB activity detected,1,0.19327893685299052,0,0.04205639343334844,0.697005956229538,0,15,low,USB activity detected,Holly Xerxes Lara,Holly.Xerxes.Lara@dtaa.com,ProductionLineWorker,1,3 - Manufacturing,3 - Assembly,6 - AssemblyDept,Sandra Beverly Diaz,2010-09.csv
HXL0968,2010-01-11,0.0,0.0,0.0,0.0,4.0,2.0,2.0,0.0,1.0,5.0,0.0,5.0,1.0,0.0,0.0,0.0,0.0,0.0,0.0,0.0,0.0,0.0,0.0,0.0,0.0,0.0,0.0,0.0,15,USB activity detected,1,0.22467427013337,0,0.027613971130823235,0.697005956229538,0,15,low,USB activity detected,Holly Xerxes Lara,Holly.Xerxes.Lara@dtaa.com,ProductionLineWorker,1,3 - Manufacturing,3 - Assembly,6 - AssemblyDept,Sandra Beverly Diaz,2010-09.csv
HXL0968,2010-01-12,0.0,0.0,0.0,0.0,6.0,3.0,3.0,0.0,1.0,2.0,0.0,2.0,1.0,0.0,0.0,0.0,0.0,0.0,0.0,0.0,0.0,0.0,0.0,0.0,0.0,0.0,0.0,0.0,15,USB activity detected,1,0.21292410761739433,0,0.03633197142615849,0.697005956229538,0,15,low,USB activity detected,Holly Xerxes Lara,Holly.Xerxes.Lara@dtaa.com,ProductionLineWorker,1,3 - Manufacturing,3 - Assembly,6 - AssemblyDept,Sandra Beverly Diaz,2010-09.csv
HXL0968,2010-01-13,0.0,0.0,0.0,0.0,2.0,1.0,1.0,0.0,1.0,0.0,0.0,0.0,0.0,0.0,0.0,0.0,0.0,0.0,0.0,0.0,0.0,0.0,0.0,0.0,0.0,0.0,0.0,0.0,15,USB activity detected,1,0.24138913393585137,0,0.034578884745784924,0.697005956229538,0,15,low,USB activity detected,Holly Xerxes Lara,Holly.Xerxes.Lara@dtaa.com,ProductionLineWorker,1,3 - Manufacturing,3 - Assembly,6 - AssemblyDept,Sandra Beverly Diaz,2010-09.csv
IBB0359,2010-01-04,3.0,2.0,0.0,2.0,18.0,9.0,9.0,0.0,1.0,7.0,0.0,7.0,1.0,0.0,0.0,0.0,0.0,0.0,11.0,0.0,307040.0,27912.727272727272,13.0,6.0,17.0,10.0,6.0,1.0,15,USB activity detected,-1,-0.029834312827847764,1,0.6977715978779598,0.697005956229538,1,85,critical,USB activity detected; AI anomaly detected by Isolation Forest; AI anomaly detected by TensorFlow Autoencoder,Ira Brendan Ball,Ira.Brendan.Ball@dtaa.com,ITAdmin,1,1 - Adminstration,6 - Security,3 - ElectronicSecurity,Francis Brian Armstrong,2011-05.csv
IBB0359,2010-01-05,4.0,3.0,2.0,3.0,20.0,10.0,10.0,2.0,3.0,16.0,5.0,16.0,3.0,0.0,0.0,0.0,0.0,0.0,1.0,0.0,27507.0,27507.0,0.0,0.0,1.0,1.0,0.0,1.0,100,Logon activity outside working hours; USB activity detected; USB activity outside working hours; File copy activity outside working hours; Multiple PCs used for logon,-1,-0.05777353436129995,1,0.7750420935477559,0.697005956229538,1,100,critical,Logon activity outside working hours; USB activity detected; USB activity outside working hours; File copy activity outside working hours; Multiple PCs used for logon; AI anomaly detected by Isolation Forest; AI anomaly detected by TensorFlow Autoencoder,Ira Brendan Ball,Ira.Brendan.Ball@dtaa.com,ITAdmin,1,1 - Adminstration,6 - Security,3 - ElectronicSecurity,Francis Brian Armstrong,2011-05.csv
IBB0359,2010-01-06,8.0,7.0,6.0,6.0,26.0,13.0,13.0,6.0,5.0,12.0,3.0,12.0,4.0,0.0,0.0,0.0,0.0,0.0,0.0,0.0,0.0,0.0,0.0,0.0,0.0,0.0,0.0,0.0,100,Logon activity outside working hours; USB activity detected; USB activity outside working hours; File copy activity outside working hours; Multiple PCs used for logon,-1,-0.10799122687787532,1,1.3326376686927761,0.697005956229538,1,100,critical,Logon activity outside working hours; USB activity detected; USB activity outside working hours; File copy activity outside working hours; Multiple PCs used for logon; AI anomaly detected by Isolation Forest; AI anomaly detected by TensorFlow Autoencoder,Ira Brendan Ball,Ira.Brendan.Ball@dtaa.com,ITAdmin,1,1 - Adminstration,6 - Security,3 - ElectronicSecurity,Francis Brian Armstrong,2011-05.csv
IBB0359,2010-01-07,3.0,2.0,0.0,2.0,24.0,12.0,12.0,2.0,3.0,0.0,0.0,0.0,0.0,0.0,0.0,0.0,0.0,0.0,0.0,0.0,0.0,0.0,0.0,0.0,0.0,0.0,0.0,0.0,40,USB activity detected; USB activity outside working hours,1,0.025781567256285998,0,0.5048026676688142,0.697005956229538,0,40,medium,USB activity detected; USB activity outside working hours,Ira Brendan Ball,Ira.Brendan.Ball@dtaa.com,ITAdmin,1,1 - Adminstration,6 - Security,3 - ElectronicSecurity,Francis Brian Armstrong,2011-05.csv
IBB0359,2010-01-08,0.0,0.0,0.0,0.0,18.0,9.0,9.0,2.0,2.0,10.0,8.0,10.0,2.0,0.0,0.0,0.0,0.0,0.0,0.0,0.0,0.0,0.0,0.0,0.0,0.0,0.0,0.0,0.0,65,USB activity detected; USB activity outside working hours; File copy activity outside working hours,1,0.012499823143099942,0,1.5534127766530135,0.697005956229538,1,95,critical,USB activity detected; USB activity outside working hours; File copy activity outside working hours; AI anomaly detected by TensorFlow Autoencoder,Ira Brendan Ball,Ira.Brendan.Ball@dtaa.com,ITAdmin,1,1 - Adminstration,6 - Security,3 - ElectronicSecurity,Francis Brian Armstrong,2011-05.csv
IBB0359,2010-01-11,0.0,0.0,0.0,0.0,18.0,9.0,9.0,2.0,2.0,6.0,3.0,6.0,2.0,0.0,0.0,0.0,0.0,0.0,0.0,0.0,0.0,0.0,0.0,0.0,0.0,0.0,0.0,0.0,65,USB activity detected; USB activity outside working hours; File copy activity outside working hours,1,0.03602727131397421,0,0.46974059441863,0.697005956229538,0,65,high,USB activity detected; USB activity outside working hours; File copy activity outside working hours,Ira Brendan Ball,Ira.Brendan.Ball@dtaa.com,ITAdmin,1,1 - Adminstration,6 - Security,3 - ElectronicSecurity,Francis Brian Armstrong,2011-05.csv
IBB0359,2010-01-12,0.0,0.0,0.0,0.0,26.0,13.0,13.0,6.0,5.0,0.0,0.0,0.0,0.0,0.0,0.0,0.0,0.0,0.0,0.0,0.0,0.0,0.0,0.0,0.0,0.0,0.0,0.0,0.0,40,USB activity detected; USB activity outside working hours,-1,-0.027002029763791402,1,3.5382883913548837,0.697005956229538,1,100,critical,USB activity detected; USB activity outside working hours; AI anomaly detected by Isolation Forest; AI anomaly detected by TensorFlow Autoencoder,Ira Brendan Ball,Ira.Brendan.Ball@dtaa.com,ITAdmin,1,1 - Adminstration,6 - Security,3 - ElectronicSecurity,Francis Brian Armstrong,2011-05.csv
IBB0359,2010-01-13,0.0,0.0,0.0,0.0,18.0,9.0,9.0,4.0,4.0,0.0,0.0,0.0,0.0,0.0,0.0,0.0,0.0,0.0,0.0,0.0,0.0,0.0,0.0,0.0,0.0,0.0,0.0,0.0,40,USB activity detected; USB activity outside working hours,1,0.03850904191889193,0,1.040688012351287,0.697005956229538,1,70,high,USB activity detected; USB activity outside working hours; AI anomaly detected by TensorFlow Autoencoder,Ira Brendan Ball,Ira.Brendan.Ball@dtaa.com,ITAdmin,1,1 - Adminstration,6 - Security,3 - ElectronicSecurity,Francis Brian Armstrong,2011-05.csv
IBB0696,2010-01-04,2.0,1.0,0.0,1.0,2.0,1.0,1.0,0.0,1.0,1.0,0.0,1.0,1.0,0.0,0.0,0.0,0.0,0.0,1.0,0.0,36328.0,36328.0,0.0,0.0,3.0,0.0,1.0,1.0,15,USB activity detected,1,0.16279021594467097,0,0.14680218417033367,0.697005956229538,0,15,low,USB activity detected,Isadora Buffy Brewer,Isadora.Buffy.Brewer@dtaa.com,ProductionLineWorker,1,3 - Manufacturing,3 - Assembly,4 - AssemblyDept,Alan Benjamin Holder,2011-05.csv
IBB0696,2010-01-05,2.0,1.0,0.0,1.0,4.0,2.0,2.0,0.0,1.0,0.0,0.0,0.0,0.0,0.0,0.0,0.0,0.0,0.0,1.0,0.0,32341.0,32341.0,0.0,0.0,1.0,2.0,0.0,1.0,15,USB activity detected,1,0.18323830855868412,0,0.15029019445536818,0.697005956229538,0,15,low,USB activity detected,Isadora Buffy Brewer,Isadora.Buffy.Brewer@dtaa.com,ProductionLineWorker,1,3 - Manufacturing,3 - Assembly,4 - AssemblyDept,Alan Benjamin Holder,2011-05.csv
IBB0696,2010-01-06,1.0,1.0,0.0,1.0,6.0,3.0,3.0,0.0,1.0,0.0,0.0,0.0,0.0,0.0,0.0,0.0,0.0,0.0,0.0,0.0,0.0,0.0,0.0,0.0,0.0,0.0,0.0,0.0,15,USB activity detected,1,0.23077637295118797,0,0.05025018539244101,0.697005956229538,0,15,low,USB activity detected,Isadora Buffy Brewer,Isadora.Buffy.Brewer@dtaa.com,ProductionLineWorker,1,3 - Manufacturing,3 - Assembly,4 - AssemblyDept,Alan Benjamin Holder,2011-05.csv
IBB0696,2010-01-07,2.0,1.0,0.0,1.0,6.0,3.0,3.0,0.0,1.0,0.0,0.0,0.0,0.0,0.0,0.0,0.0,0.0,0.0,0.0,0.0,0.0,0.0,0.0,0.0,0.0,0.0,0.0,0.0,15,USB activity detected,1,0.2215482981043012,0,0.08106947797581399,0.697005956229538,0,15,low,USB activity detected,Isadora Buffy Brewer,Isadora.Buffy.Brewer@dtaa.com,ProductionLineWorker,1,3 - Manufacturing,3 - Assembly,4 - AssemblyDept,Alan Benjamin Holder,2011-05.csv
IBB0696,2010-01-08,0.0,0.0,0.0,0.0,2.0,1.0,1.0,0.0,1.0,2.0,0.0,2.0,1.0,0.0,0.0,0.0,0.0,0.0,0.0,0.0,0.0,0.0,0.0,0.0,0.0,0.0,0.0,0.0,15,USB activity detected,1,0.2257817351181608,0,0.0407946951664791,0.697005956229538,0,15,low,USB activity detected,Isadora Buffy Brewer,Isadora.Buffy.Brewer@dtaa.com,ProductionLineWorker,1,3 - Manufacturing,3 - Assembly,4 - AssemblyDept,Alan Benjamin Holder,2011-05.csv
IBB0696,2010-01-11,0.0,0.0,0.0,0.0,4.0,2.0,2.0,0.0,1.0,5.0,0.0,5.0,1.0,0.0,0.0,0.0,0.0,0.0,0.0,0.0,0.0,0.0,0.0,0.0,0.0,0.0,0.0,0.0,15,USB activity detected,1,0.22467427013337,0,0.027613971130823235,0.697005956229538,0,15,low,USB activity detected,Isadora Buffy Brewer,Isadora.Buffy.Brewer@dtaa.com,ProductionLineWorker,1,3 - Manufacturing,3 - Assembly,4 - AssemblyDept,Alan Benjamin Holder,2011-05.csv
IBB0696,2010-01-12,0.0,0.0,0.0,0.0,4.0,2.0,2.0,0.0,1.0,5.0,0.0,5.0,1.0,0.0,0.0,0.0,0.0,0.0,0.0,0.0,0.0,0.0,0.0,0.0,0.0,0.0,0.0,0.0,15,USB activity detected,1,0.22467427013337,0,0.027613971130823235,0.697005956229538,0,15,low,USB activity detected,Isadora Buffy Brewer,Isadora.Buffy.Brewer@dtaa.com,ProductionLineWorker,1,3 - Manufacturing,3 - Assembly,4 - AssemblyDept,Alan Benjamin Holder,2011-05.csv
IBB0696,2010-01-13,0.0,0.0,0.0,0.0,2.0,1.0,1.0,0.0,1.0,0.0,0.0,0.0,0.0,0.0,0.0,0.0,0.0,0.0,0.0,0.0,0.0,0.0,0.0,0.0,0.0,0.0,0.0,0.0,15,USB activity detected,1,0.24138913393585137,0,0.034578884745784924,0.697005956229538,0,15,low,USB activity detected,Isadora Buffy Brewer,Isadora.Buffy.Brewer@dtaa.com,ProductionLineWorker,1,3 - Manufacturing,3 - Assembly,4 - AssemblyDept,Alan Benjamin Holder,2011-05.csv
IBM0671,2010-01-07,2.0,1.0,0.0,1.0,2.0,1.0,1.0,0.0,1.0,4.0,0.0,4.0,1.0,0.0,0.0,0.0,0.0,0.0,0.0,0.0,0.0,0.0,0.0,0.0,0.0,0.0,0.0,0.0,15,USB activity detected,1,0.2322243189174663,0,0.07821326811304727,0.697005956229538,0,15,low,USB activity detected,Ira Benjamin Mays,Ira.Benjamin.Mays@dtaa.com,Physicist,1,2 - ResearchAndEngineering,1 - Research,4 - Lab,Sarah Imelda Juarez,2011-05.csv
IBM0671,2010-01-13,0.0,0.0,0.0,0.0,2.0,1.0,1.0,0.0,1.0,0.0,0.0,0.0,0.0,0.0,0.0,0.0,0.0,0.0,0.0,0.0,0.0,0.0,0.0,0.0,0.0,0.0,0.0,0.0,15,USB activity detected,1,0.24138913393585137,0,0.034578884745784924,0.697005956229538,0,15,low,USB activity detected,Ira Benjamin Mays,Ira.Benjamin.Mays@dtaa.com,Physicist,1,2 - ResearchAndEngineering,1 - Research,4 - Lab,Sarah Imelda Juarez,2011-05.csv
IBP0883,2010-01-06,2.0,2.0,2.0,1.0,0.0,0.0,0.0,0.0,0.0,0.0,0.0,0.0,0.0,0.0,0.0,0.0,0.0,0.0,0.0,0.0,0.0,0.0,0.0,0.0,0.0,0.0,0.0,0.0,20,Logon activity outside working hours,1,0.22918650906551175,0,0.08228069115717906,0.697005956229538,0,20,low,Logon activity outside working hours,Iona Brenda Payne,Iona.Brenda.Payne@dtaa.com,Technician,1,5 - SalesAndMarketing,3 - FieldService,5 - RegionalFieldService,Blythe Veda Cooke,2011-05.csv
IBS0836,2010-01-04,2.0,1.0,0.0,1.0,4.0,2.0,2.0,0.0,1.0,4.0,0.0,4.0,1.0,0.0,0.0,0.0,0.0,0.0,1.0,0.0,35023.0,35023.0,2.0,1.0,2.0,2.0,1.0,1.0,15,USB activity detected,1,0.13601223600905293,0,0.1158801409484399,0.697005956229538,0,15,low,USB activity detected,Isadora Blaine Shepherd,Isadora.Blaine.Shepherd@dtaa.com,ProductionLineWorker,1,3 - Manufacturing,3 - Assembly,5 - AssemblyDept,Amy Lucy Chen,2011-05.csv
IBS0836,2010-01-07,2.0,0.0,0.0,1.0,2.0,1.0,1.0,0.0,1.0,6.0,0.0,6.0,1.0,0.0,0.0,0.0,0.0,0.0,0.0,0.0,0.0,0.0,0.0,0.0,0.0,0.0,0.0,0.0,15,USB activity detected,1,0.21211735267216597,0,0.09867371341215692,0.697005956229538,0,15,low,USB activity detected,Isadora Blaine Shepherd,Isadora.Blaine.Shepherd@dtaa.com,ProductionLineWorker,1,3 - Manufacturing,3 - Assembly,5 - AssemblyDept,Amy Lucy Chen,2011-05.csv
IBS0836,2010-01-08,0.0,0.0,0.0,0.0,4.0,2.0,2.0,0.0,1.0,6.0,0.0,6.0,1.0,0.0,0.0,0.0,0.0,0.0,0.0,0.0,0.0,0.0,0.0,0.0,0.0,0.0,0.0,0.0,15,USB activity detected,1,0.2250858456824696,0,0.025796192594961513,0.697005956229538,0,15,low,USB activity detected,Isadora Blaine Shepherd,Isadora.Blaine.Shepherd@dtaa.com,ProductionLineWorker,1,3 - Manufacturing,3 - Assembly,5 - AssemblyDept,Amy Lucy Chen,2011-05.csv
IBS0836,2010-01-11,0.0,0.0,0.0,0.0,2.0,1.0,1.0,0.0,1.0,6.0,0.0,6.0,1.0,0.0,0.0,0.0,0.0,0.0,0.0,0.0,0.0,0.0,0.0,0.0,0.0,0.0,0.0,0.0,15,USB activity detected,1,0.2188288303391091,0,0.0274749014302764,0.697005956229538,0,15,low,USB activity detected,Isadora Blaine Shepherd,Isadora.Blaine.Shepherd@dtaa.com,ProductionLineWorker,1,3 - Manufacturing,3 - Assembly,5 - AssemblyDept,Amy Lucy Chen,2011-05.csv
IBS0836,2010-01-12,0.0,0.0,0.0,0.0,4.0,2.0,2.0,0.0,1.0,2.0,0.0,2.0,1.0,0.0,0.0,0.0,0.0,0.0,0.0,0.0,0.0,0.0,0.0,0.0,0.0,0.0,0.0,0.0,15,USB activity detected,1,0.2290339102880541,0,0.037354675290764694,0.697005956229538,0,15,low,USB activity detected,Isadora Blaine Shepherd,Isadora.Blaine.Shepherd@dtaa.com,ProductionLineWorker,1,3 - Manufacturing,3 - Assembly,5 - AssemblyDept,Amy Lucy Chen,2011-05.csv
ICH0294,2010-01-04,1.0,1.0,0.0,1.0,2.0,1.0,1.0,0.0,1.0,11.0,0.0,11.0,1.0,0.0,0.0,0.0,0.0,0.0,1.0,0.0,28271.0,28271.0,2.0,1.0,1.0,1.0,1.0,1.0,15,USB activity detected,1,0.13808434340827036,0,0.12716463829225158,0.697005956229538,0,15,low,USB activity detected,Idola Carly Haley,Idola.Carly.Haley@dtaa.com,ProductionLineWorker,1,3 - Manufacturing,3 - Assembly,1 - AssemblyDept,Shannon Chantale Price,2011-05.csv
ICH0294,2010-01-05,1.0,1.0,0.0,1.0,6.0,3.0,3.0,0.0,1.0,7.0,0.0,7.0,1.0,0.0,0.0,0.0,0.0,0.0,0.0,0.0,0.0,0.0,0.0,0.0,0.0,0.0,0.0,0.0,15,USB activity detected,1,0.21209977219105464,0,0.04718987879051857,0.697005956229538,0,15,low,USB activity detected,Idola Carly Haley,Idola.Carly.Haley@dtaa.com,ProductionLineWorker,1,3 - Manufacturing,3 - Assembly,1 - AssemblyDept,Shannon Chantale Price,2011-05.csv
ICH0294,2010-01-06,2.0,2.0,0.0,2.0,6.0,3.0,3.0,0.0,1.0,7.0,0.0,7.0,1.0,0.0,0.0,0.0,0.0,0.0,0.0,0.0,0.0,0.0,0.0,0.0,0.0,0.0,0.0,0.0,15,USB activity detected,1,0.17885277374111752,0,0.1309348540427771,0.697005956229538,0,15,low,USB activity detected,Idola Carly Haley,Idola.Carly.Haley@dtaa.com,ProductionLineWorker,1,3 - Manufacturing,3 - Assembly,1 - AssemblyDept,Shannon Chantale Price,2011-05.csv
ICH0294,2010-01-07,1.0,0.0,0.0,1.0,4.0,2.0,2.0,0.0,1.0,9.0,0.0,9.0,1.0,0.0,0.0,0.0,0.0,0.0,0.0,0.0,0.0,0.0,0.0,0.0,0.0,0.0,0.0,0.0,15,USB activity detected,1,0.2068449316560818,0,0.05130749702434321,0.697005956229538,0,15,low,USB activity detected,Idola Carly Haley,Idola.Carly.Haley@dtaa.com,ProductionLineWorker,1,3 - Manufacturing,3 - Assembly,1 - AssemblyDept,Shannon Chantale Price,2011-05.csv
ICH0294,2010-01-08,0.0,0.0,0.0,0.0,4.0,2.0,2.0,0.0,1.0,5.0,0.0,5.0,1.0,0.0,0.0,0.0,0.0,0.0,0.0,0.0,0.0,0.0,0.0,0.0,0.0,0.0,0.0,0.0,15,USB activity detected,1,0.22467427013337,0,0.027613971130823235,0.697005956229538,0,15,low,USB activity detected,Idola Carly Haley,Idola.Carly.Haley@dtaa.com,ProductionLineWorker,1,3 - Manufacturing,3 - Assembly,1 - AssemblyDept,Shannon Chantale Price,2011-05.csv
ICH0294,2010-01-11,0.0,0.0,0.0,0.0,2.0,1.0,1.0,0.0,1.0,8.0,0.0,8.0,1.0,0.0,0.0,0.0,0.0,0.0,0.0,0.0,0.0,0.0,0.0,0.0,0.0,0.0,0.0,0.0,15,USB activity detected,1,0.21152895624851709,0,0.02736644932722874,0.697005956229538,0,15,low,USB activity detected,Idola Carly Haley,Idola.Carly.Haley@dtaa.com,ProductionLineWorker,1,3 - Manufacturing,3 - Assembly,1 - AssemblyDept,Shannon Chantale Price,2011-05.csv
ICH0294,2010-01-12,0.0,0.0,0.0,0.0,2.0,1.0,1.0,0.0,1.0,11.0,0.0,11.0,1.0,0.0,0.0,0.0,0.0,0.0,0.0,0.0,0.0,0.0,0.0,0.0,0.0,0.0,0.0,0.0,15,USB activity detected,1,0.2002940616619186,0,0.03101780147017379,0.697005956229538,0,15,low,USB activity detected,Idola Carly Haley,Idola.Carly.Haley@dtaa.com,ProductionLineWorker,1,3 - Manufacturing,3 - Assembly,1 - AssemblyDept,Shannon Chantale Price,2011-05.csv
IIW0249,2010-01-02,1.0,1.0,0.0,1.0,18.0,9.0,9.0,0.0,1.0,0.0,0.0,0.0,0.0,95.0,0.0,43.0,39.0,1.0,9.0,0.0,296769.0,32974.333333333336,0.0,0.0,13.0,7.0,5.0,1.0,15,USB activity detected,-1,-0.021942890573094065,1,0.5495477035781339,0.697005956229538,0,55,medium,USB activity detected; AI anomaly detected by Isolation Forest,Igor Ishmael Ward,Igor.Ishmael.Ward@dtaa.com,MechanicalEngineer,1,2 - ResearchAndEngineering,3 - Engineering,1 - MechanicalEngineering,Harper Price Harris,2011-05.csv
IIW0249,2010-01-04,1.0,1.0,0.0,1.0,16.0,8.0,8.0,0.0,1.0,0.0,0.0,0.0,0.0,0.0,0.0,0.0,0.0,0.0,9.0,0.0,313081.0,34786.77777777778,4.0,2.0,13.0,12.0,5.0,1.0,15,USB activity detected,1,0.06646695770671596,0,0.24027651846400722,0.697005956229538,0,15,low,USB activity detected,Igor Ishmael Ward,Igor.Ishmael.Ward@dtaa.com,MechanicalEngineer,1,2 - ResearchAndEngineering,3 - Engineering,1 - MechanicalEngineering,Harper Price Harris,2011-05.csv
IIW0249,2010-01-05,2.0,2.0,0.0,2.0,18.0,9.0,9.0,0.0,1.0,0.0,0.0,0.0,0.0,0.0,0.0,0.0,0.0,0.0,1.0,0.0,27251.0,27251.0,0.0,0.0,1.0,1.0,0.0,1.0,15,USB activity detected,1,0.08646821708468888,0,0.18277063743882296,0.697005956229538,0,15,low,USB activity detected,Igor Ishmael Ward,Igor.Ishmael.Ward@dtaa.com,MechanicalEngineer,1,2 - ResearchAndEngineering,3 - Engineering,1 - MechanicalEngineering,Harper Price Harris,2011-05.csv
IIW0249,2010-01-06,1.0,1.0,0.0,1.0,18.0,9.0,9.0,0.0,1.0,0.0,0.0,0.0,0.0,0.0,0.0,0.0,0.0,0.0,0.0,0.0,0.0,0.0,0.0,0.0,0.0,0.0,0.0,0.0,15,USB activity detected,1,0.14189408672838982,0,0.06548101509375079,0.697005956229538,0,15,low,USB activity detected,Igor Ishmael Ward,Igor.Ishmael.Ward@dtaa.com,MechanicalEngineer,1,2 - ResearchAndEngineering,3 - Engineering,1 - MechanicalEngineering,Harper Price Harris,2011-05.csv
IIW0249,2010-01-07,1.0,0.0,0.0,1.0,18.0,9.0,9.0,0.0,1.0,1.0,0.0,1.0,1.0,0.0,0.0,0.0,0.0,0.0,0.0,0.0,0.0,0.0,0.0,0.0,0.0,0.0,0.0,0.0,15,USB activity detected,1,0.13437763678337322,0,0.09024302933895499,0.697005956229538,0,15,low,USB activity detected,Igor Ishmael Ward,Igor.Ishmael.Ward@dtaa.com,MechanicalEngineer,1,2 - ResearchAndEngineering,3 - Engineering,1 - MechanicalEngineering,Harper Price Harris,2011-05.csv
IIW0249,2010-01-08,0.0,0.0,0.0,0.0,18.0,9.0,9.0,0.0,1.0,6.0,0.0,6.0,1.0,0.0,0.0,0.0,0.0,0.0,0.0,0.0,0.0,0.0,0.0,0.0,0.0,0.0,0.0,0.0,15,USB activity detected,1,0.13546127045934409,0,0.04122199470041597,0.697005956229538,0,15,low,USB activity detected,Igor Ishmael Ward,Igor.Ishmael.Ward@dtaa.com,MechanicalEngineer,1,2 - ResearchAndEngineering,3 - Engineering,1 - MechanicalEngineering,Harper Price Harris,2011-05.csv
IIW0249,2010-01-11,0.0,0.0,0.0,0.0,18.0,9.0,9.0,0.0,1.0,3.0,0.0,3.0,1.0,0.0,0.0,0.0,0.0,0.0,0.0,0.0,0.0,0.0,0.0,0.0,0.0,0.0,0.0,0.0,15,USB activity detected,1,0.13638929314778314,0,0.04817462372339612,0.697005956229538,0,15,low,USB activity detected,Igor Ishmael Ward,Igor.Ishmael.Ward@dtaa.com,MechanicalEngineer,1,2 - ResearchAndEngineering,3 - Engineering,1 - MechanicalEngineering,Harper Price Harris,2011-05.csv
IIW0249,2010-01-12,0.0,0.0,0.0,0.0,18.0,9.0,9.0,0.0,1.0,0.0,0.0,0.0,0.0,0.0,0.0,0.0,0.0,0.0,0.0,0.0,0.0,0.0,0.0,0.0,0.0,0.0,0.0,0.0,15,USB activity detected,1,0.1353685565527865,0,0.0331418890848386,0.697005956229538,0,15,low,USB activity detected,Igor Ishmael Ward,Igor.Ishmael.Ward@dtaa.com,MechanicalEngineer,1,2 - ResearchAndEngineering,3 - Engineering,1 - MechanicalEngineering,Harper Price Harris,2011-05.csv
IIW0249,2010-01-13,0.0,0.0,0.0,0.0,10.0,5.0,5.0,0.0,1.0,0.0,0.0,0.0,0.0,0.0,0.0,0.0,0.0,0.0,0.0,0.0,0.0,0.0,0.0,0.0,0.0,0.0,0.0,0.0,15,USB activity detected,1,0.18212522523809294,0,0.026785746186875715,0.697005956229538,0,15,low,USB activity detected,Igor Ishmael Ward,Igor.Ishmael.Ward@dtaa.com,MechanicalEngineer,1,2 - ResearchAndEngineering,3 - Engineering,1 - MechanicalEngineering,Harper Price Harris,2011-05.csv
IJM0444,2010-01-04,3.0,2.0,0.0,2.0,2.0,1.0,1.0,0.0,1.0,8.0,0.0,8.0,1.0,0.0,0.0,0.0,0.0,0.0,0.0,0.0,0.0,0.0,0.0,0.0,0.0,0.0,0.0,0.0,15,USB activity detected,1,0.1709040893837997,0,0.1669138161118945,0.697005956229538,0,15,low,USB activity detected,Ian Jonas Morrow,Ian.Jonas.Morrow@dtaa.com,TestEngineer,1,2 - ResearchAndEngineering,3 - Engineering,7 - TestAndEvalualtion,Cameron Noel Elliott,2011-05.csv
IJM0444,2010-01-05,2.0,1.0,0.0,1.0,2.0,1.0,1.0,0.0,1.0,7.0,0.0,7.0,1.0,0.0,0.0,0.0,0.0,0.0,0.0,0.0,0.0,0.0,0.0,0.0,0.0,0.0,0.0,0.0,15,USB activity detected,1,0.21921125095374405,0,0.06903675003224116,0.697005956229538,0,15,low,USB activity detected,Ian Jonas Morrow,Ian.Jonas.Morrow@dtaa.com,TestEngineer,1,2 - ResearchAndEngineering,3 - Engineering,7 - TestAndEvalualtion,Cameron Noel Elliott,2011-05.csv
IJM0444,2010-01-06,1.0,1.0,0.0,1.0,4.0,2.0,2.0,0.0,1.0,13.0,0.0,13.0,1.0,0.0,0.0,0.0,0.0,0.0,0.0,0.0,0.0,0.0,0.0,0.0,0.0,0.0,0.0,0.0,15,USB activity detected,1,0.1938946189750183,0,0.05018464054016335,0.697005956229538,0,15,low,USB activity detected,Ian Jonas Morrow,Ian.Jonas.Morrow@dtaa.com,TestEngineer,1,2 - ResearchAndEngineering,3 - Engineering,7 - TestAndEvalualtion,Cameron Noel Elliott,2011-05.csv
IJM0444,2010-01-11,0.0,0.0,0.0,0.0,2.0,1.0,1.0,0.0,1.0,9.0,0.0,9.0,1.0,0.0,0.0,0.0,0.0,0.0,0.0,0.0,0.0,0.0,0.0,0.0,0.0,0.0,0.0,0.0,15,USB activity detected,1,0.20743324651046313,0,0.027965615566380504,0.697005956229538,0,15,low,USB activity detected,Ian Jonas Morrow,Ian.Jonas.Morrow@dtaa.com,TestEngineer,1,2 - ResearchAndEngineering,3 - Engineering,7 - TestAndEvalualtion,Cameron Noel Elliott,2011-05.csv
IJM0776,2010-01-04,1.0,1.0,0.0,1.0,6.0,3.0,3.0,0.0,1.0,0.0,0.0,0.0,0.0,0.0,0.0,0.0,0.0,0.0,3.0,0.0,104129.0,34709.666666666664,0.0,0.0,5.0,0.0,0.0,1.0,15,USB activity detected,1,0.17253960044680405,0,0.09363400475463976,0.697005956229538,0,15,low,USB activity detected,Indira Jocelyn Mack,Indira.Jocelyn.Mack@dtaa.com,Technician,1,5 - SalesAndMarketing,3 - FieldService,4 - RegionalFieldService,Blaine Helen Cervantes,2010-08.csv
IJM0776,2010-01-05,1.0,1.0,0.0,1.0,2.0,1.0,1.0,0.0,1.0,1.0,0.0,1.0,1.0,0.0,0.0,0.0,0.0,0.0,0.0,0.0,0.0,0.0,0.0,0.0,0.0,0.0,0.0,0.0,15,USB activity detected,1,0.23585284759105507,0,0.06384362106437258,0.697005956229538,0,15,low,USB activity detected,Indira Jocelyn Mack,Indira.Jocelyn.Mack@dtaa.com,Technician,1,5 - SalesAndMarketing,3 - FieldService,4 - RegionalFieldService,Blaine Helen Cervantes,2010-08.csv
IJM0776,2010-01-07,1.0,1.0,0.0,1.0,3.0,2.0,1.0,0.0,1.0,0.0,0.0,0.0,0.0,0.0,0.0,0.0,0.0,0.0,0.0,0.0,0.0,0.0,0.0,0.0,0.0,0.0,0.0,0.0,15,USB activity detected,1,0.25668639453502484,0,0.06205243828251384,0.697005956229538,0,15,low,USB activity detected,Indira Jocelyn Mack,Indira.Jocelyn.Mack@dtaa.com,Technician,1,5 - SalesAndMarketing,3 - FieldService,4 - RegionalFieldService,Blaine Helen Cervantes,2010-08.csv
IJM0776,2010-01-08,0.0,0.0,0.0,0.0,8.0,4.0,4.0,0.0,1.0,5.0,0.0,5.0,1.0,0.0,0.0,0.0,0.0,0.0,0.0,0.0,0.0,0.0,0.0,0.0,0.0,0.0,0.0,0.0,15,USB activity detected,1,0.19275973842598748,0,0.02764408548253236,0.697005956229538,0,15,low,USB activity detected,Indira Jocelyn Mack,Indira.Jocelyn.Mack@dtaa.com,Technician,1,5 - SalesAndMarketing,3 - FieldService,4 - RegionalFieldService,Blaine Helen Cervantes,2010-08.csv
IJM0776,2010-01-11,0.0,0.0,0.0,0.0,4.0,2.0,2.0,0.0,1.0,0.0,0.0,0.0,0.0,0.0,0.0,0.0,0.0,0.0,0.0,0.0,0.0,0.0,0.0,0.0,0.0,0.0,0.0,0.0,15,USB activity detected,1,0.24050968498880276,0,0.029387747032837967,0.697005956229538,0,15,low,USB activity detected,Indira Jocelyn Mack,Indira.Jocelyn.Mack@dtaa.com,Technician,1,5 - SalesAndMarketing,3 - FieldService,4 - RegionalFieldService,Blaine Helen Cervantes,2010-08.csv
IJM0776,2010-01-12,0.0,0.0,0.0,0.0,4.0,2.0,2.0,0.0,1.0,1.0,0.0,1.0,1.0,0.0,0.0,0.0,0.0,0.0,0.0,0.0,0.0,0.0,0.0,0.0,0.0,0.0,0.0,0.0,15,USB activity detected,1,0.22508479258999203,0,0.041893755833660756,0.697005956229538,0,15,low,USB activity detected,Indira Jocelyn Mack,Indira.Jocelyn.Mack@dtaa.com,Technician,1,5 - SalesAndMarketing,3 - FieldService,4 - RegionalFieldService,Blaine Helen Cervantes,2010-08.csv
IJM0776,2010-01-13,0.0,0.0,0.0,0.0,8.0,4.0,4.0,0.0,1.0,0.0,0.0,0.0,0.0,0.0,0.0,0.0,0.0,0.0,0.0,0.0,0.0,0.0,0.0,0.0,0.0,0.0,0.0,0.0,15,USB activity detected,1,0.19727497896406737,0,0.026766841620095603,0.697005956229538,0,15,low,USB activity detected,Indira Jocelyn Mack,Indira.Jocelyn.Mack@dtaa.com,Technician,1,5 - SalesAndMarketing,3 - FieldService,4 - RegionalFieldService,Blaine Helen Cervantes,2010-08.csv
IKP0472,2010-01-02,3.0,2.0,0.0,2.0,2.0,1.0,1.0,0.0,1.0,4.0,0.0,4.0,1.0,9.0,0.0,8.0,8.0,1.0,1.0,0.0,18080.0,18080.0,2.0,1.0,3.0,1.0,1.0,1.0,15,USB activity detected,1,0.055434904897575965,0,0.4187755128193374,0.697005956229538,0,15,low,USB activity detected,Ivana Kaitlin Parsons,Ivana.Kaitlin.Parsons@dtaa.com,ProductionLineWorker,1,3 - Manufacturing,3 - Assembly,2 - AssemblyDept,Armando Albert Walter,2011-05.csv
IKP0472,2010-01-04,2.0,1.0,0.0,1.0,2.0,1.0,1.0,0.0,1.0,3.0,0.0,3.0,1.0,0.0,0.0,0.0,0.0,0.0,1.0,0.0,22910.0,22910.0,1.0,1.0,3.0,1.0,2.0,1.0,15,USB activity detected,1,0.1597552848489147,0,0.09458775059731855,0.697005956229538,0,15,low,USB activity detected,Ivana Kaitlin Parsons,Ivana.Kaitlin.Parsons@dtaa.com,ProductionLineWorker,1,3 - Manufacturing,3 - Assembly,2 - AssemblyDept,Armando Albert Walter,2011-05.csv
IKP0472,2010-01-06,2.0,1.0,0.0,1.0,2.0,1.0,1.0,0.0,1.0,1.0,0.0,1.0,1.0,0.0,0.0,0.0,0.0,0.0,0.0,0.0,0.0,0.0,0.0,0.0,0.0,0.0,0.0,0.0,15,USB activity detected,1,0.22998455839507664,0,0.08881450891465004,0.697005956229538,0,15,low,USB activity detected,Ivana Kaitlin Parsons,Ivana.Kaitlin.Parsons@dtaa.com,ProductionLineWorker,1,3 - Manufacturing,3 - Assembly,2 - AssemblyDept,Armando Albert Walter,2011-05.csv
IKP0472,2010-01-07,2.0,1.0,0.0,2.0,2.0,1.0,1.0,0.0,1.0,2.0,0.0,2.0,1.0,0.0,0.0,0.0,0.0,0.0,0.0,0.0,0.0,0.0,0.0,0.0,0.0,0.0,0.0,0.0,15,USB activity detected,1,0.21591569289565854,0,0.12877531253381275,0.697005956229538,0,15,low,USB activity detected,Ivana Kaitlin Parsons,Ivana.Kaitlin.Parsons@dtaa.com,ProductionLineWorker,1,3 - Manufacturing,3 - Assembly,2 - AssemblyDept,Armando Albert Walter,2011-05.csv
IKP0472,2010-01-09,0.0,0.0,0.0,0.0,8.0,4.0,4.0,0.0,1.0,7.0,0.0,7.0,1.0,0.0,0.0,0.0,0.0,0.0,0.0,0.0,0.0,0.0,0.0,0.0,0.0,0.0,0.0,0.0,15,USB activity detected,1,0.19058566804133442,0,0.024447643418972397,0.697005956229538,0,15,low,USB activity detected,Ivana Kaitlin Parsons,Ivana.Kaitlin.Parsons@dtaa.com,ProductionLineWorker,1,3 - Manufacturing,3 - Assembly,2 - AssemblyDept,Armando Albert Walter,2011-05.csv
IKP0472,2010-01-10,0.0,0.0,0.0,0.0,4.0,2.0,2.0,0.0,1.0,6.0,0.0,6.0,1.0,0.0,0.0,0.0,0.0,0.0,0.0,0.0,0.0,0.0,0.0,0.0,0.0,0.0,0.0,0.0,15,USB activity detected,1,0.2250858456824696,0,0.025796192594961513,0.697005956229538,0,15,low,USB activity detected,Ivana Kaitlin Parsons,Ivana.Kaitlin.Parsons@dtaa.com,ProductionLineWorker,1,3 - Manufacturing,3 - Assembly,2 - AssemblyDept,Armando Albert Walter,2011-05.csv
IKP0472,2010-01-11,0.0,0.0,0.0,0.0,4.0,2.0,2.0,0.0,1.0,2.0,0.0,2.0,1.0,0.0,0.0,0.0,0.0,0.0,0.0,0.0,0.0,0.0,0.0,0.0,0.0,0.0,0.0,0.0,15,USB activity detected,1,0.2290339102880541,0,0.037354675290764694,0.697005956229538,0,15,low,USB activity detected,Ivana Kaitlin Parsons,Ivana.Kaitlin.Parsons@dtaa.com,ProductionLineWorker,1,3 - Manufacturing,3 - Assembly,2 - AssemblyDept,Armando Albert Walter,2011-05.csv
IKP0472,2010-01-12,0.0,0.0,0.0,0.0,4.0,2.0,2.0,0.0,1.0,0.0,0.0,0.0,0.0,0.0,0.0,0.0,0.0,0.0,0.0,0.0,0.0,0.0,0.0,0.0,0.0,0.0,0.0,0.0,15,USB activity detected,1,0.24050968498880276,0,0.029387747032837967,0.697005956229538,0,15,low,USB activity detected,Ivana Kaitlin Parsons,Ivana.Kaitlin.Parsons@dtaa.com,ProductionLineWorker,1,3 - Manufacturing,3 - Assembly,2 - AssemblyDept,Armando Albert Walter,2011-05.csv
IKR0401,2010-01-04,1.0,1.0,0.0,1.0,4.0,2.0,2.0,0.0,1.0,3.0,0.0,3.0,1.0,0.0,0.0,0.0,0.0,0.0,7.0,0.0,221851.0,31693.0,4.0,2.0,14.0,3.0,0.0,1.0,15,USB activity detected,1,0.12413006998301368,0,0.09887345972436246,0.697005956229538,0,15,low,USB activity detected,Ivor Kenneth Rollins,Ivor.Kenneth.Rollins@dtaa.com,SoftwareEngineer,1,2 - ResearchAndEngineering,2 - SoftwareManagement,2 - Software,Jocelyn Bree Mccray,2011-01.csv
IKR0401,2010-01-05,1.0,1.0,0.0,1.0,4.0,2.0,2.0,0.0,1.0,5.0,0.0,5.0,1.0,0.0,0.0,0.0,0.0,0.0,6.0,0.0,175032.0,29172.0,8.0,1.0,8.0,6.0,0.0,1.0,15,USB activity detected,1,0.12233219023234376,0,0.18806262862416584,0.697005956229538,0,15,low,USB activity detected,Ivor Kenneth Rollins,Ivor.Kenneth.Rollins@dtaa.com,SoftwareEngineer,1,2 - ResearchAndEngineering,2 - SoftwareManagement,2 - Software,Jocelyn Bree Mccray,2011-01.csv
IKR0401,2010-01-06,1.0,1.0,0.0,1.0,4.0,2.0,2.0,0.0,1.0,3.0,0.0,3.0,1.0,0.0,0.0,0.0,0.0,0.0,0.0,0.0,0.0,0.0,0.0,0.0,0.0,0.0,0.0,0.0,15,USB activity detected,1,0.23643228612295497,0,0.05707511694974386,0.697005956229538,0,15,low,USB activity detected,Ivor Kenneth Rollins,Ivor.Kenneth.Rollins@dtaa.com,SoftwareEngineer,1,2 - ResearchAndEngineering,2 - SoftwareManagement,2 - Software,Jocelyn Bree Mccray,2011-01.csv
IKR0401,2010-01-07,1.0,0.0,0.0,1.0,2.0,1.0,1.0,0.0,1.0,5.0,0.0,5.0,1.0,0.0,0.0,0.0,0.0,0.0,0.0,0.0,0.0,0.0,0.0,0.0,0.0,0.0,0.0,0.0,15,USB activity detected,1,0.22201829055079486,0,0.054689373009410694,0.697005956229538,0,15,low,USB activity detected,Ivor Kenneth Rollins,Ivor.Kenneth.Rollins@dtaa.com,SoftwareEngineer,1,2 - ResearchAndEngineering,2 - SoftwareManagement,2 - Software,Jocelyn Bree Mccray,2011-01.csv
IKR0401,2010-01-08,0.0,0.0,0.0,0.0,4.0,2.0,2.0,0.0,1.0,5.0,0.0,5.0,1.0,0.0,0.0,0.0,0.0,0.0,0.0,0.0,0.0,0.0,0.0,0.0,0.0,0.0,0.0,0.0,15,USB activity detected,1,0.22467427013337,0,0.027613971130823235,0.697005956229538,0,15,low,USB activity detected,Ivor Kenneth Rollins,Ivor.Kenneth.Rollins@dtaa.com,SoftwareEngineer,1,2 - ResearchAndEngineering,2 - SoftwareManagement,2 - Software,Jocelyn Bree Mccray,2011-01.csv
IKR0401,2010-01-11,0.0,0.0,0.0,0.0,4.0,2.0,2.0,0.0,1.0,0.0,0.0,0.0,0.0,0.0,0.0,0.0,0.0,0.0,0.0,0.0,0.0,0.0,0.0,0.0,0.0,0.0,0.0,0.0,15,USB activity detected,1,0.24050968498880276,0,0.029387752890849578,0.697005956229538,0,15,low,USB activity detected,Ivor Kenneth Rollins,Ivor.Kenneth.Rollins@dtaa.com,SoftwareEngineer,1,2 - ResearchAndEngineering,2 - SoftwareManagement,2 - Software,Jocelyn Bree Mccray,2011-01.csv
IKR0401,2010-01-12,0.0,0.0,0.0,0.0,4.0,2.0,2.0,0.0,1.0,3.0,0.0,3.0,1.0,0.0,0.0,0.0,0.0,0.0,0.0,0.0,0.0,0.0,0.0,0.0,0.0,0.0,0.0,0.0,15,USB activity detected,1,0.2308861893688779,0,0.03367677742263493,0.697005956229538,0,15,low,USB activity detected,Ivor Kenneth Rollins,Ivor.Kenneth.Rollins@dtaa.com,SoftwareEngineer,1,2 - ResearchAndEngineering,2 - SoftwareManagement,2 - Software,Jocelyn Bree Mccray,2011-01.csv
IKR0401,2010-01-13,0.0,0.0,0.0,0.0,2.0,1.0,1.0,0.0,1.0,0.0,0.0,0.0,0.0,0.0,0.0,0.0,0.0,0.0,0.0,0.0,0.0,0.0,0.0,0.0,0.0,0.0,0.0,0.0,15,USB activity detected,1,0.24138913393585137,0,0.034578884745784924,0.697005956229538,0,15,low,USB activity detected,Ivor Kenneth Rollins,Ivor.Kenneth.Rollins@dtaa.com,SoftwareEngineer,1,2 - ResearchAndEngineering,2 - SoftwareManagement,2 - Software,Jocelyn Bree Mccray,2011-01.csv
ILH0958,2010-01-06,3.0,2.0,0.0,2.0,2.0,1.0,1.0,0.0,1.0,22.0,0.0,22.0,1.0,0.0,0.0,0.0,0.0,0.0,0.0,0.0,0.0,0.0,0.0,0.0,0.0,0.0,0.0,0.0,45,USB activity detected; High file copy activity,1,0.12004260636994613,0,0.12366797268398856,0.697005956229538,0,45,medium,USB activity detected; High file copy activity,Irene Lacota Huffman,Irene.Lacota.Huffman@dtaa.com,ProductionLineWorker,1,3 - Manufacturing,3 - Assembly,6 - AssemblyDept,Sandra Beverly Diaz,2011-05.csv
ILH0958,2010-01-07,2.0,1.0,0.0,1.0,4.0,2.0,2.0,0.0,1.0,17.0,0.0,17.0,1.0,0.0,0.0,0.0,0.0,0.0,0.0,0.0,0.0,0.0,0.0,0.0,0.0,0.0,0.0,0.0,15,USB activity detected,1,0.18025250784418656,0,0.0969077322018744,0.697005956229538,0,15,low,USB activity detected,Irene Lacota Huffman,Irene.Lacota.Huffman@dtaa.com,ProductionLineWorker,1,3 - Manufacturing,3 - Assembly,6 - AssemblyDept,Sandra Beverly Diaz,2011-05.csv
ILJ0526,2010-01-04,3.0,2.0,0.0,2.0,4.0,2.0,2.0,0.0,1.0,3.0,0.0,3.0,1.0,0.0,0.0,0.0,0.0,0.0,3.0,0.0,85792.0,28597.333333333332,3.0,2.0,3.0,3.0,4.0,1.0,15,USB activity detected,1,0.08808315933428668,0,0.18076658553569552,0.697005956229538,0,15,low,USB activity detected,Idola Lana Jarvis,Idola.Lana.Jarvis@dtaa.com,Technician,1,5 - SalesAndMarketing,3 - FieldService,2 - RegionalFieldService,Burke Randall Burnett,2011-05.csv
ILJ0526,2010-01-05,2.0,1.0,0.0,1.0,2.0,1.0,1.0,0.0,1.0,5.0,0.0,5.0,1.0,0.0,0.0,0.0,0.0,0.0,0.0,0.0,0.0,0.0,0.0,0.0,0.0,0.0,0.0,0.0,15,USB activity detected,1,0.2301695216135437,0,0.07495448797236773,0.697005956229538,0,15,low,USB activity detected,Idola Lana Jarvis,Idola.Lana.Jarvis@dtaa.com,Technician,1,5 - SalesAndMarketing,3 - FieldService,2 - RegionalFieldService,Burke Randall Burnett,2011-05.csv
ILJ0526,2010-01-07,2.0,1.0,0.0,1.0,2.0,1.0,1.0,0.0,1.0,6.0,0.0,6.0,1.0,0.0,0.0,0.0,0.0,0.0,0.0,0.0,0.0,0.0,0.0,0.0,0.0,0.0,0.0,0.0,15,USB activity detected,1,0.2272330611977142,0,0.072241260561706,0.697005956229538,0,15,low,USB activity detected,Idola Lana Jarvis,Idola.Lana.Jarvis@dtaa.com,Technician,1,5 - SalesAndMarketing,3 - FieldService,2 - RegionalFieldService,Burke Randall Burnett,2011-05.csv
ILJ0526,2010-01-08,0.0,0.0,0.0,0.0,2.0,1.0,1.0,0.0,1.0,8.0,0.0,8.0,1.0,0.0,0.0,0.0,0.0,0.0,0.0,0.0,0.0,0.0,0.0,0.0,0.0,0.0,0.0,0.0,15,USB activity detected,1,0.21152895624851709,0,0.02736644932722874,0.697005956229538,0,15,low,USB activity detected,Idola Lana Jarvis,Idola.Lana.Jarvis@dtaa.com,Technician,1,5 - SalesAndMarketing,3 - FieldService,2 - RegionalFieldService,Burke Randall Burnett,2011-05.csv
ILJ0526,2010-01-11,0.0,0.0,0.0,0.0,2.0,1.0,1.0,0.0,1.0,0.0,0.0,0.0,0.0,0.0,0.0,0.0,0.0,0.0,0.0,0.0,0.0,0.0,0.0,0.0,0.0,0.0,0.0,0.0,15,USB activity detected,1,0.24138913393585137,0,0.034578884745784924,0.697005956229538,0,15,low,USB activity detected,Idola Lana Jarvis,Idola.Lana.Jarvis@dtaa.com,Technician,1,5 - SalesAndMarketing,3 - FieldService,2 - RegionalFieldService,Burke Randall Burnett,2011-05.csv
ILJ0526,2010-01-13,0.0,0.0,0.0,0.0,4.0,2.0,2.0,0.0,1.0,0.0,0.0,0.0,0.0,0.0,0.0,0.0,0.0,0.0,0.0,0.0,0.0,0.0,0.0,0.0,0.0,0.0,0.0,0.0,15,USB activity detected,1,0.24050968498880276,0,0.029387747032837967,0.697005956229538,0,15,low,USB activity detected,Idola Lana Jarvis,Idola.Lana.Jarvis@dtaa.com,Technician,1,5 - SalesAndMarketing,3 - FieldService,2 - RegionalFieldService,Burke Randall Burnett,2011-05.csv
IRM0931,2010-01-02,3.0,2.0,0.0,2.0,0.0,0.0,0.0,0.0,0.0,0.0,0.0,0.0,0.0,95.0,0.0,43.0,41.0,1.0,9.0,0.0,231263.0,25695.88888888889,12.0,3.0,15.0,12.0,4.0,1.0,0,,-1,-0.017692505166788663,1,1.0245221144931005,0.697005956229538,1,70,high,AI anomaly detected by Isolation Forest; AI anomaly detected by TensorFlow Autoencoder,Ignatius Reese Morton,Ignatius.Reese.Morton@dtaa.com,ComputerProgrammer,1,2 - ResearchAndEngineering,2 - SoftwareManagement,6 - Software,Caleb Mason Ball,2011-05.csv
IRM0931,2010-01-03,2.0,1.0,0.0,1.0,2.0,1.0,1.0,0.0,1.0,4.0,0.0,4.0,1.0,95.0,0.0,35.0,34.0,1.0,9.0,0.0,244998.0,27222.0,6.0,4.0,19.0,6.0,7.0,1.0,15,USB activity detected,1,0.004250678914462069,0,0.22500243289620353,0.697005956229538,0,15,low,USB activity detected,Ignatius Reese Morton,Ignatius.Reese.Morton@dtaa.com,ComputerProgrammer,1,2 - ResearchAndEngineering,2 - SoftwareManagement,6 - Software,Caleb Mason Ball,2011-05.csv
IRM0931,2010-01-04,2.0,2.0,0.0,2.0,2.0,1.0,1.0,0.0,1.0,3.0,0.0,3.0,1.0,7.0,0.0,7.0,7.0,1.0,9.0,0.0,280482.0,31164.666666666668,1.0,1.0,14.0,9.0,2.0,1.0,15,USB activity detected,1,0.06391476174566912,0,0.4841183247806372,0.697005956229538,0,15,low,USB activity detected,Ignatius Reese Morton,Ignatius.Reese.Morton@dtaa.com,ComputerProgrammer,1,2 - ResearchAndEngineering,2 - SoftwareManagement,6 - Software,Caleb Mason Ball,2011-05.csv
IRM0931,2010-01-05,2.0,1.0,0.0,1.0,2.0,1.0,1.0,0.0,1.0,6.0,0.0,6.0,1.0,0.0,0.0,0.0,0.0,0.0,7.0,0.0,176820.0,25260.0,6.0,3.0,12.0,7.0,3.0,1.0,15,USB activity detected,1,0.11222677712707174,0,0.07040406459433353,0.697005956229538,0,15,low,USB activity detected,Ignatius Reese Morton,Ignatius.Reese.Morton@dtaa.com,ComputerProgrammer,1,2 - ResearchAndEngineering,2 - SoftwareManagement,6 - Software,Caleb Mason Ball,2011-05.csv
IRM0931,2010-01-06,2.0,1.0,0.0,1.0,4.0,2.0,2.0,0.0,1.0,6.0,0.0,6.0,1.0,0.0,0.0,0.0,0.0,0.0,0.0,0.0,0.0,0.0,0.0,0.0,0.0,0.0,0.0,0.0,15,USB activity detected,1,0.22362125449090492,0,0.07501713039595022,0.697005956229538,0,15,low,USB activity detected,Ignatius Reese Morton,Ignatius.Reese.Morton@dtaa.com,ComputerProgrammer,1,2 - ResearchAndEngineering,2 - SoftwareManagement,6 - Software,Caleb Mason Ball,2011-05.csv
IRM0931,2010-01-07,3.0,2.0,0.0,2.0,2.0,1.0,1.0,0.0,1.0,2.0,0.0,2.0,1.0,0.0,0.0,0.0,0.0,0.0,0.0,0.0,0.0,0.0,0.0,0.0,0.0,0.0,0.0,0.0,15,USB activity detected,1,0.19129602542201807,0,0.18207638451577335,0.697005956229538,0,15,low,USB activity detected,Ignatius Reese Morton,Ignatius.Reese.Morton@dtaa.com,ComputerProgrammer,1,2 - ResearchAndEngineering,2 - SoftwareManagement,6 - Software,Caleb Mason Ball,2011-05.csv
IRM0931,2010-01-09,0.0,0.0,0.0,0.0,2.0,1.0,1.0,0.0,1.0,9.0,0.0,9.0,1.0,0.0,0.0,0.0,0.0,0.0,0.0,0.0,0.0,0.0,0.0,0.0,0.0,0.0,0.0,0.0,15,USB activity detected,1,0.20743324651046313,0,0.02796560824597219,0.697005956229538,0,15,low,USB activity detected,Ignatius Reese Morton,Ignatius.Reese.Morton@dtaa.com,ComputerProgrammer,1,2 - ResearchAndEngineering,2 - SoftwareManagement,6 - Software,Caleb Mason Ball,2011-05.csv
IRM0931,2010-01-11,0.0,0.0,0.0,0.0,2.0,1.0,1.0,0.0,1.0,10.0,0.0,10.0,1.0,0.0,0.0,0.0,0.0,0.0,0.0,0.0,0.0,0.0,0.0,0.0,0.0,0.0,0.0,0.0,15,USB activity detected,1,0.20245630119777924,0,0.029128186525574334,0.697005956229538,0,15,low,USB activity detected,Ignatius Reese Morton,Ignatius.Reese.Morton@dtaa.com,ComputerProgrammer,1,2 - ResearchAndEngineering,2 - SoftwareManagement,6 - Software,Caleb Mason Ball,2011-05.csv
IUB0565,2010-01-04,1.0,1.0,0.0,1.0,4.0,2.0,2.0,0.0,1.0,0.0,0.0,0.0,0.0,0.0,0.0,0.0,0.0,0.0,4.0,0.0,152355.0,38088.75,2.0,1.0,7.0,3.0,0.0,1.0,15,USB activity detected,1,0.15537258482774546,0,0.07636827440003374,0.697005956229538,0,15,low,USB activity detected,Isaiah Upton Buchanan,Isaiah.Upton.Buchanan@dtaa.com,SoftwareEngineer,1,2 - ResearchAndEngineering,2 - SoftwareManagement,3 - Software,Stephanie Briar Harrington,2010-11.csv
IUB0565,2010-01-05,1.0,1.0,0.0,1.0,4.0,2.0,2.0,0.0,1.0,5.0,0.0,5.0,1.0,0.0,0.0,0.0,0.0,0.0,0.0,0.0,0.0,0.0,0.0,0.0,0.0,0.0,0.0,0.0,15,USB activity detected,1,0.23289542618723003,0,0.0506856179946155,0.697005956229538,0,15,low,USB activity detected,Isaiah Upton Buchanan,Isaiah.Upton.Buchanan@dtaa.com,SoftwareEngineer,1,2 - ResearchAndEngineering,2 - SoftwareManagement,3 - Software,Stephanie Briar Harrington,2010-11.csv
IUB0565,2010-01-06,1.0,1.0,0.0,1.0,4.0,2.0,2.0,0.0,1.0,2.0,0.0,2.0,1.0,0.0,0.0,0.0,0.0,0.0,0.0,0.0,0.0,0.0,0.0,0.0,0.0,0.0,0.0,0.0,15,USB activity detected,1,0.2339467796911417,0,0.06003208253189664,0.697005956229538,0,15,low,USB activity detected,Isaiah Upton Buchanan,Isaiah.Upton.Buchanan@dtaa.com,SoftwareEngineer,1,2 - ResearchAndEngineering,2 - SoftwareManagement,3 - Software,Stephanie Briar Harrington,2010-11.csv
IUB0565,2010-01-08,0.0,0.0,0.0,0.0,2.0,1.0,1.0,0.0,1.0,4.0,0.0,4.0,1.0,0.0,0.0,0.0,0.0,0.0,0.0,0.0,0.0,0.0,0.0,0.0,0.0,0.0,0.0,0.0,15,USB activity detected,1,0.2255480598108977,0,0.03194264222559186,0.697005956229538,0,15,low,USB activity detected,Isaiah Upton Buchanan,Isaiah.Upton.Buchanan@dtaa.com,SoftwareEngineer,1,2 - ResearchAndEngineering,2 - SoftwareManagement,3 - Software,Stephanie Briar Harrington,2010-11.csv
IUB0565,2010-01-11,0.0,0.0,0.0,0.0,2.0,1.0,1.0,0.0,1.0,0.0,0.0,0.0,0.0,0.0,0.0,0.0,0.0,0.0,0.0,0.0,0.0,0.0,0.0,0.0,0.0,0.0,0.0,0.0,15,USB activity detected,1,0.24138913393585137,0,0.034578884745784924,0.697005956229538,0,15,low,USB activity detected,Isaiah Upton Buchanan,Isaiah.Upton.Buchanan@dtaa.com,SoftwareEngineer,1,2 - ResearchAndEngineering,2 - SoftwareManagement,3 - Software,Stephanie Briar Harrington,2010-11.csv
IUB0565,2010-01-12,0.0,0.0,0.0,0.0,4.0,2.0,2.0,0.0,1.0,0.0,0.0,0.0,0.0,0.0,0.0,0.0,0.0,0.0,0.0,0.0,0.0,0.0,0.0,0.0,0.0,0.0,0.0,0.0,15,USB activity detected,1,0.24050968498880276,0,0.029387747032837967,0.697005956229538,0,15,low,USB activity detected,Isaiah Upton Buchanan,Isaiah.Upton.Buchanan@dtaa.com,SoftwareEngineer,1,2 - ResearchAndEngineering,2 - SoftwareManagement,3 - Software,Stephanie Briar Harrington,2010-11.csv
IUB0565,2010-01-13,0.0,0.0,0.0,0.0,3.0,2.0,1.0,0.0,1.0,0.0,0.0,0.0,0.0,0.0,0.0,0.0,0.0,0.0,0.0,0.0,0.0,0.0,0.0,0.0,0.0,0.0,0.0,0.0,15,USB activity detected,1,0.23826932337468903,0,0.034015706009011604,0.697005956229538,0,15,low,USB activity detected,Isaiah Upton Buchanan,Isaiah.Upton.Buchanan@dtaa.com,SoftwareEngineer,1,2 - ResearchAndEngineering,2 - SoftwareManagement,3 - Software,Stephanie Briar Harrington,2010-11.csv
JAV0361,2010-01-04,5.0,5.0,4.0,5.0,0.0,0.0,0.0,0.0,0.0,0.0,0.0,0.0,0.0,0.0,0.0,0.0,0.0,0.0,11.0,0.0,359002.0,32636.545454545456,7.0,4.0,19.0,9.0,0.0,1.0,35,Logon activity outside working hours; Multiple PCs used for logon,1,0.017959712187977872,0,0.1371669194227882,0.697005956229538,0,35,medium,Logon activity outside working hours; Multiple PCs used for logon,Joseph Alan Vaughan,Joseph.Alan.Vaughan@dtaa.com,ITAdmin,1,1 - Adminstration,6 - Security,3 - ElectronicSecurity,Francis Brian Armstrong,2011-05.csv
JAV0361,2010-01-05,4.0,4.0,6.0,4.0,0.0,0.0,0.0,0.0,0.0,0.0,0.0,0.0,0.0,0.0,0.0,0.0,0.0,0.0,0.0,0.0,0.0,0.0,0.0,0.0,0.0,0.0,0.0,0.0,35,Logon activity outside working hours; Multiple PCs used for logon,1,0.07132490316739437,0,0.28549292117892633,0.697005956229538,0,35,medium,Logon activity outside working hours; Multiple PCs used for logon,Joseph Alan Vaughan,Joseph.Alan.Vaughan@dtaa.com,ITAdmin,1,1 - Adminstration,6 - Security,3 - ElectronicSecurity,Francis Brian Armstrong,2011-05.csv
JAV0361,2010-01-06,3.0,3.0,4.0,3.0,0.0,0.0,0.0,0.0,0.0,0.0,0.0,0.0,0.0,0.0,0.0,0.0,0.0,0.0,0.0,0.0,0.0,0.0,0.0,0.0,0.0,0.0,0.0,0.0,35,Logon activity outside working hours; Multiple PCs used for logon,1,0.1341275347966155,0,0.12118637963412873,0.697005956229538,0,35,medium,Logon activity outside working hours; Multiple PCs used for logon,Joseph Alan Vaughan,Joseph.Alan.Vaughan@dtaa.com,ITAdmin,1,1 - Adminstration,6 - Security,3 - ElectronicSecurity,Francis Brian Armstrong,2011-05.csv
JAV0361,2010-01-07,3.0,3.0,4.0,3.0,0.0,0.0,0.0,0.0,0.0,0.0,0.0,0.0,0.0,0.0,0.0,0.0,0.0,0.0,0.0,0.0,0.0,0.0,0.0,0.0,0.0,0.0,0.0,0.0,35,Logon activity outside working hours; Multiple PCs used for logon,1,0.1341275347966155,0,0.12118637963412873,0.697005956229538,0,35,medium,Logon activity outside working hours; Multiple PCs used for logon,Joseph Alan Vaughan,Joseph.Alan.Vaughan@dtaa.com,ITAdmin,1,1 - Adminstration,6 - Security,3 - ElectronicSecurity,Francis Brian Armstrong,2011-05.csv
JBD0616,2010-01-04,2.0,1.0,0.0,1.0,18.0,9.0,9.0,0.0,1.0,5.0,0.0,5.0,1.0,0.0,0.0,0.0,0.0,0.0,15.0,0.0,451025.0,30068.333333333332,7.0,4.0,26.0,16.0,9.0,1.0,15,USB activity detected,1,0.007391534385358223,0,0.35071001946903396,0.697005956229538,0,15,low,USB activity detected,Jocelyn Brenna Daniels,Jocelyn.Brenna.Daniels@dtaa.com,Salesman,1,5 - SalesAndMarketing,2 - Sales,3 - RegionalSales,Winter Veda Burks,2011-05.csv
JBD0616,2010-01-05,2.0,1.0,0.0,1.0,16.0,8.0,8.0,0.0,1.0,0.0,0.0,0.0,0.0,0.0,0.0,0.0,0.0,0.0,5.0,0.0,180076.0,36015.2,3.0,2.0,8.0,3.0,2.0,1.0,15,USB activity detected,1,0.08001039639745344,0,0.13420173508540112,0.697005956229538,0,15,low,USB activity detected,Jocelyn Brenna Daniels,Jocelyn.Brenna.Daniels@dtaa.com,Salesman,1,5 - SalesAndMarketing,2 - Sales,3 - RegionalSales,Winter Veda Burks,2011-05.csv
JBD0616,2010-01-06,1.0,1.0,0.0,1.0,17.0,9.0,8.0,0.0,1.0,5.0,0.0,5.0,1.0,0.0,0.0,0.0,0.0,0.0,0.0,0.0,0.0,0.0,0.0,0.0,0.0,0.0,0.0,0.0,15,USB activity detected,1,0.14246837177551347,0,0.06335121863045998,0.697005956229538,0,15,low,USB activity detected,Jocelyn Brenna Daniels,Jocelyn.Brenna.Daniels@dtaa.com,Salesman,1,5 - SalesAndMarketing,2 - Sales,3 - RegionalSales,Winter Veda Burks,2011-05.csv
JBD0616,2010-01-07,2.0,1.0,0.0,1.0,18.0,9.0,9.0,0.0,1.0,3.0,0.0,3.0,1.0,0.0,0.0,0.0,0.0,0.0,0.0,0.0,0.0,0.0,0.0,0.0,0.0,0.0,0.0,0.0,15,USB activity detected,1,0.13686112265160405,0,0.10527219999216023,0.697005956229538,0,15,low,USB activity detected,Jocelyn Brenna Daniels,Jocelyn.Brenna.Daniels@dtaa.com,Salesman,1,5 - SalesAndMarketing,2 - Sales,3 - RegionalSales,Winter Veda Burks,2011-05.csv
JBD0616,2010-01-08,0.0,0.0,0.0,0.0,18.0,9.0,9.0,0.0,1.0,4.0,0.0,4.0,1.0,0.0,0.0,0.0,0.0,0.0,0.0,0.0,0.0,0.0,0.0,0.0,0.0,0.0,0.0,0.0,15,USB activity detected,1,0.13472026654615582,0,0.04506751687316971,0.697005956229538,0,15,low,USB activity detected,Jocelyn Brenna Daniels,Jocelyn.Brenna.Daniels@dtaa.com,Salesman,1,5 - SalesAndMarketing,2 - Sales,3 - RegionalSales,Winter Veda Burks,2011-05.csv
JBD0616,2010-01-11,0.0,0.0,0.0,0.0,18.0,9.0,9.0,0.0,1.0,0.0,0.0,0.0,0.0,0.0,0.0,0.0,0.0,0.0,0.0,0.0,0.0,0.0,0.0,0.0,0.0,0.0,0.0,0.0,15,USB activity detected,1,0.1353685565527865,0,0.0331418890848386,0.697005956229538,0,15,low,USB activity detected,Jocelyn Brenna Daniels,Jocelyn.Brenna.Daniels@dtaa.com,Salesman,1,5 - SalesAndMarketing,2 - Sales,3 - RegionalSales,Winter Veda Burks,2011-05.csv
JBD0616,2010-01-12,0.0,0.0,0.0,0.0,18.0,9.0,9.0,0.0,1.0,3.0,0.0,3.0,1.0,0.0,0.0,0.0,0.0,0.0,0.0,0.0,0.0,0.0,0.0,0.0,0.0,0.0,0.0,0.0,15,USB activity detected,1,0.13638929314778314,0,0.04817462372339612,0.697005956229538,0,15,low,USB activity detected,Jocelyn Brenna Daniels,Jocelyn.Brenna.Daniels@dtaa.com,Salesman,1,5 - SalesAndMarketing,2 - Sales,3 - RegionalSales,Winter Veda Burks,2011-05.csv
JBD0616,2010-01-13,0.0,0.0,0.0,0.0,14.0,7.0,7.0,0.0,1.0,0.0,0.0,0.0,0.0,0.0,0.0,0.0,0.0,0.0,0.0,0.0,0.0,0.0,0.0,0.0,0.0,0.0,0.0,0.0,15,USB activity detected,1,0.15757970960448348,0,0.02795770502625191,0.697005956229538,0,15,low,USB activity detected,Jocelyn Brenna Daniels,Jocelyn.Brenna.Daniels@dtaa.com,Salesman,1,5 - SalesAndMarketing,2 - Sales,3 - RegionalSales,Winter Veda Burks,2011-05.csv
JCC0225,2010-01-04,3.0,3.0,2.0,3.0,0.0,0.0,0.0,0.0,0.0,0.0,0.0,0.0,0.0,13.0,0.0,9.0,9.0,1.0,11.0,0.0,300418.0,27310.727272727272,0.0,0.0,20.0,4.0,0.0,1.0,35,Logon activity outside working hours; Multiple PCs used for logon,1,0.06410778721456156,0,0.1242244522750851,0.697005956229538,0,35,medium,Logon activity outside working hours; Multiple PCs used for logon,Jack Carlos Cannon,Jack.Carlos.Cannon@dtaa.com,ITAdmin,1,1 - Adminstration,6 - Security,2 - ElectronicSecurity,Frances Alisa Wiggins,2011-05.csv
JCC0225,2010-01-05,5.0,5.0,8.0,5.0,0.0,0.0,0.0,0.0,0.0,0.0,0.0,0.0,0.0,0.0,0.0,0.0,0.0,0.0,8.0,0.0,244386.0,30548.25,0.0,0.0,13.0,5.0,0.0,1.0,35,Logon activity outside working hours; Multiple PCs used for logon,1,0.02114869236527339,0,0.7434824017894894,0.697005956229538,1,65,high,Logon activity outside working hours; Multiple PCs used for logon; AI anomaly detected by TensorFlow Autoencoder,Jack Carlos Cannon,Jack.Carlos.Cannon@dtaa.com,ITAdmin,1,1 - Adminstration,6 - Security,2 - ElectronicSecurity,Frances Alisa Wiggins,2011-05.csv
JCC0225,2010-01-06,4.0,4.0,2.0,4.0,0.0,0.0,0.0,0.0,0.0,0.0,0.0,0.0,0.0,0.0,0.0,0.0,0.0,0.0,0.0,0.0,0.0,0.0,0.0,0.0,0.0,0.0,0.0,0.0,35,Logon activity outside working hours; Multiple PCs used for logon,1,0.11963737991674617,0,0.10117491346811198,0.697005956229538,0,35,medium,Logon activity outside working hours; Multiple PCs used for logon,Jack Carlos Cannon,Jack.Carlos.Cannon@dtaa.com,ITAdmin,1,1 - Adminstration,6 - Security,2 - ElectronicSecurity,Frances Alisa Wiggins,2011-05.csv
JCC0225,2010-01-07,3.0,3.0,4.0,3.0,0.0,0.0,0.0,0.0,0.0,0.0,0.0,0.0,0.0,0.0,0.0,0.0,0.0,0.0,0.0,0.0,0.0,0.0,0.0,0.0,0.0,0.0,0.0,0.0,35,Logon activity outside working hours; Multiple PCs used for logon,1,0.1341275347966155,0,0.12118637963412873,0.697005956229538,0,35,medium,Logon activity outside working hours; Multiple PCs used for logon,Jack Carlos Cannon,Jack.Carlos.Cannon@dtaa.com,ITAdmin,1,1 - Adminstration,6 - Security,2 - ElectronicSecurity,Frances Alisa Wiggins,2011-05.csv
JCG0316,2010-01-04,2.0,2.0,0.0,2.0,4.0,2.0,2.0,0.0,1.0,9.0,0.0,9.0,1.0,9.0,0.0,9.0,9.0,1.0,15.0,0.0,441114.0,29407.6,6.0,5.0,25.0,13.0,9.0,1.0,15,USB activity detected,-1,-0.029424427850746393,1,0.5402598487100235,0.697005956229538,0,55,medium,USB activity detected; AI anomaly detected by Isolation Forest,Josiah Chester Gray,Josiah.Chester.Gray@dtaa.com,Salesman,1,5 - SalesAndMarketing,2 - Sales,1 - RegionalSales,Meredith Ainsley Wolf,2011-05.csv
JCG0316,2010-01-05,2.0,1.0,0.0,1.0,4.0,2.0,2.0,0.0,1.0,9.0,0.0,9.0,1.0,0.0,0.0,0.0,0.0,0.0,5.0,0.0,196633.0,39326.6,1.0,1.0,10.0,3.0,2.0,1.0,15,USB activity detected,1,0.09376699205263328,0,0.1552388972391941,0.697005956229538,0,15,low,USB activity detected,Josiah Chester Gray,Josiah.Chester.Gray@dtaa.com,Salesman,1,5 - SalesAndMarketing,2 - Sales,1 - RegionalSales,Meredith Ainsley Wolf,2011-05.csv
JCG0316,2010-01-06,1.0,1.0,0.0,1.0,8.0,4.0,4.0,0.0,1.0,8.0,0.0,8.0,1.0,0.0,0.0,0.0,0.0,0.0,0.0,0.0,0.0,0.0,0.0,0.0,0.0,0.0,0.0,0.0,15,USB activity detected,1,0.18682955821226177,0,0.04509872282111055,0.697005956229538,0,15,low,USB activity detected,Josiah Chester Gray,Josiah.Chester.Gray@dtaa.com,Salesman,1,5 - SalesAndMarketing,2 - Sales,1 - RegionalSales,Meredith Ainsley Wolf,2011-05.csv
JCG0316,2010-01-07,2.0,1.0,0.0,1.0,2.0,1.0,1.0,0.0,1.0,7.0,0.0,7.0,1.0,0.0,0.0,0.0,0.0,0.0,0.0,0.0,0.0,0.0,0.0,0.0,0.0,0.0,0.0,0.0,15,USB activity detected,1,0.21921125095374405,0,0.06903675003224116,0.697005956229538,0,15,low,USB activity detected,Josiah Chester Gray,Josiah.Chester.Gray@dtaa.com,Salesman,1,5 - SalesAndMarketing,2 - Sales,1 - RegionalSales,Meredith Ainsley Wolf,2011-05.csv
JCG0316,2010-01-11,0.0,0.0,0.0,0.0,4.0,2.0,2.0,0.0,1.0,8.0,0.0,8.0,1.0,0.0,0.0,0.0,0.0,0.0,0.0,0.0,0.0,0.0,0.0,0.0,0.0,0.0,0.0,0.0,15,USB activity detected,1,0.21621905950761322,0,0.023923954802363114,0.697005956229538,0,15,low,USB activity detected,Josiah Chester Gray,Josiah.Chester.Gray@dtaa.com,Salesman,1,5 - SalesAndMarketing,2 - Sales,1 - RegionalSales,Meredith Ainsley Wolf,2011-05.csv
JCG0316,2010-01-12,0.0,0.0,0.0,0.0,6.0,3.0,3.0,0.0,1.0,6.0,0.0,6.0,1.0,0.0,0.0,0.0,0.0,0.0,0.0,0.0,0.0,0.0,0.0,0.0,0.0,0.0,0.0,0.0,15,USB activity detected,1,0.20918704781614778,0,0.02541740156256517,0.697005956229538,0,15,low,USB activity detected,Josiah Chester Gray,Josiah.Chester.Gray@dtaa.com,Salesman,1,5 - SalesAndMarketing,2 - Sales,1 - RegionalSales,Meredith Ainsley Wolf,2011-05.csv
JCG0316,2010-01-13,0.0,0.0,0.0,0.0,4.0,2.0,2.0,0.0,1.0,0.0,0.0,0.0,0.0,0.0,0.0,0.0,0.0,0.0,0.0,0.0,0.0,0.0,0.0,0.0,0.0,0.0,0.0,0.0,15,USB activity detected,1,0.24050968498880276,0,0.029387747032837967,0.697005956229538,0,15,low,USB activity detected,Josiah Chester Gray,Josiah.Chester.Gray@dtaa.com,Salesman,1,5 - SalesAndMarketing,2 - Sales,1 - RegionalSales,Meredith Ainsley Wolf,2011-05.csv
JCR0172,2010-01-02,1.0,1.0,0.0,1.0,2.0,1.0,1.0,0.0,1.0,0.0,0.0,0.0,0.0,162.0,0.0,9.0,9.0,1.0,10.0,0.0,280638.0,28063.8,4.0,3.0,16.0,11.0,5.0,1.0,15,USB activity detected,1,0.06539570783450022,0,2.049222170499005,0.697005956229538,1,45,medium,USB activity detected; AI anomaly detected by TensorFlow Autoencoder,Jaquelyn Cassandra Roberson,Jaquelyn.Cassandra.Roberson@dtaa.com,Salesman,1,5 - SalesAndMarketing,2 - Sales,1 - RegionalSales,Meredith Ainsley Wolf,2011-05.csv
JCR0172,2010-01-06,2.0,1.0,0.0,1.0,2.0,1.0,1.0,0.0,1.0,6.0,0.0,6.0,1.0,0.0,0.0,0.0,0.0,0.0,0.0,0.0,0.0,0.0,0.0,0.0,0.0,0.0,0.0,0.0,15,USB activity detected,1,0.2272330611977142,0,0.072241260561706,0.697005956229538,0,15,low,USB activity detected,Jaquelyn Cassandra Roberson,Jaquelyn.Cassandra.Roberson@dtaa.com,Salesman,1,5 - SalesAndMarketing,2 - Sales,1 - RegionalSales,Meredith Ainsley Wolf,2011-05.csv
JCR0172,2010-01-08,0.0,0.0,0.0,0.0,2.0,1.0,1.0,0.0,1.0,7.0,0.0,7.0,1.0,0.0,0.0,0.0,0.0,0.0,0.0,0.0,0.0,0.0,0.0,0.0,0.0,0.0,0.0,0.0,15,USB activity detected,1,0.21587164789847074,0,0.02690292616353593,0.697005956229538,0,15,low,USB activity detected,Jaquelyn Cassandra Roberson,Jaquelyn.Cassandra.Roberson@dtaa.com,Salesman,1,5 - SalesAndMarketing,2 - Sales,1 - RegionalSales,Meredith Ainsley Wolf,2011-05.csv
JCR0172,2010-01-09,0.0,0.0,0.0,0.0,4.0,2.0,2.0,0.0,1.0,3.0,0.0,3.0,1.0,0.0,0.0,0.0,0.0,0.0,0.0,0.0,0.0,0.0,0.0,0.0,0.0,0.0,0.0,0.0,15,USB activity detected,1,0.2308861893688779,0,0.03367677648907804,0.697005956229538,0,15,low,USB activity detected,Jaquelyn Cassandra Roberson,Jaquelyn.Cassandra.Roberson@dtaa.com,Salesman,1,5 - SalesAndMarketing,2 - Sales,1 - RegionalSales,Meredith Ainsley Wolf,2011-05.csv
JCR0172,2010-01-11,0.0,0.0,0.0,0.0,2.0,1.0,1.0,0.0,1.0,0.0,0.0,0.0,0.0,0.0,0.0,0.0,0.0,0.0,0.0,0.0,0.0,0.0,0.0,0.0,0.0,0.0,0.0,0.0,15,USB activity detected,1,0.24138913393585137,0,0.034578884745784924,0.697005956229538,0,15,low,USB activity detected,Jaquelyn Cassandra Roberson,Jaquelyn.Cassandra.Roberson@dtaa.com,Salesman,1,5 - SalesAndMarketing,2 - Sales,1 - RegionalSales,Meredith Ainsley Wolf,2011-05.csv
JDB0169,2010-01-04,2.0,1.0,0.0,1.0,16.0,8.0,8.0,0.0,1.0,24.0,0.0,24.0,1.0,0.0,0.0,0.0,0.0,0.0,14.0,0.0,394343.0,28167.35714285714,0.0,0.0,21.0,8.0,0.0,1.0,45,USB activity detected; High file copy activity,1,0.014578481288059053,0,0.4723056910464606,0.697005956229538,0,45,medium,USB activity detected; High file copy activity,Jonah Dakota Bird,Jonah.Dakota.Bird@dtaa.com,Salesman,1,5 - SalesAndMarketing,2 - Sales,1 - RegionalSales,Meredith Ainsley Wolf,2011-05.csv
JDB0169,2010-01-05,2.0,1.0,0.0,1.0,12.0,6.0,6.0,0.0,1.0,22.0,0.0,22.0,1.0,0.0,0.0,0.0,0.0,0.0,7.0,0.0,198486.0,28355.14285714286,1.0,1.0,9.0,2.0,0.0,1.0,45,USB activity detected; High file copy activity,1,0.0470818635272231,0,0.12762281455999577,0.697005956229538,0,45,medium,USB activity detected; High file copy activity,Jonah Dakota Bird,Jonah.Dakota.Bird@dtaa.com,Salesman,1,5 - SalesAndMarketing,2 - Sales,1 - RegionalSales,Meredith Ainsley Wolf,2011-05.csv
JDB0169,2010-01-06,1.0,1.0,0.0,1.0,16.0,8.0,8.0,0.0,1.0,15.0,0.0,15.0,1.0,0.0,0.0,0.0,0.0,0.0,0.0,0.0,0.0,0.0,0.0,0.0,0.0,0.0,0.0,0.0,15,USB activity detected,1,0.1326666208316275,0,0.07976765548378077,0.697005956229538,0,15,low,USB activity detected,Jonah Dakota Bird,Jonah.Dakota.Bird@dtaa.com,Salesman,1,5 - SalesAndMarketing,2 - Sales,1 - RegionalSales,Meredith Ainsley Wolf,2011-05.csv
JDB0169,2010-01-07,2.0,1.0,0.0,1.0,14.0,7.0,7.0,0.0,1.0,25.0,0.0,25.0,1.0,0.0,0.0,0.0,0.0,0.0,0.0,0.0,0.0,0.0,0.0,0.0,0.0,0.0,0.0,0.0,45,USB activity detected; High file copy activity,1,0.0927127534535378,0,0.07892568741231967,0.697005956229538,0,45,medium,USB activity detected; High file copy activity,Jonah Dakota Bird,Jonah.Dakota.Bird@dtaa.com,Salesman,1,5 - SalesAndMarketing,2 - Sales,1 - RegionalSales,Meredith Ainsley Wolf,2011-05.csv
JDB0169,2010-01-08,0.0,0.0,0.0,0.0,18.0,9.0,9.0,0.0,1.0,23.0,0.0,23.0,1.0,0.0,0.0,0.0,0.0,0.0,0.0,0.0,0.0,0.0,0.0,0.0,0.0,0.0,0.0,0.0,45,USB activity detected; High file copy activity,1,0.09831752621263734,0,0.06625378783254582,0.697005956229538,0,45,medium,USB activity detected; High file copy activity,Jonah Dakota Bird,Jonah.Dakota.Bird@dtaa.com,Salesman,1,5 - SalesAndMarketing,2 - Sales,1 - RegionalSales,Meredith Ainsley Wolf,2011-05.csv
JDB0169,2010-01-11,0.0,0.0,0.0,0.0,11.0,6.0,5.0,0.0,1.0,15.0,0.0,15.0,1.0,0.0,0.0,0.0,0.0,0.0,0.0,0.0,0.0,0.0,0.0,0.0,0.0,0.0,0.0,0.0,15,USB activity detected,1,0.1405979228673166,0,0.04539159997357789,0.697005956229538,0,15,low,USB activity detected,Jonah Dakota Bird,Jonah.Dakota.Bird@dtaa.com,Salesman,1,5 - SalesAndMarketing,2 - Sales,1 - RegionalSales,Meredith Ainsley Wolf,2011-05.csv
JDB0169,2010-01-12,0.0,0.0,0.0,0.0,14.0,7.0,7.0,0.0,1.0,20.0,0.0,20.0,1.0,0.0,0.0,0.0,0.0,0.0,0.0,0.0,0.0,0.0,0.0,0.0,0.0,0.0,0.0,0.0,15,USB activity detected,1,0.11413332180007885,0,0.08525926147565872,0.697005956229538,0,15,low,USB activity detected,Jonah Dakota Bird,Jonah.Dakota.Bird@dtaa.com,Salesman,1,5 - SalesAndMarketing,2 - Sales,1 - RegionalSales,Meredith Ainsley Wolf,2011-05.csv
JDB0169,2010-01-13,0.0,0.0,0.0,0.0,10.0,5.0,5.0,0.0,1.0,0.0,0.0,0.0,0.0,0.0,0.0,0.0,0.0,0.0,0.0,0.0,0.0,0.0,0.0,0.0,0.0,0.0,0.0,0.0,15,USB activity detected,1,0.18212522523809294,0,0.026785746186875715,0.697005956229538,0,15,low,USB activity detected,Jonah Dakota Bird,Jonah.Dakota.Bird@dtaa.com,Salesman,1,5 - SalesAndMarketing,2 - Sales,1 - RegionalSales,Meredith Ainsley Wolf,2011-05.csv
JDC0030,2010-01-02,2.0,1.0,0.0,1.0,2.0,1.0,1.0,0.0,1.0,4.0,0.0,4.0,1.0,114.0,0.0,50.0,44.0,1.0,10.0,0.0,292393.0,29239.3,4.0,3.0,17.0,5.0,0.0,1.0,15,USB activity detected,1,0.007935685355725752,0,0.6267587982316334,0.697005956229538,0,15,low,USB activity detected,Jenna Darrel Charles,Jenna.Darrel.Charles@dtaa.com,AdministrativeAssistant,1,1 - Adminstration,6 - Security,,Fatima Ulla Mcclure,2011-05.csv
JDC0030,2010-01-03,2.0,1.0,0.0,1.0,0.0,0.0,0.0,0.0,0.0,0.0,0.0,0.0,0.0,114.0,0.0,62.0,54.0,1.0,10.0,0.0,275714.0,27571.4,17.0,6.0,20.0,5.0,0.0,1.0,0,,1,0.028560205187035947,0,1.1497125591015918,0.697005956229538,1,30,low,AI anomaly detected by TensorFlow Autoencoder,Jenna Darrel Charles,Jenna.Darrel.Charles@dtaa.com,AdministrativeAssistant,1,1 - Adminstration,6 - Security,,Fatima Ulla Mcclure,2011-05.csv
JDC0030,2010-01-05,2.0,1.0,0.0,1.0,2.0,1.0,1.0,0.0,1.0,7.0,0.0,7.0,1.0,0.0,0.0,0.0,0.0,0.0,2.0,0.0,47779.0,23889.5,4.0,1.0,4.0,1.0,0.0,1.0,15,USB activity detected,1,0.14775430052306554,0,0.13404779999358651,0.697005956229538,0,15,low,USB activity detected,Jenna Darrel Charles,Jenna.Darrel.Charles@dtaa.com,AdministrativeAssistant,1,1 - Adminstration,6 - Security,,Fatima Ulla Mcclure,2011-05.csv
JDC0030,2010-01-06,2.0,1.0,0.0,1.0,4.0,2.0,2.0,0.0,1.0,3.0,0.0,3.0,1.0,0.0,0.0,0.0,0.0,0.0,0.0,0.0,0.0,0.0,0.0,0.0,0.0,0.0,0.0,0.0,15,USB activity detected,1,0.2310312203707111,0,0.08434180734293042,0.697005956229538,0,15,low,USB activity detected,Jenna Darrel Charles,Jenna.Darrel.Charles@dtaa.com,AdministrativeAssistant,1,1 - Adminstration,6 - Security,,Fatima Ulla Mcclure,2011-05.csv
JDC0030,2010-01-08,0.0,0.0,0.0,0.0,2.0,1.0,1.0,0.0,1.0,3.0,0.0,3.0,1.0,0.0,0.0,0.0,0.0,0.0,0.0,0.0,0.0,0.0,0.0,0.0,0.0,0.0,0.0,0.0,15,USB activity detected,1,0.22764297473751488,0,0.03607755261692584,0.697005956229538,0,15,low,USB activity detected,Jenna Darrel Charles,Jenna.Darrel.Charles@dtaa.com,AdministrativeAssistant,1,1 - Adminstration,6 - Security,,Fatima Ulla Mcclure,2011-05.csv
JDF0593,2010-01-04,2.0,1.0,0.0,1.0,18.0,9.0,9.0,0.0,1.0,0.0,0.0,0.0,0.0,0.0,0.0,0.0,0.0,0.0,1.0,0.0,32419.0,32419.0,0.0,0.0,2.0,2.0,1.0,1.0,15,USB activity detected,1,0.11217106822215217,0,0.16187470443472002,0.697005956229538,0,15,low,USB activity detected,Jameson Damian Franco,Jameson.Damian.Franco@dtaa.com,ProductionLineWorker,1,3 - Manufacturing,3 - Assembly,3 - AssemblyDept,Whilemina Pandora England,2011-05.csv
JDF0593,2010-01-05,2.0,1.0,0.0,1.0,18.0,9.0,9.0,0.0,1.0,3.0,0.0,3.0,1.0,0.0,0.0,0.0,0.0,0.0,0.0,0.0,0.0,0.0,0.0,0.0,0.0,0.0,0.0,0.0,15,USB activity detected,1,0.13686112265160405,0,0.10527219999216023,0.697005956229538,0,15,low,USB activity detected,Jameson Damian Franco,Jameson.Damian.Franco@dtaa.com,ProductionLineWorker,1,3 - Manufacturing,3 - Assembly,3 - AssemblyDept,Whilemina Pandora England,2011-05.csv
JDF0593,2010-01-06,2.0,1.0,1.0,1.0,18.0,9.0,9.0,0.0,1.0,0.0,0.0,0.0,0.0,0.0,0.0,0.0,0.0,0.0,0.0,0.0,0.0,0.0,0.0,0.0,0.0,0.0,0.0,0.0,35,Logon activity outside working hours; USB activity detected,1,0.09685612344046957,0,0.0764062569205332,0.697005956229538,0,35,medium,Logon activity outside working hours; USB activity detected,Jameson Damian Franco,Jameson.Damian.Franco@dtaa.com,ProductionLineWorker,1,3 - Manufacturing,3 - Assembly,3 - AssemblyDept,Whilemina Pandora England,2011-05.csv
JDF0593,2010-01-07,2.0,1.0,1.0,1.0,18.0,9.0,9.0,0.0,1.0,0.0,0.0,0.0,0.0,0.0,0.0,0.0,0.0,0.0,0.0,0.0,0.0,0.0,0.0,0.0,0.0,0.0,0.0,0.0,35,Logon activity outside working hours; USB activity detected,1,0.09685612344046957,0,0.0764062569205332,0.697005956229538,0,35,medium,Logon activity outside working hours; USB activity detected,Jameson Damian Franco,Jameson.Damian.Franco@dtaa.com,ProductionLineWorker,1,3 - Manufacturing,3 - Assembly,3 - AssemblyDept,Whilemina Pandora England,2011-05.csv
JDF0593,2010-01-08,0.0,0.0,0.0,0.0,18.0,9.0,9.0,0.0,1.0,0.0,0.0,0.0,0.0,0.0,0.0,0.0,0.0,0.0,0.0,0.0,0.0,0.0,0.0,0.0,0.0,0.0,0.0,0.0,15,USB activity detected,1,0.1353685565527865,0,0.0331418890848386,0.697005956229538,0,15,low,USB activity detected,Jameson Damian Franco,Jameson.Damian.Franco@dtaa.com,ProductionLineWorker,1,3 - Manufacturing,3 - Assembly,3 - AssemblyDept,Whilemina Pandora England,2011-05.csv
JDF0593,2010-01-09,0.0,0.0,0.0,0.0,18.0,9.0,9.0,0.0,1.0,2.0,0.0,2.0,1.0,0.0,0.0,0.0,0.0,0.0,0.0,0.0,0.0,0.0,0.0,0.0,0.0,0.0,0.0,0.0,15,USB activity detected,1,0.1366240381960085,0,0.05225475334641123,0.697005956229538,0,15,low,USB activity detected,Jameson Damian Franco,Jameson.Damian.Franco@dtaa.com,ProductionLineWorker,1,3 - Manufacturing,3 - Assembly,3 - AssemblyDept,Whilemina Pandora England,2011-05.csv
JDF0593,2010-01-11,0.0,0.0,0.0,0.0,12.0,6.0,6.0,0.0,1.0,4.0,0.0,4.0,1.0,0.0,0.0,0.0,0.0,0.0,0.0,0.0,0.0,0.0,0.0,0.0,0.0,0.0,0.0,0.0,15,USB activity detected,1,0.17174677237155478,0,0.032868909490030775,0.697005956229538,0,15,low,USB activity detected,Jameson Damian Franco,Jameson.Damian.Franco@dtaa.com,ProductionLineWorker,1,3 - Manufacturing,3 - Assembly,3 - AssemblyDept,Whilemina Pandora England,2011-05.csv
JDF0593,2010-01-12,0.0,0.0,0.0,0.0,18.0,9.0,9.0,0.0,1.0,0.0,0.0,0.0,0.0,0.0,0.0,0.0,0.0,0.0,0.0,0.0,0.0,0.0,0.0,0.0,0.0,0.0,0.0,0.0,15,USB activity detected,1,0.1353685565527865,0,0.0331418890848386,0.697005956229538,0,15,low,USB activity detected,Jameson Damian Franco,Jameson.Damian.Franco@dtaa.com,ProductionLineWorker,1,3 - Manufacturing,3 - Assembly,3 - AssemblyDept,Whilemina Pandora England,2011-05.csv
JDF0593,2010-01-13,0.0,0.0,0.0,0.0,8.0,4.0,4.0,0.0,1.0,0.0,0.0,0.0,0.0,0.0,0.0,0.0,0.0,0.0,0.0,0.0,0.0,0.0,0.0,0.0,0.0,0.0,0.0,0.0,15,USB activity detected,1,0.19727497896406737,0,0.026766841620095603,0.697005956229538,0,15,low,USB activity detected,Jameson Damian Franco,Jameson.Damian.Franco@dtaa.com,ProductionLineWorker,1,3 - Manufacturing,3 - Assembly,3 - AssemblyDept,Whilemina Pandora England,2011-05.csv
JFC0557,2010-01-04,2.0,1.0,0.0,1.0,6.0,3.0,3.0,0.0,1.0,9.0,0.0,9.0,1.0,0.0,0.0,0.0,0.0,0.0,9.0,0.0,299017.0,33224.11111111111,9.0,4.0,18.0,4.0,0.0,1.0,15,USB activity detected,1,0.07235106489065324,0,0.2054672682169108,0.697005956229538,0,15,low,USB activity detected,Jade Felicia Caldwell,Jade.Felicia.Caldwell@dtaa.com,SoftwareEngineer,1,2 - ResearchAndEngineering,2 - SoftwareManagement,3 - Software,Stephanie Briar Harrington,2011-05.csv
JFC0557,2010-01-05,2.0,1.0,0.0,1.0,4.0,2.0,2.0,0.0,1.0,3.0,0.0,3.0,1.0,0.0,0.0,0.0,0.0,0.0,0.0,0.0,0.0,0.0,0.0,0.0,0.0,0.0,0.0,0.0,15,USB activity detected,1,0.2310312203707111,0,0.08434180734293042,0.697005956229538,0,15,low,USB activity detected,Jade Felicia Caldwell,Jade.Felicia.Caldwell@dtaa.com,SoftwareEngineer,1,2 - ResearchAndEngineering,2 - SoftwareManagement,3 - Software,Stephanie Briar Harrington,2011-05.csv
JFC0557,2010-01-06,1.0,1.0,0.0,1.0,8.0,4.0,4.0,0.0,1.0,7.0,0.0,7.0,1.0,0.0,0.0,0.0,0.0,0.0,0.0,0.0,0.0,0.0,0.0,0.0,0.0,0.0,0.0,0.0,15,USB activity detected,1,0.1944275606965874,0,0.04669290680178152,0.697005956229538,0,15,low,USB activity detected,Jade Felicia Caldwell,Jade.Felicia.Caldwell@dtaa.com,SoftwareEngineer,1,2 - ResearchAndEngineering,2 - SoftwareManagement,3 - Software,Stephanie Briar Harrington,2011-05.csv
JFC0557,2010-01-07,2.0,0.0,0.0,1.0,10.0,5.0,5.0,0.0,1.0,10.0,0.0,10.0,1.0,0.0,0.0,0.0,0.0,0.0,0.0,0.0,0.0,0.0,0.0,0.0,0.0,0.0,0.0,0.0,15,USB activity detected,1,0.16317634036946554,0,0.11340600605100119,0.697005956229538,0,15,low,USB activity detected,Jade Felicia Caldwell,Jade.Felicia.Caldwell@dtaa.com,SoftwareEngineer,1,2 - ResearchAndEngineering,2 - SoftwareManagement,3 - Software,Stephanie Briar Harrington,2011-05.csv
JFC0557,2010-01-08,0.0,0.0,0.0,0.0,8.0,4.0,4.0,0.0,1.0,7.0,0.0,7.0,1.0,0.0,0.0,0.0,0.0,0.0,0.0,0.0,0.0,0.0,0.0,0.0,0.0,0.0,0.0,0.0,15,USB activity detected,1,0.19058566804133442,0,0.024447643418972397,0.697005956229538,0,15,low,USB activity detected,Jade Felicia Caldwell,Jade.Felicia.Caldwell@dtaa.com,SoftwareEngineer,1,2 - ResearchAndEngineering,2 - SoftwareManagement,3 - Software,Stephanie Briar Harrington,2011-05.csv
JFC0557,2010-01-11,0.0,0.0,0.0,0.0,8.0,4.0,4.0,0.0,1.0,9.0,0.0,9.0,1.0,0.0,0.0,0.0,0.0,0.0,0.0,0.0,0.0,0.0,0.0,0.0,0.0,0.0,0.0,0.0,15,USB activity detected,1,0.1778493997079696,0,0.023897734474351166,0.697005956229538,0,15,low,USB activity detected,Jade Felicia Caldwell,Jade.Felicia.Caldwell@dtaa.com,SoftwareEngineer,1,2 - ResearchAndEngineering,2 - SoftwareManagement,3 - Software,Stephanie Briar Harrington,2011-05.csv
JFC0557,2010-01-12,0.0,0.0,0.0,0.0,6.0,3.0,3.0,0.0,1.0,3.0,0.0,3.0,1.0,0.0,0.0,0.0,0.0,0.0,0.0,0.0,0.0,0.0,0.0,0.0,0.0,0.0,0.0,0.0,15,USB activity detected,1,0.2141777637312171,0,0.03250715148939502,0.697005956229538,0,15,low,USB activity detected,Jade Felicia Caldwell,Jade.Felicia.Caldwell@dtaa.com,SoftwareEngineer,1,2 - ResearchAndEngineering,2 - SoftwareManagement,3 - Software,Stephanie Briar Harrington,2011-05.csv
JFC0557,2010-01-13,0.0,0.0,0.0,0.0,4.0,2.0,2.0,0.0,1.0,0.0,0.0,0.0,0.0,0.0,0.0,0.0,0.0,0.0,0.0,0.0,0.0,0.0,0.0,0.0,0.0,0.0,0.0,0.0,15,USB activity detected,1,0.24050968498880276,0,0.029387747032837967,0.697005956229538,0,15,low,USB activity detected,Jade Felicia Caldwell,Jade.Felicia.Caldwell@dtaa.com,SoftwareEngineer,1,2 - ResearchAndEngineering,2 - SoftwareManagement,3 - Software,Stephanie Briar Harrington,2011-05.csv
JGT0221,2010-01-04,6.0,6.0,6.0,6.0,0.0,0.0,0.0,0.0,0.0,0.0,0.0,0.0,0.0,19.0,0.0,16.0,15.0,1.0,10.0,0.0,291238.0,29123.8,9.0,5.0,20.0,3.0,0.0,1.0,35,Logon activity outside working hours; Multiple PCs used for logon,-1,-0.046326255642932135,1,0.7748543016789354,0.697005956229538,1,100,critical,Logon activity outside working hours; Multiple PCs used for logon; AI anomaly detected by Isolation Forest; AI anomaly detected by TensorFlow Autoencoder,Jonathan Gary Terry,Jonathan.Gary.Terry@dtaa.com,ITAdmin,1,1 - Adminstration,6 - Security,2 - ElectronicSecurity,Frances Alisa Wiggins,2010-06.csv
JGT0221,2010-01-05,5.0,5.0,4.0,5.0,0.0,0.0,0.0,0.0,0.0,0.0,0.0,0.0,0.0,0.0,0.0,0.0,0.0,0.0,1.0,0.0,27683.0,27683.0,0.0,0.0,1.0,0.0,0.0,1.0,35,Logon activity outside working hours; Multiple PCs used for logon,1,0.06530172523921463,0,0.10407614772524607,0.697005956229538,0,35,medium,Logon activity outside working hours; Multiple PCs used for logon,Jonathan Gary Terry,Jonathan.Gary.Terry@dtaa.com,ITAdmin,1,1 - Adminstration,6 - Security,2 - ElectronicSecurity,Frances Alisa Wiggins,2010-06.csv
JGT0221,2010-01-06,3.0,3.0,0.0,3.0,0.0,0.0,0.0,0.0,0.0,0.0,0.0,0.0,0.0,0.0,0.0,0.0,0.0,0.0,0.0,0.0,0.0,0.0,0.0,0.0,0.0,0.0,0.0,0.0,15,Multiple PCs used for logon,1,0.20284253372635475,0,0.1905053484164695,0.697005956229538,0,15,low,Multiple PCs used for logon,Jonathan Gary Terry,Jonathan.Gary.Terry@dtaa.com,ITAdmin,1,1 - Adminstration,6 - Security,2 - ElectronicSecurity,Frances Alisa Wiggins,2010-06.csv
JGT0221,2010-01-07,4.0,4.0,4.0,4.0,0.0,0.0,0.0,0.0,0.0,0.0,0.0,0.0,0.0,0.0,0.0,0.0,0.0,0.0,0.0,0.0,0.0,0.0,0.0,0.0,0.0,0.0,0.0,0.0,35,Logon activity outside working hours; Multiple PCs used for logon,1,0.09526591477003044,0,0.04874818224562555,0.697005956229538,0,35,medium,Logon activity outside working hours; Multiple PCs used for logon,Jonathan Gary Terry,Jonathan.Gary.Terry@dtaa.com,ITAdmin,1,1 - Adminstration,6 - Security,2 - ElectronicSecurity,Frances Alisa Wiggins,2010-06.csv
JHP0583,2010-01-04,2.0,1.0,0.0,1.0,2.0,1.0,1.0,0.0,1.0,7.0,0.0,7.0,1.0,0.0,0.0,0.0,0.0,0.0,1.0,0.0,22748.0,22748.0,0.0,0.0,1.0,1.0,0.0,1.0,15,USB activity detected,1,0.16908649792323094,0,0.10690308430072021,0.697005956229538,0,15,low,USB activity detected,Jorden Helen Pierce,Jorden.Helen.Pierce@dtaa.com,ProductionLineWorker,1,3 - Manufacturing,3 - Assembly,3 - AssemblyDept,Whilemina Pandora England,2011-05.csv
JHP0583,2010-01-05,1.0,1.0,0.0,1.0,6.0,3.0,3.0,0.0,1.0,3.0,0.0,3.0,1.0,0.0,0.0,0.0,0.0,0.0,0.0,0.0,0.0,0.0,0.0,0.0,0.0,0.0,0.0,0.0,15,USB activity detected,1,0.22533945786541815,0,0.0576221367679816,0.697005956229538,0,15,low,USB activity detected,Jorden Helen Pierce,Jorden.Helen.Pierce@dtaa.com,ProductionLineWorker,1,3 - Manufacturing,3 - Assembly,3 - AssemblyDept,Whilemina Pandora England,2011-05.csv
JHP0583,2010-01-06,2.0,1.0,0.0,1.0,4.0,2.0,2.0,0.0,1.0,4.0,0.0,4.0,1.0,0.0,0.0,0.0,0.0,0.0,0.0,0.0,0.0,0.0,0.0,0.0,0.0,0.0,0.0,0.0,15,USB activity detected,1,0.22819276313157616,0,0.08029069661490533,0.697005956229538,0,15,low,USB activity detected,Jorden Helen Pierce,Jorden.Helen.Pierce@dtaa.com,ProductionLineWorker,1,3 - Manufacturing,3 - Assembly,3 - AssemblyDept,Whilemina Pandora England,2011-05.csv
JHP0583,2010-01-07,2.0,0.0,0.0,1.0,4.0,2.0,2.0,0.0,1.0,2.0,0.0,2.0,1.0,0.0,0.0,0.0,0.0,0.0,0.0,0.0,0.0,0.0,0.0,0.0,0.0,0.0,0.0,0.0,15,USB activity detected,1,0.21817483763892537,0,0.11312391791688525,0.697005956229538,0,15,low,USB activity detected,Jorden Helen Pierce,Jorden.Helen.Pierce@dtaa.com,ProductionLineWorker,1,3 - Manufacturing,3 - Assembly,3 - AssemblyDept,Whilemina Pandora England,2011-05.csv
JHP0583,2010-01-08,0.0,0.0,0.0,0.0,8.0,4.0,4.0,0.0,1.0,5.0,0.0,5.0,1.0,0.0,0.0,0.0,0.0,0.0,0.0,0.0,0.0,0.0,0.0,0.0,0.0,0.0,0.0,0.0,15,USB activity detected,1,0.19275973842598748,0,0.02764408548253236,0.697005956229538,0,15,low,USB activity detected,Jorden Helen Pierce,Jorden.Helen.Pierce@dtaa.com,ProductionLineWorker,1,3 - Manufacturing,3 - Assembly,3 - AssemblyDept,Whilemina Pandora England,2011-05.csv
JHP0583,2010-01-09,0.0,0.0,0.0,0.0,2.0,1.0,1.0,0.0,1.0,3.0,0.0,3.0,1.0,0.0,0.0,0.0,0.0,0.0,0.0,0.0,0.0,0.0,0.0,0.0,0.0,0.0,0.0,0.0,15,USB activity detected,1,0.22764297473751488,0,0.03607755261692584,0.697005956229538,0,15,low,USB activity detected,Jorden Helen Pierce,Jorden.Helen.Pierce@dtaa.com,ProductionLineWorker,1,3 - Manufacturing,3 - Assembly,3 - AssemblyDept,Whilemina Pandora England,2011-05.csv
JHP0583,2010-01-11,0.0,0.0,0.0,0.0,4.0,2.0,2.0,0.0,1.0,3.0,0.0,3.0,1.0,0.0,0.0,0.0,0.0,0.0,0.0,0.0,0.0,0.0,0.0,0.0,0.0,0.0,0.0,0.0,15,USB activity detected,1,0.2308861893688779,0,0.03367677648907804,0.697005956229538,0,15,low,USB activity detected,Jorden Helen Pierce,Jorden.Helen.Pierce@dtaa.com,ProductionLineWorker,1,3 - Manufacturing,3 - Assembly,3 - AssemblyDept,Whilemina Pandora England,2011-05.csv
JHP0583,2010-01-12,0.0,0.0,0.0,0.0,4.0,2.0,2.0,0.0,1.0,2.0,0.0,2.0,1.0,0.0,0.0,0.0,0.0,0.0,0.0,0.0,0.0,0.0,0.0,0.0,0.0,0.0,0.0,0.0,15,USB activity detected,1,0.2290339102880541,0,0.037354675290764694,0.697005956229538,0,15,low,USB activity detected,Jorden Helen Pierce,Jorden.Helen.Pierce@dtaa.com,ProductionLineWorker,1,3 - Manufacturing,3 - Assembly,3 - AssemblyDept,Whilemina Pandora England,2011-05.csv
JHP0583,2010-01-13,0.0,0.0,0.0,0.0,6.0,3.0,3.0,0.0,1.0,0.0,0.0,0.0,0.0,0.0,0.0,0.0,0.0,0.0,0.0,0.0,0.0,0.0,0.0,0.0,0.0,0.0,0.0,0.0,15,USB activity detected,1,0.21255883227265943,0,0.027228099363080988,0.697005956229538,0,15,low,USB activity detected,Jorden Helen Pierce,Jorden.Helen.Pierce@dtaa.com,ProductionLineWorker,1,3 - Manufacturing,3 - Assembly,3 - AssemblyDept,Whilemina Pandora England,2011-05.csv
JJH0613,2010-01-04,2.0,2.0,0.0,2.0,8.0,4.0,4.0,0.0,1.0,9.0,0.0,9.0,1.0,0.0,0.0,0.0,0.0,0.0,15.0,0.0,442619.0,29507.933333333334,8.0,6.0,25.0,7.0,0.0,1.0,15,USB activity detected,1,0.0033642117230235913,0,0.30334720297471174,0.697005956229538,0,15,low,USB activity detected,Jael Jennifer Hansen,Jael.Jennifer.Hansen@dtaa.com,Salesman,1,5 - SalesAndMarketing,2 - Sales,3 - RegionalSales,Winter Veda Burks,2011-05.csv
JJH0613,2010-01-05,2.0,1.0,0.0,1.0,6.0,3.0,3.0,0.0,1.0,2.0,0.0,2.0,1.0,0.0,0.0,0.0,0.0,0.0,1.0,0.0,22113.0,22113.0,0.0,0.0,1.0,0.0,0.0,1.0,15,USB activity detected,1,0.15731422525516453,0,0.11141008699850521,0.697005956229538,0,15,low,USB activity detected,Jael Jennifer Hansen,Jael.Jennifer.Hansen@dtaa.com,Salesman,1,5 - SalesAndMarketing,2 - Sales,3 - RegionalSales,Winter Veda Burks,2011-05.csv
JJH0613,2010-01-06,1.0,1.0,0.0,1.0,6.0,3.0,3.0,0.0,1.0,8.0,0.0,8.0,1.0,0.0,0.0,0.0,0.0,0.0,0.0,0.0,0.0,0.0,0.0,0.0,0.0,0.0,0.0,0.0,15,USB activity detected,1,0.20481181902241324,0,0.04538958355413336,0.697005956229538,0,15,low,USB activity detected,Jael Jennifer Hansen,Jael.Jennifer.Hansen@dtaa.com,Salesman,1,5 - SalesAndMarketing,2 - Sales,3 - RegionalSales,Winter Veda Burks,2011-05.csv
JJH0613,2010-01-07,2.0,1.0,0.0,1.0,4.0,2.0,2.0,0.0,1.0,1.0,0.0,1.0,1.0,0.0,0.0,0.0,0.0,0.0,0.0,0.0,0.0,0.0,0.0,0.0,0.0,0.0,0.0,0.0,15,USB activity detected,1,0.22731760031876658,0,0.09158833162034291,0.697005956229538,0,15,low,USB activity detected,Jael Jennifer Hansen,Jael.Jennifer.Hansen@dtaa.com,Salesman,1,5 - SalesAndMarketing,2 - Sales,3 - RegionalSales,Winter Veda Burks,2011-05.csv
JJH0613,2010-01-08,0.0,0.0,0.0,0.0,6.0,3.0,3.0,0.0,1.0,1.0,0.0,1.0,1.0,0.0,0.0,0.0,0.0,0.0,0.0,0.0,0.0,0.0,0.0,0.0,0.0,0.0,0.0,0.0,15,USB activity detected,1,0.2092469980224541,0,0.04111771016119977,0.697005956229538,0,15,low,USB activity detected,Jael Jennifer Hansen,Jael.Jennifer.Hansen@dtaa.com,Salesman,1,5 - SalesAndMarketing,2 - Sales,3 - RegionalSales,Winter Veda Burks,2011-05.csv
JJH0613,2010-01-11,0.0,0.0,0.0,0.0,8.0,4.0,4.0,0.0,1.0,4.0,0.0,4.0,1.0,0.0,0.0,0.0,0.0,0.0,0.0,0.0,0.0,0.0,0.0,0.0,0.0,0.0,0.0,0.0,15,USB activity detected,1,0.19500759345825486,0,0.0300549003793461,0.697005956229538,0,15,low,USB activity detected,Jael Jennifer Hansen,Jael.Jennifer.Hansen@dtaa.com,Salesman,1,5 - SalesAndMarketing,2 - Sales,3 - RegionalSales,Winter Veda Burks,2011-05.csv
JJH0613,2010-01-12,0.0,0.0,0.0,0.0,2.0,1.0,1.0,0.0,1.0,3.0,0.0,3.0,1.0,0.0,0.0,0.0,0.0,0.0,0.0,0.0,0.0,0.0,0.0,0.0,0.0,0.0,0.0,0.0,15,USB activity detected,1,0.22764297473751488,0,0.03607755261692584,0.697005956229538,0,15,low,USB activity detected,Jael Jennifer Hansen,Jael.Jennifer.Hansen@dtaa.com,Salesman,1,5 - SalesAndMarketing,2 - Sales,3 - RegionalSales,Winter Veda Burks,2011-05.csv
JJH0613,2010-01-13,0.0,0.0,0.0,0.0,3.0,2.0,1.0,0.0,1.0,0.0,0.0,0.0,0.0,0.0,0.0,0.0,0.0,0.0,0.0,0.0,0.0,0.0,0.0,0.0,0.0,0.0,0.0,0.0,15,USB activity detected,1,0.23826932337468903,0,0.034015706009011604,0.697005956229538,0,15,low,USB activity detected,Jael Jennifer Hansen,Jael.Jennifer.Hansen@dtaa.com,Salesman,1,5 - SalesAndMarketing,2 - Sales,3 - RegionalSales,Winter Veda Burks,2011-05.csv
JJM0203,2010-01-04,1.0,1.0,0.0,1.0,4.0,2.0,2.0,0.0,1.0,4.0,0.0,4.0,1.0,13.0,0.0,8.0,8.0,1.0,9.0,0.0,291576.0,32397.333333333332,6.0,3.0,16.0,5.0,0.0,1.0,15,USB activity detected,1,0.05914504274228338,0,0.15423736642864128,0.697005956229538,0,15,low,USB activity detected,Jonathan John Martinez,Jonathan.John.Martinez@dtaa.com,Engineer,1,6 - PurchasingAndContracts,3 - Contracts,,Whoopi Britanney Camacho,2010-09.csv
JJM0203,2010-01-05,2.0,1.0,0.0,1.0,4.0,2.0,2.0,0.0,1.0,3.0,0.0,3.0,1.0,0.0,0.0,0.0,0.0,0.0,0.0,0.0,0.0,0.0,0.0,0.0,0.0,0.0,0.0,0.0,15,USB activity detected,1,0.2310312203707111,0,0.08434180734293042,0.697005956229538,0,15,low,USB activity detected,Jonathan John Martinez,Jonathan.John.Martinez@dtaa.com,Engineer,1,6 - PurchasingAndContracts,3 - Contracts,,Whoopi Britanney Camacho,2010-09.csv
JJM0203,2010-01-06,2.0,2.0,0.0,2.0,6.0,3.0,3.0,0.0,1.0,5.0,0.0,5.0,1.0,0.0,0.0,0.0,0.0,0.0,0.0,0.0,0.0,0.0,0.0,0.0,0.0,0.0,0.0,0.0,15,USB activity detected,1,0.1888003738847016,0,0.13590046532811567,0.697005956229538,0,15,low,USB activity detected,Jonathan John Martinez,Jonathan.John.Martinez@dtaa.com,Engineer,1,6 - PurchasingAndContracts,3 - Contracts,,Whoopi Britanney Camacho,2010-09.csv
JJM0203,2010-01-08,0.0,0.0,0.0,0.0,4.0,2.0,2.0,0.0,1.0,3.0,0.0,3.0,1.0,0.0,0.0,0.0,0.0,0.0,0.0,0.0,0.0,0.0,0.0,0.0,0.0,0.0,0.0,0.0,15,USB activity detected,1,0.2308861893688779,0,0.03367677742263493,0.697005956229538,0,15,low,USB activity detected,Jonathan John Martinez,Jonathan.John.Martinez@dtaa.com,Engineer,1,6 - PurchasingAndContracts,3 - Contracts,,Whoopi Britanney Camacho,2010-09.csv
JJM0203,2010-01-11,0.0,0.0,0.0,0.0,2.0,1.0,1.0,0.0,1.0,2.0,0.0,2.0,1.0,0.0,0.0,0.0,0.0,0.0,0.0,0.0,0.0,0.0,0.0,0.0,0.0,0.0,0.0,0.0,15,USB activity detected,1,0.2257817351181608,0,0.04079469693806441,0.697005956229538,0,15,low,USB activity detected,Jonathan John Martinez,Jonathan.John.Martinez@dtaa.com,Engineer,1,6 - PurchasingAndContracts,3 - Contracts,,Whoopi Britanney Camacho,2010-09.csv
JJM0203,2010-01-12,0.0,0.0,0.0,0.0,6.0,3.0,3.0,0.0,1.0,2.0,0.0,2.0,1.0,0.0,0.0,0.0,0.0,0.0,0.0,0.0,0.0,0.0,0.0,0.0,0.0,0.0,0.0,0.0,15,USB activity detected,1,0.21292410761739433,0,0.03633197142615849,0.697005956229538,0,15,low,USB activity detected,Jonathan John Martinez,Jonathan.John.Martinez@dtaa.com,Engineer,1,6 - PurchasingAndContracts,3 - Contracts,,Whoopi Britanney Camacho,2010-09.csv
JJM0203,2010-01-13,0.0,0.0,0.0,0.0,4.0,2.0,2.0,0.0,1.0,0.0,0.0,0.0,0.0,0.0,0.0,0.0,0.0,0.0,0.0,0.0,0.0,0.0,0.0,0.0,0.0,0.0,0.0,0.0,15,USB activity detected,1,0.24050968498880276,0,0.029387747032837967,0.697005956229538,0,15,low,USB activity detected,Jonathan John Martinez,Jonathan.John.Martinez@dtaa.com,Engineer,1,6 - PurchasingAndContracts,3 - Contracts,,Whoopi Britanney Camacho,2010-09.csv
JLM0364,2010-01-04,2.0,2.0,2.0,2.0,0.0,0.0,0.0,0.0,0.0,0.0,0.0,0.0,0.0,0.0,0.0,0.0,0.0,0.0,10.0,0.0,357233.0,35723.3,2.0,1.0,16.0,6.0,0.0,1.0,20,Logon activity outside working hours,1,0.12976356095445957,0,0.09026212938168186,0.697005956229538,0,20,low,Logon activity outside working hours,Jacqueline Latifah Miles,Jacqueline.Latifah.Miles@dtaa.com,ITAdmin,1,1 - Adminstration,6 - Security,3 - ElectronicSecurity,Francis Brian Armstrong,2011-03.csv
JLM0364,2010-01-05,6.0,6.0,6.0,6.0,0.0,0.0,0.0,0.0,0.0,0.0,0.0,0.0,0.0,0.0,0.0,0.0,0.0,0.0,3.0,0.0,90243.0,30081.0,0.0,0.0,3.0,0.0,0.0,1.0,35,Logon activity outside working hours; Multiple PCs used for logon,1,0.023507702613389192,0,0.142189085829807,0.697005956229538,0,35,medium,Logon activity outside working hours; Multiple PCs used for logon,Jacqueline Latifah Miles,Jacqueline.Latifah.Miles@dtaa.com,ITAdmin,1,1 - Adminstration,6 - Security,3 - ElectronicSecurity,Francis Brian Armstrong,2011-03.csv
JLM0364,2010-01-06,4.0,4.0,6.0,4.0,0.0,0.0,0.0,0.0,0.0,0.0,0.0,0.0,0.0,0.0,0.0,0.0,0.0,0.0,0.0,0.0,0.0,0.0,0.0,0.0,0.0,0.0,0.0,0.0,35,Logon activity outside working hours; Multiple PCs used for logon,1,0.07132490316739437,0,0.28549292117892633,0.697005956229538,0,35,medium,Logon activity outside working hours; Multiple PCs used for logon,Jacqueline Latifah Miles,Jacqueline.Latifah.Miles@dtaa.com,ITAdmin,1,1 - Adminstration,6 - Security,3 - ElectronicSecurity,Francis Brian Armstrong,2011-03.csv
JLM0364,2010-01-07,4.0,4.0,6.0,4.0,0.0,0.0,0.0,0.0,0.0,0.0,0.0,0.0,0.0,0.0,0.0,0.0,0.0,0.0,0.0,0.0,0.0,0.0,0.0,0.0,0.0,0.0,0.0,0.0,35,Logon activity outside working hours; Multiple PCs used for logon,1,0.07132490316739437,0,0.28549292117892633,0.697005956229538,0,35,medium,Logon activity outside working hours; Multiple PCs used for logon,Jacqueline Latifah Miles,Jacqueline.Latifah.Miles@dtaa.com,ITAdmin,1,1 - Adminstration,6 - Security,3 - ElectronicSecurity,Francis Brian Armstrong,2011-03.csv
JMC0925,2010-01-07,3.0,1.0,2.0,1.0,0.0,0.0,0.0,0.0,0.0,0.0,0.0,0.0,0.0,0.0,0.0,0.0,0.0,0.0,0.0,0.0,0.0,0.0,0.0,0.0,0.0,0.0,0.0,0.0,20,Logon activity outside working hours,1,0.22692358202631413,0,0.1382116496777351,0.697005956229538,0,20,low,Logon activity outside working hours,Jade Maris Coleman,Jade.Maris.Coleman@dtaa.com,Physicist,1,2 - ResearchAndEngineering,1 - Research,6 - Lab,Lillith Adena Matthews,2011-05.csv
JMD0520,2010-01-04,1.0,1.0,0.0,1.0,2.0,1.0,1.0,0.0,1.0,6.0,0.0,6.0,1.0,0.0,0.0,0.0,0.0,0.0,3.0,0.0,94511.0,31503.666666666668,2.0,1.0,6.0,2.0,2.0,1.0,15,USB activity detected,1,0.1503731431025051,0,0.08648992626585636,0.697005956229538,0,15,low,USB activity detected,Jane Maite Dotson,Jane.Maite.Dotson@dtaa.com,Technician,1,5 - SalesAndMarketing,3 - FieldService,2 - RegionalFieldService,Burke Randall Burnett,2011-05.csv
JMD0520,2010-01-05,2.0,1.0,0.0,1.0,4.0,2.0,2.0,0.0,1.0,2.0,0.0,2.0,1.0,0.0,0.0,0.0,0.0,0.0,0.0,0.0,0.0,0.0,0.0,0.0,0.0,0.0,0.0,0.0,15,USB activity detected,1,0.22837003956626883,0,0.08725922383063894,0.697005956229538,0,15,low,USB activity detected,Jane Maite Dotson,Jane.Maite.Dotson@dtaa.com,Technician,1,5 - SalesAndMarketing,3 - FieldService,2 - RegionalFieldService,Burke Randall Burnett,2011-05.csv
JMD0520,2010-01-06,2.0,1.0,0.0,1.0,2.0,1.0,1.0,0.0,1.0,3.0,0.0,3.0,1.0,0.0,0.0,0.0,0.0,0.0,0.0,0.0,0.0,0.0,0.0,0.0,0.0,0.0,0.0,0.0,15,USB activity detected,1,0.23426035937108708,0,0.08227223845201406,0.697005956229538,0,15,low,USB activity detected,Jane Maite Dotson,Jane.Maite.Dotson@dtaa.com,Technician,1,5 - SalesAndMarketing,3 - FieldService,2 - RegionalFieldService,Burke Randall Burnett,2011-05.csv
JMD0520,2010-01-07,2.0,1.0,0.0,1.0,4.0,2.0,2.0,0.0,1.0,7.0,0.0,7.0,1.0,0.0,0.0,0.0,0.0,0.0,0.0,0.0,0.0,0.0,0.0,0.0,0.0,0.0,0.0,0.0,15,USB activity detected,1,0.21468339674424075,0,0.0714195786664864,0.697005956229538,0,15,low,USB activity detected,Jane Maite Dotson,Jane.Maite.Dotson@dtaa.com,Technician,1,5 - SalesAndMarketing,3 - FieldService,2 - RegionalFieldService,Burke Randall Burnett,2011-05.csv
JMD0520,2010-01-08,0.0,0.0,0.0,0.0,4.0,2.0,2.0,0.0,1.0,8.0,0.0,8.0,1.0,0.0,0.0,0.0,0.0,0.0,0.0,0.0,0.0,0.0,0.0,0.0,0.0,0.0,0.0,0.0,15,USB activity detected,1,0.21621905950761322,0,0.023923954802363114,0.697005956229538,0,15,low,USB activity detected,Jane Maite Dotson,Jane.Maite.Dotson@dtaa.com,Technician,1,5 - SalesAndMarketing,3 - FieldService,2 - RegionalFieldService,Burke Randall Burnett,2011-05.csv
JMD0520,2010-01-11,0.0,0.0,0.0,0.0,6.0,3.0,3.0,0.0,1.0,5.0,0.0,5.0,1.0,0.0,0.0,0.0,0.0,0.0,0.0,0.0,0.0,0.0,0.0,0.0,0.0,0.0,0.0,0.0,15,USB activity detected,1,0.20928348233701916,0,0.026955186769781456,0.697005956229538,0,15,low,USB activity detected,Jane Maite Dotson,Jane.Maite.Dotson@dtaa.com,Technician,1,5 - SalesAndMarketing,3 - FieldService,2 - RegionalFieldService,Burke Randall Burnett,2011-05.csv
JMD0520,2010-01-12,0.0,0.0,0.0,0.0,4.0,2.0,2.0,0.0,1.0,7.0,0.0,7.0,1.0,0.0,0.0,0.0,0.0,0.0,0.0,0.0,0.0,0.0,0.0,0.0,0.0,0.0,0.0,0.0,15,USB activity detected,1,0.22151117415156107,0,0.02464864816691023,0.697005956229538,0,15,low,USB activity detected,Jane Maite Dotson,Jane.Maite.Dotson@dtaa.com,Technician,1,5 - SalesAndMarketing,3 - FieldService,2 - RegionalFieldService,Burke Randall Burnett,2011-05.csv
JMD0520,2010-01-13,0.0,0.0,0.0,0.0,2.0,1.0,1.0,0.0,1.0,0.0,0.0,0.0,0.0,0.0,0.0,0.0,0.0,0.0,0.0,0.0,0.0,0.0,0.0,0.0,0.0,0.0,0.0,0.0,15,USB activity detected,1,0.24138913393585137,0,0.034578884745784924,0.697005956229538,0,15,low,USB activity detected,Jane Maite Dotson,Jane.Maite.Dotson@dtaa.com,Technician,1,5 - SalesAndMarketing,3 - FieldService,2 - RegionalFieldService,Burke Randall Burnett,2011-05.csv
JMK0099,2010-01-04,2.0,2.0,0.0,2.0,4.0,2.0,2.0,0.0,1.0,3.0,0.0,3.0,1.0,11.0,0.0,9.0,9.0,1.0,9.0,0.0,275528.0,30614.222222222223,8.0,3.0,16.0,11.0,11.0,1.0,15,USB activity detected,1,0.019108864495973155,0,0.803831769548274,0.697005956229538,1,45,medium,USB activity detected; AI anomaly detected by TensorFlow Autoencoder,Jakeem Magee Knight,Jakeem.Magee.Knight@dtaa.com,SystemsEngineer,1,2 - ResearchAndEngineering,3 - Engineering,4 - SystemsEngineering,Gage Kaden Odonnell,2011-05.csv
JMW0638,2010-01-04,1.0,1.0,1.0,1.0,0.0,0.0,0.0,0.0,0.0,0.0,0.0,0.0,0.0,0.0,0.0,0.0,0.0,0.0,3.0,0.0,75986.0,25328.666666666668,0.0,0.0,4.0,2.0,0.0,1.0,20,Logon activity outside working hours,1,0.20149192667262283,0,0.06561882850417396,0.697005956229538,0,20,low,Logon activity outside working hours,Jonah Merritt Wilder,Jonah.Merritt.Wilder@dtaa.com,Technician,1,5 - SalesAndMarketing,3 - FieldService,3 - RegionalFieldService,Hedwig Regina Livingston,2011-05.csv
JMW0638,2010-01-05,1.0,1.0,1.0,1.0,0.0,0.0,0.0,0.0,0.0,0.0,0.0,0.0,0.0,0.0,0.0,0.0,0.0,0.0,0.0,0.0,0.0,0.0,0.0,0.0,0.0,0.0,0.0,0.0,20,Logon activity outside working hours,1,0.2543368308857394,0,0.04029176788212439,0.697005956229538,0,20,low,Logon activity outside working hours,Jonah Merritt Wilder,Jonah.Merritt.Wilder@dtaa.com,Technician,1,5 - SalesAndMarketing,3 - FieldService,3 - RegionalFieldService,Hedwig Regina Livingston,2011-05.csv
JMW0638,2010-01-06,1.0,1.0,1.0,1.0,0.0,0.0,0.0,0.0,0.0,0.0,0.0,0.0,0.0,0.0,0.0,0.0,0.0,0.0,0.0,0.0,0.0,0.0,0.0,0.0,0.0,0.0,0.0,0.0,20,Logon activity outside working hours,1,0.2543368308857394,0,0.04029176788212439,0.697005956229538,0,20,low,Logon activity outside working hours,Jonah Merritt Wilder,Jonah.Merritt.Wilder@dtaa.com,Technician,1,5 - SalesAndMarketing,3 - FieldService,3 - RegionalFieldService,Hedwig Regina Livingston,2011-05.csv
JNJ0556,2010-01-04,1.0,1.0,0.0,1.0,18.0,9.0,9.0,0.0,1.0,25.0,0.0,25.0,1.0,0.0,0.0,0.0,0.0,0.0,4.0,0.0,108137.0,27034.25,3.0,2.0,5.0,4.0,2.0,1.0,45,USB activity detected; High file copy activity,1,0.005013665144202872,0,0.09449199887843082,0.697005956229538,0,45,medium,USB activity detected; High file copy activity,Jaden Nicole Johnston,Jaden.Nicole.Johnston@dtaa.com,ComputerScientist,1,2 - ResearchAndEngineering,2 - SoftwareManagement,3 - Software,Stephanie Briar Harrington,2011-05.csv
JNJ0556,2010-01-05,1.0,1.0,0.0,1.0,18.0,9.0,9.0,0.0,1.0,24.0,0.0,24.0,1.0,0.0,0.0,0.0,0.0,0.0,0.0,0.0,0.0,0.0,0.0,0.0,0.0,0.0,0.0,0.0,45,USB activity detected; High file copy activity,1,0.09134190125622221,0,0.06390865520870165,0.697005956229538,0,45,medium,USB activity detected; High file copy activity,Jaden Nicole Johnston,Jaden.Nicole.Johnston@dtaa.com,ComputerScientist,1,2 - ResearchAndEngineering,2 - SoftwareManagement,3 - Software,Stephanie Briar Harrington,2011-05.csv
JNJ0556,2010-01-06,1.0,1.0,0.0,1.0,18.0,9.0,9.0,0.0,1.0,25.0,0.0,25.0,1.0,0.0,0.0,0.0,0.0,0.0,0.0,0.0,0.0,0.0,0.0,0.0,0.0,0.0,0.0,0.0,45,USB activity detected; High file copy activity,1,0.07957697909970118,0,0.06400444054779292,0.697005956229538,0,45,medium,USB activity detected; High file copy activity,Jaden Nicole Johnston,Jaden.Nicole.Johnston@dtaa.com,ComputerScientist,1,2 - ResearchAndEngineering,2 - SoftwareManagement,3 - Software,Stephanie Briar Harrington,2011-05.csv
JNJ0556,2010-01-07,1.0,0.0,0.0,1.0,14.0,7.0,7.0,0.0,1.0,27.0,0.0,27.0,1.0,0.0,0.0,0.0,0.0,0.0,0.0,0.0,0.0,0.0,0.0,0.0,0.0,0.0,0.0,0.0,45,USB activity detected; High file copy activity,1,0.08492570250423837,0,0.07635153846247847,0.697005956229538,0,45,medium,USB activity detected; High file copy activity,Jaden Nicole Johnston,Jaden.Nicole.Johnston@dtaa.com,ComputerScientist,1,2 - ResearchAndEngineering,2 - SoftwareManagement,3 - Software,Stephanie Briar Harrington,2011-05.csv
JNJ0556,2010-01-08,0.0,0.0,0.0,0.0,18.0,9.0,9.0,0.0,1.0,22.0,0.0,22.0,1.0,0.0,0.0,0.0,0.0,0.0,0.0,0.0,0.0,0.0,0.0,0.0,0.0,0.0,0.0,0.0,45,USB activity detected; High file copy activity,1,0.09791650625471582,0,0.06480323387949001,0.697005956229538,0,45,medium,USB activity detected; High file copy activity,Jaden Nicole Johnston,Jaden.Nicole.Johnston@dtaa.com,ComputerScientist,1,2 - ResearchAndEngineering,2 - SoftwareManagement,3 - Software,Stephanie Briar Harrington,2011-05.csv
JNJ0556,2010-01-11,0.0,0.0,0.0,0.0,14.0,7.0,7.0,0.0,1.0,22.0,0.0,22.0,1.0,0.0,0.0,0.0,0.0,0.0,0.0,0.0,0.0,0.0,0.0,0.0,0.0,0.0,0.0,0.0,45,USB activity detected; High file copy activity,1,0.10797785743370825,0,0.05193367762249529,0.697005956229538,0,45,medium,USB activity detected; High file copy activity,Jaden Nicole Johnston,Jaden.Nicole.Johnston@dtaa.com,ComputerScientist,1,2 - ResearchAndEngineering,2 - SoftwareManagement,3 - Software,Stephanie Briar Harrington,2011-05.csv
JNJ0556,2010-01-12,0.0,0.0,0.0,0.0,18.0,9.0,9.0,0.0,1.0,8.0,0.0,8.0,1.0,0.0,0.0,0.0,0.0,0.0,0.0,0.0,0.0,0.0,0.0,0.0,0.0,0.0,0.0,0.0,15,USB activity detected,1,0.13455626512138247,0,0.038595418921363346,0.697005956229538,0,15,low,USB activity detected,Jaden Nicole Johnston,Jaden.Nicole.Johnston@dtaa.com,ComputerScientist,1,2 - ResearchAndEngineering,2 - SoftwareManagement,3 - Software,Stephanie Briar Harrington,2011-05.csv
JNJ0556,2010-01-13,0.0,0.0,0.0,0.0,14.0,7.0,7.0,0.0,1.0,0.0,0.0,0.0,0.0,0.0,0.0,0.0,0.0,0.0,0.0,0.0,0.0,0.0,0.0,0.0,0.0,0.0,0.0,0.0,15,USB activity detected,1,0.15757970960448348,0,0.02795770502625191,0.697005956229538,0,15,low,USB activity detected,Jaden Nicole Johnston,Jaden.Nicole.Johnston@dtaa.com,ComputerScientist,1,2 - ResearchAndEngineering,2 - SoftwareManagement,3 - Software,Stephanie Briar Harrington,2011-05.csv
JRS0362,2010-01-04,6.0,6.0,6.0,6.0,0.0,0.0,0.0,0.0,0.0,0.0,0.0,0.0,0.0,0.0,0.0,0.0,0.0,0.0,11.0,0.0,324466.0,29496.909090909092,0.0,0.0,20.0,7.0,0.0,1.0,35,Logon activity outside working hours; Multiple PCs used for logon,-1,-0.0024525717009934445,1,0.40313160592040453,0.697005956229538,0,75,high,Logon activity outside working hours; Multiple PCs used for logon; AI anomaly detected by Isolation Forest,Jackson Rafael Sutton,Jackson.Rafael.Sutton@dtaa.com,ITAdmin,1,1 - Adminstration,6 - Security,3 - ElectronicSecurity,Francis Brian Armstrong,2011-05.csv
JRS0362,2010-01-05,3.0,3.0,1.0,3.0,0.0,0.0,0.0,0.0,0.0,0.0,0.0,0.0,0.0,0.0,0.0,0.0,0.0,0.0,5.0,0.0,145209.0,29041.8,0.0,0.0,7.0,0.0,0.0,1.0,35,Logon activity outside working hours; Multiple PCs used for logon,1,0.12629203538929568,0,0.11449080294616949,0.697005956229538,0,35,medium,Logon activity outside working hours; Multiple PCs used for logon,Jackson Rafael Sutton,Jackson.Rafael.Sutton@dtaa.com,ITAdmin,1,1 - Adminstration,6 - Security,3 - ElectronicSecurity,Francis Brian Armstrong,2011-05.csv
JRS0362,2010-01-06,6.0,6.0,8.0,6.0,0.0,0.0,0.0,0.0,0.0,0.0,0.0,0.0,0.0,0.0,0.0,0.0,0.0,0.0,0.0,0.0,0.0,0.0,0.0,0.0,0.0,0.0,0.0,0.0,35,Logon activity outside working hours; Multiple PCs used for logon,1,0.039531390419569434,0,0.3477038327985916,0.697005956229538,0,35,medium,Logon activity outside working hours; Multiple PCs used for logon,Jackson Rafael Sutton,Jackson.Rafael.Sutton@dtaa.com,ITAdmin,1,1 - Adminstration,6 - Security,3 - ElectronicSecurity,Francis Brian Armstrong,2011-05.csv
JRS0362,2010-01-07,3.0,3.0,0.0,3.0,0.0,0.0,0.0,0.0,0.0,0.0,0.0,0.0,0.0,0.0,0.0,0.0,0.0,0.0,0.0,0.0,0.0,0.0,0.0,0.0,0.0,0.0,0.0,0.0,15,Multiple PCs used for logon,1,0.20284253372635475,0,0.1905053484164695,0.697005956229538,0,15,low,Multiple PCs used for logon,Jackson Rafael Sutton,Jackson.Rafael.Sutton@dtaa.com,ITAdmin,1,1 - Adminstration,6 - Security,3 - ElectronicSecurity,Francis Brian Armstrong,2011-05.csv
JTM0223,2010-01-04,6.0,5.0,4.0,5.0,0.0,0.0,0.0,0.0,0.0,0.0,0.0,0.0,0.0,7.0,0.0,7.0,7.0,1.0,11.0,0.0,349487.0,31771.545454545456,12.0,5.0,17.0,6.0,0.0,1.0,35,Logon activity outside working hours; Multiple PCs used for logon,-1,-0.0041344977337852695,1,0.9263600332668924,0.697005956229538,1,100,critical,Logon activity outside working hours; Multiple PCs used for logon; AI anomaly detected by Isolation Forest; AI anomaly detected by TensorFlow Autoencoder,Jerry Tad Mccall,Jerry.Tad.Mccall@dtaa.com,ITAdmin,1,1 - Adminstration,6 - Security,2 - ElectronicSecurity,Frances Alisa Wiggins,2010-06.csv
JTM0223,2010-01-05,4.0,3.0,4.0,3.0,0.0,0.0,0.0,0.0,0.0,0.0,0.0,0.0,0.0,0.0,0.0,0.0,0.0,0.0,0.0,0.0,0.0,0.0,0.0,0.0,0.0,0.0,0.0,0.0,35,Logon activity outside working hours; Multiple PCs used for logon,1,0.12256323099247035,0,0.0912360313413256,0.697005956229538,0,35,medium,Logon activity outside working hours; Multiple PCs used for logon,Jerry Tad Mccall,Jerry.Tad.Mccall@dtaa.com,ITAdmin,1,1 - Adminstration,6 - Security,2 - ElectronicSecurity,Frances Alisa Wiggins,2010-06.csv
JTM0223,2010-01-06,5.0,4.0,0.0,4.0,0.0,0.0,0.0,0.0,0.0,0.0,0.0,0.0,0.0,0.0,0.0,0.0,0.0,0.0,0.0,0.0,0.0,0.0,0.0,0.0,0.0,0.0,0.0,0.0,15,Multiple PCs used for logon,1,0.14780280621896136,0,0.42461955715989386,0.697005956229538,0,15,low,Multiple PCs used for logon,Jerry Tad Mccall,Jerry.Tad.Mccall@dtaa.com,ITAdmin,1,1 - Adminstration,6 - Security,2 - ElectronicSecurity,Frances Alisa Wiggins,2010-06.csv
JTM0223,2010-01-07,4.0,3.0,3.0,3.0,0.0,0.0,0.0,0.0,0.0,0.0,0.0,0.0,0.0,0.0,0.0,0.0,0.0,0.0,0.0,0.0,0.0,0.0,0.0,0.0,0.0,0.0,0.0,0.0,35,Logon activity outside working hours; Multiple PCs used for logon,1,0.14587315604283135,0,0.035741298381535586,0.697005956229538,0,35,medium,Logon activity outside working hours; Multiple PCs used for logon,Jerry Tad Mccall,Jerry.Tad.Mccall@dtaa.com,ITAdmin,1,1 - Adminstration,6 - Security,2 - ElectronicSecurity,Frances Alisa Wiggins,2010-06.csv
KBB0189,2010-01-04,1.0,1.0,1.0,1.0,0.0,0.0,0.0,0.0,0.0,0.0,0.0,0.0,0.0,22.0,3.0,15.0,15.0,1.0,11.0,0.0,305244.0,27749.454545454544,8.0,3.0,19.0,4.0,0.0,1.0,20,Logon activity outside working hours,1,0.08441392984725382,0,0.11102695042902515,0.697005956229538,0,20,low,Logon activity outside working hours,Kaye Brianna Blair,Kaye.Brianna.Blair@dtaa.com,AdministrativeAssistant,1,6 - PurchasingAndContracts,,,Kirby Bo Pollard,2011-05.csv
KBG0549,2010-01-07,2.0,0.0,0.0,1.0,2.0,1.0,1.0,0.0,1.0,1.0,0.0,1.0,1.0,0.0,0.0,0.0,0.0,0.0,0.0,0.0,0.0,0.0,0.0,0.0,0.0,0.0,0.0,0.0,15,USB activity detected,1,0.214976380303878,0,0.1141002669003329,0.697005956229538,0,15,low,USB activity detected,Kylie Brielle Greer,Kylie.Brielle.Greer@dtaa.com,Scientist,1,2 - ResearchAndEngineering,1 - Research,3 - Lab,Honorato Ivan Wall,2011-05.csv
KBG0549,2010-01-11,0.0,0.0,0.0,0.0,2.0,1.0,1.0,0.0,1.0,4.0,0.0,4.0,1.0,0.0,0.0,0.0,0.0,0.0,0.0,0.0,0.0,0.0,0.0,0.0,0.0,0.0,0.0,0.0,15,USB activity detected,1,0.2255480598108977,0,0.03194264222559186,0.697005956229538,0,15,low,USB activity detected,Kylie Brielle Greer,Kylie.Brielle.Greer@dtaa.com,Scientist,1,2 - ResearchAndEngineering,1 - Research,3 - Lab,Honorato Ivan Wall,2011-05.csv
KBP0008,2010-01-04,3.0,2.0,1.0,2.0,0.0,0.0,0.0,0.0,0.0,0.0,0.0,0.0,0.0,48.0,9.0,28.0,27.0,1.0,26.0,0.0,803961.0,30921.576923076922,14.0,9.0,44.0,22.0,10.0,1.0,20,Logon activity outside working hours,-1,-0.09694432252175822,1,2.1914613981786997,0.697005956229538,1,90,critical,Logon activity outside working hours; AI anomaly detected by Isolation Forest; AI anomaly detected by TensorFlow Autoencoder,Kirby Bo Pollard,Kirby.Bo.Pollard@dtaa.com,VicePresident,1,6 - PurchasingAndContracts,,,Mona Susan Shannon,2011-05.csv
KBP0008,2010-01-06,2.0,2.0,1.0,2.0,0.0,0.0,0.0,0.0,0.0,0.0,0.0,0.0,0.0,0.0,0.0,0.0,0.0,0.0,0.0,0.0,0.0,0.0,0.0,0.0,0.0,0.0,0.0,0.0,20,Logon activity outside working hours,1,0.21662464548829008,0,0.026066570652919927,0.697005956229538,0,20,low,Logon activity outside working hours,Kirby Bo Pollard,Kirby.Bo.Pollard@dtaa.com,VicePresident,1,6 - PurchasingAndContracts,,,Mona Susan Shannon,2011-05.csv
KCF0045,2010-01-04,3.0,3.0,4.0,3.0,0.0,0.0,0.0,0.0,0.0,0.0,0.0,0.0,0.0,12.0,0.0,10.0,10.0,1.0,11.0,0.0,314557.0,28596.090909090908,2.0,2.0,18.0,5.0,0.0,1.0,35,Logon activity outside working hours; Multiple PCs used for logon,1,0.03173848719464001,0,0.2029075683958364,0.697005956229538,0,35,medium,Logon activity outside working hours; Multiple PCs used for logon,Kendall Ciaran Frank,Kendall.Ciaran.Frank@dtaa.com,ITAdmin,1,1 - Adminstration,6 - Security,2 - ElectronicSecurity,Frances Alisa Wiggins,2011-05.csv
KCF0045,2010-01-05,6.0,6.0,4.0,6.0,0.0,0.0,0.0,0.0,0.0,0.0,0.0,0.0,0.0,0.0,0.0,0.0,0.0,0.0,4.0,0.0,123686.0,30921.5,2.0,2.0,4.0,2.0,0.0,1.0,35,Logon activity outside working hours; Multiple PCs used for logon,1,0.04405822372042334,0,0.12082488617231218,0.697005956229538,0,35,medium,Logon activity outside working hours; Multiple PCs used for logon,Kendall Ciaran Frank,Kendall.Ciaran.Frank@dtaa.com,ITAdmin,1,1 - Adminstration,6 - Security,2 - ElectronicSecurity,Frances Alisa Wiggins,2011-05.csv
KCF0045,2010-01-06,5.0,5.0,4.0,5.0,0.0,0.0,0.0,0.0,0.0,0.0,0.0,0.0,0.0,0.0,0.0,0.0,0.0,0.0,0.0,0.0,0.0,0.0,0.0,0.0,0.0,0.0,0.0,0.0,35,Logon activity outside working hours; Multiple PCs used for logon,1,0.07458584755118258,0,0.039824103532945215,0.697005956229538,0,35,medium,Logon activity outside working hours; Multiple PCs used for logon,Kendall Ciaran Frank,Kendall.Ciaran.Frank@dtaa.com,ITAdmin,1,1 - Adminstration,6 - Security,2 - ElectronicSecurity,Frances Alisa Wiggins,2011-05.csv
KCO0122,2010-01-04,2.0,1.0,1.0,1.0,4.0,2.0,2.0,0.0,1.0,5.0,0.0,5.0,1.0,0.0,0.0,0.0,0.0,0.0,9.0,0.0,224453.0,24939.222222222223,4.0,3.0,13.0,9.0,5.0,1.0,35,Logon activity outside working hours; USB activity detected,1,0.07360780789808985,0,0.13674817765457775,0.697005956229538,0,35,medium,Logon activity outside working hours; USB activity detected,Kermit Coby Oliver,Kermit.Coby.Oliver@dtaa.com,IndustrialEngineer,1,3 - Manufacturing,1 - IndustrialEngineering,,Grant Tyrone Doyle,2011-05.csv
KCO0122,2010-01-05,2.0,1.0,1.0,1.0,4.0,2.0,2.0,0.0,1.0,6.0,0.0,6.0,1.0,0.0,0.0,0.0,0.0,0.0,0.0,0.0,0.0,0.0,0.0,0.0,0.0,0.0,0.0,0.0,35,Logon activity outside working hours; USB activity detected,1,0.17432188841997504,0,0.05163594073750446,0.697005956229538,0,35,medium,Logon activity outside working hours; USB activity detected,Kermit Coby Oliver,Kermit.Coby.Oliver@dtaa.com,IndustrialEngineer,1,3 - Manufacturing,1 - IndustrialEngineering,,Grant Tyrone Doyle,2011-05.csv
KCO0122,2010-01-06,1.0,1.0,1.0,1.0,4.0,2.0,2.0,0.0,1.0,3.0,0.0,3.0,1.0,0.0,0.0,0.0,0.0,0.0,0.0,0.0,0.0,0.0,0.0,0.0,0.0,0.0,0.0,0.0,35,Logon activity outside working hours; USB activity detected,1,0.19389388434582605,0,0.06442814580467512,0.697005956229538,0,35,medium,Logon activity outside working hours; USB activity detected,Kermit Coby Oliver,Kermit.Coby.Oliver@dtaa.com,IndustrialEngineer,1,3 - Manufacturing,1 - IndustrialEngineering,,Grant Tyrone Doyle,2011-05.csv
KCO0122,2010-01-07,2.0,0.0,0.0,1.0,6.0,3.0,3.0,0.0,1.0,2.0,0.0,2.0,1.0,0.0,0.0,0.0,0.0,0.0,0.0,0.0,0.0,0.0,0.0,0.0,0.0,0.0,0.0,0.0,15,USB activity detected,1,0.20613173355290415,0,0.11536418227086365,0.697005956229538,0,15,low,USB activity detected,Kermit Coby Oliver,Kermit.Coby.Oliver@dtaa.com,IndustrialEngineer,1,3 - Manufacturing,1 - IndustrialEngineering,,Grant Tyrone Doyle,2011-05.csv
KCO0122,2010-01-08,0.0,0.0,0.0,0.0,4.0,2.0,2.0,0.0,1.0,4.0,0.0,4.0,1.0,0.0,0.0,0.0,0.0,0.0,0.0,0.0,0.0,0.0,0.0,0.0,0.0,0.0,0.0,0.0,15,USB activity detected,1,0.22838849427851565,0,0.03044635091598822,0.697005956229538,0,15,low,USB activity detected,Kermit Coby Oliver,Kermit.Coby.Oliver@dtaa.com,IndustrialEngineer,1,3 - Manufacturing,1 - IndustrialEngineering,,Grant Tyrone Doyle,2011-05.csv
KCO0122,2010-01-12,0.0,0.0,0.0,0.0,2.0,1.0,1.0,0.0,1.0,1.0,0.0,1.0,1.0,0.0,0.0,0.0,0.0,0.0,0.0,0.0,0.0,0.0,0.0,0.0,0.0,0.0,0.0,0.0,15,USB activity detected,1,0.22229860667995976,0,0.04602747331857822,0.697005956229538,0,15,low,USB activity detected,Kermit Coby Oliver,Kermit.Coby.Oliver@dtaa.com,IndustrialEngineer,1,3 - Manufacturing,1 - IndustrialEngineering,,Grant Tyrone Doyle,2011-05.csv
KCO0122,2010-01-13,0.0,0.0,0.0,0.0,2.0,1.0,1.0,0.0,1.0,0.0,0.0,0.0,0.0,0.0,0.0,0.0,0.0,0.0,0.0,0.0,0.0,0.0,0.0,0.0,0.0,0.0,0.0,0.0,15,USB activity detected,1,0.24138913393585137,0,0.034578884745784924,0.697005956229538,0,15,low,USB activity detected,Kermit Coby Oliver,Kermit.Coby.Oliver@dtaa.com,IndustrialEngineer,1,3 - Manufacturing,1 - IndustrialEngineering,,Grant Tyrone Doyle,2011-05.csv
KCS0173,2010-01-05,2.0,1.0,0.0,1.0,2.0,1.0,1.0,0.0,1.0,0.0,0.0,0.0,0.0,0.0,0.0,0.0,0.0,0.0,0.0,0.0,0.0,0.0,0.0,0.0,0.0,0.0,0.0,0.0,15,USB activity detected,1,0.25189093925128153,0,0.07959266726152052,0.697005956229538,0,15,low,USB activity detected,Kenyon Chancellor Sharpe,Kenyon.Chancellor.Sharpe@dtaa.com,Salesman,1,5 - SalesAndMarketing,2 - Sales,1 - RegionalSales,Meredith Ainsley Wolf,2011-05.csv
KCS0173,2010-01-06,2.0,2.0,0.0,2.0,2.0,1.0,1.0,0.0,1.0,4.0,0.0,4.0,1.0,0.0,0.0,0.0,0.0,0.0,0.0,0.0,0.0,0.0,0.0,0.0,0.0,0.0,0.0,0.0,15,USB activity detected,1,0.20214036090803728,0,0.13881515029446112,0.697005956229538,0,15,low,USB activity detected,Kenyon Chancellor Sharpe,Kenyon.Chancellor.Sharpe@dtaa.com,Salesman,1,5 - SalesAndMarketing,2 - Sales,1 - RegionalSales,Meredith Ainsley Wolf,2011-05.csv
KCS0173,2010-01-08,0.0,0.0,0.0,0.0,2.0,1.0,1.0,0.0,1.0,3.0,0.0,3.0,1.0,0.0,0.0,0.0,0.0,0.0,0.0,0.0,0.0,0.0,0.0,0.0,0.0,0.0,0.0,0.0,15,USB activity detected,1,0.22764297473751488,0,0.03607755261692584,0.697005956229538,0,15,low,USB activity detected,Kenyon Chancellor Sharpe,Kenyon.Chancellor.Sharpe@dtaa.com,Salesman,1,5 - SalesAndMarketing,2 - Sales,1 - RegionalSales,Meredith Ainsley Wolf,2011-05.csv
KCS0173,2010-01-12,0.0,0.0,0.0,0.0,4.0,2.0,2.0,0.0,1.0,1.0,0.0,1.0,1.0,0.0,0.0,0.0,0.0,0.0,0.0,0.0,0.0,0.0,0.0,0.0,0.0,0.0,0.0,0.0,15,USB activity detected,1,0.22508479258999203,0,0.041893755833660756,0.697005956229538,0,15,low,USB activity detected,Kenyon Chancellor Sharpe,Kenyon.Chancellor.Sharpe@dtaa.com,Salesman,1,5 - SalesAndMarketing,2 - Sales,1 - RegionalSales,Meredith Ainsley Wolf,2011-05.csv
KCS0173,2010-01-13,0.0,0.0,0.0,0.0,4.0,2.0,2.0,0.0,1.0,0.0,0.0,0.0,0.0,0.0,0.0,0.0,0.0,0.0,0.0,0.0,0.0,0.0,0.0,0.0,0.0,0.0,0.0,0.0,15,USB activity detected,1,0.24050968498880276,0,0.029387747032837967,0.697005956229538,0,15,low,USB activity detected,Kenyon Chancellor Sharpe,Kenyon.Chancellor.Sharpe@dtaa.com,Salesman,1,5 - SalesAndMarketing,2 - Sales,1 - RegionalSales,Meredith Ainsley Wolf,2011-05.csv
KJJ0293,2010-01-05,2.0,1.0,0.0,1.0,4.0,2.0,2.0,0.0,1.0,5.0,0.0,5.0,1.0,0.0,0.0,0.0,0.0,0.0,0.0,0.0,0.0,0.0,0.0,0.0,0.0,0.0,0.0,0.0,15,USB activity detected,1,0.22721492772466134,0,0.07773529359102915,0.697005956229538,0,15,low,USB activity detected,Kirk Jakeem Joyce,Kirk.Jakeem.Joyce@dtaa.com,ProductionLineWorker,1,3 - Manufacturing,3 - Assembly,1 - AssemblyDept,Shannon Chantale Price,2011-05.csv
KJJ0293,2010-01-07,2.0,0.0,0.0,1.0,4.0,2.0,2.0,0.0,1.0,0.0,0.0,0.0,0.0,0.0,0.0,0.0,0.0,0.0,0.0,0.0,0.0,0.0,0.0,0.0,0.0,0.0,0.0,0.0,15,USB activity detected,1,0.23270113570072892,0,0.11667513875601614,0.697005956229538,0,15,low,USB activity detected,Kirk Jakeem Joyce,Kirk.Jakeem.Joyce@dtaa.com,ProductionLineWorker,1,3 - Manufacturing,3 - Assembly,1 - AssemblyDept,Shannon Chantale Price,2011-05.csv
KJJ0293,2010-01-11,0.0,0.0,0.0,0.0,4.0,2.0,2.0,0.0,1.0,0.0,0.0,0.0,0.0,0.0,0.0,0.0,0.0,0.0,0.0,0.0,0.0,0.0,0.0,0.0,0.0,0.0,0.0,0.0,15,USB activity detected,1,0.24050968498880276,0,0.029387747032837967,0.697005956229538,0,15,low,USB activity detected,Kirk Jakeem Joyce,Kirk.Jakeem.Joyce@dtaa.com,ProductionLineWorker,1,3 - Manufacturing,3 - Assembly,1 - AssemblyDept,Shannon Chantale Price,2011-05.csv
KJP0371,2010-01-04,2.0,2.0,2.0,2.0,0.0,0.0,0.0,0.0,0.0,0.0,0.0,0.0,0.0,0.0,0.0,0.0,0.0,0.0,11.0,0.0,310576.0,28234.18181818182,9.0,5.0,17.0,5.0,0.0,1.0,20,Logon activity outside working hours,1,0.10686399680052827,0,0.14705285196189483,0.697005956229538,0,20,low,Logon activity outside working hours,Kyla Jocelyn Porter,Kyla.Jocelyn.Porter@dtaa.com,ITAdmin,1,1 - Adminstration,6 - Security,3 - ElectronicSecurity,Francis Brian Armstrong,2011-05.csv
KJP0371,2010-01-05,5.0,5.0,6.0,5.0,0.0,0.0,0.0,0.0,0.0,0.0,0.0,0.0,0.0,0.0,0.0,0.0,0.0,0.0,0.0,0.0,0.0,0.0,0.0,0.0,0.0,0.0,0.0,0.0,35,Logon activity outside working hours; Multiple PCs used for logon,1,0.050495914488157156,0,0.14905574540898395,0.697005956229538,0,35,medium,Logon activity outside working hours; Multiple PCs used for logon,Kyla Jocelyn Porter,Kyla.Jocelyn.Porter@dtaa.com,ITAdmin,1,1 - Adminstration,6 - Security,3 - ElectronicSecurity,Francis Brian Armstrong,2011-05.csv
KJP0371,2010-01-06,5.0,5.0,4.0,5.0,0.0,0.0,0.0,0.0,0.0,0.0,0.0,0.0,0.0,0.0,0.0,0.0,0.0,0.0,0.0,0.0,0.0,0.0,0.0,0.0,0.0,0.0,0.0,0.0,35,Logon activity outside working hours; Multiple PCs used for logon,1,0.07458584755118258,0,0.039824103532945215,0.697005956229538,0,35,medium,Logon activity outside working hours; Multiple PCs used for logon,Kyla Jocelyn Porter,Kyla.Jocelyn.Porter@dtaa.com,ITAdmin,1,1 - Adminstration,6 - Security,3 - ElectronicSecurity,Francis Brian Armstrong,2011-05.csv
KJP0371,2010-01-07,4.0,4.0,2.0,4.0,0.0,0.0,0.0,0.0,0.0,0.0,0.0,0.0,0.0,0.0,0.0,0.0,0.0,0.0,0.0,0.0,0.0,0.0,0.0,0.0,0.0,0.0,0.0,0.0,35,Logon activity outside working hours; Multiple PCs used for logon,1,0.11963737991674617,0,0.1011748870372339,0.697005956229538,0,35,medium,Logon activity outside working hours; Multiple PCs used for logon,Kyla Jocelyn Porter,Kyla.Jocelyn.Porter@dtaa.com,ITAdmin,1,1 - Adminstration,6 - Security,3 - ElectronicSecurity,Francis Brian Armstrong,2011-05.csv
KKW0879,2010-01-04,1.0,1.0,0.0,1.0,18.0,9.0,9.0,0.0,1.0,8.0,0.0,8.0,1.0,1.0,0.0,1.0,1.0,1.0,14.0,0.0,359849.0,25703.5,4.0,2.0,21.0,11.0,8.0,1.0,15,USB activity detected,-1,-0.004973257722176161,1,0.6154094922521921,0.697005956229538,0,55,medium,USB activity detected; AI anomaly detected by Isolation Forest,Keane Kennan Watts,Keane.Kennan.Watts@dtaa.com,Salesman,1,5 - SalesAndMarketing,2 - Sales,5 - RegionalSales,Hashim Damon Dudley,2011-05.csv
KKW0879,2010-01-05,1.0,1.0,0.0,1.0,18.0,9.0,9.0,0.0,1.0,4.0,0.0,4.0,1.0,0.0,0.0,0.0,0.0,0.0,0.0,0.0,0.0,0.0,0.0,0.0,0.0,0.0,0.0,0.0,15,USB activity detected,1,0.1354083272036148,0,0.06558466535065907,0.697005956229538,0,15,low,USB activity detected,Keane Kennan Watts,Keane.Kennan.Watts@dtaa.com,Salesman,1,5 - SalesAndMarketing,2 - Sales,5 - RegionalSales,Hashim Damon Dudley,2011-05.csv
KKW0879,2010-01-06,1.0,1.0,0.0,1.0,13.0,7.0,6.0,0.0,1.0,7.0,0.0,7.0,1.0,0.0,0.0,0.0,0.0,0.0,0.0,0.0,0.0,0.0,0.0,0.0,0.0,0.0,0.0,0.0,15,USB activity detected,1,0.16851749420955586,0,0.05452564700391521,0.697005956229538,0,15,low,USB activity detected,Keane Kennan Watts,Keane.Kennan.Watts@dtaa.com,Salesman,1,5 - SalesAndMarketing,2 - Sales,5 - RegionalSales,Hashim Damon Dudley,2011-05.csv
KKW0879,2010-01-07,1.0,0.0,0.0,1.0,16.0,8.0,8.0,0.0,1.0,3.0,0.0,3.0,1.0,0.0,0.0,0.0,0.0,0.0,0.0,0.0,0.0,0.0,0.0,0.0,0.0,0.0,0.0,0.0,15,USB activity detected,1,0.1573644649460652,0,0.07798963599806222,0.697005956229538,0,15,low,USB activity detected,Keane Kennan Watts,Keane.Kennan.Watts@dtaa.com,Salesman,1,5 - SalesAndMarketing,2 - Sales,5 - RegionalSales,Hashim Damon Dudley,2011-05.csv
KKW0879,2010-01-08,0.0,0.0,0.0,0.0,18.0,9.0,9.0,0.0,1.0,3.0,0.0,3.0,1.0,0.0,0.0,0.0,0.0,0.0,0.0,0.0,0.0,0.0,0.0,0.0,0.0,0.0,0.0,0.0,15,USB activity detected,1,0.13638929314778314,0,0.04817462372339612,0.697005956229538,0,15,low,USB activity detected,Keane Kennan Watts,Keane.Kennan.Watts@dtaa.com,Salesman,1,5 - SalesAndMarketing,2 - Sales,5 - RegionalSales,Hashim Damon Dudley,2011-05.csv
KKW0879,2010-01-09,0.0,0.0,0.0,0.0,18.0,9.0,9.0,0.0,1.0,6.0,0.0,6.0,1.0,0.0,0.0,0.0,0.0,0.0,0.0,0.0,0.0,0.0,0.0,0.0,0.0,0.0,0.0,0.0,15,USB activity detected,1,0.13546127045934409,0,0.04122199470041597,0.697005956229538,0,15,low,USB activity detected,Keane Kennan Watts,Keane.Kennan.Watts@dtaa.com,Salesman,1,5 - SalesAndMarketing,2 - Sales,5 - RegionalSales,Hashim Damon Dudley,2011-05.csv
KKW0879,2010-01-11,0.0,0.0,0.0,0.0,16.0,8.0,8.0,0.0,1.0,0.0,0.0,0.0,0.0,0.0,0.0,0.0,0.0,0.0,0.0,0.0,0.0,0.0,0.0,0.0,0.0,0.0,0.0,0.0,15,USB activity detected,1,0.1503712295256983,0,0.029066476541412846,0.697005956229538,0,15,low,USB activity detected,Keane Kennan Watts,Keane.Kennan.Watts@dtaa.com,Salesman,1,5 - SalesAndMarketing,2 - Sales,5 - RegionalSales,Hashim Damon Dudley,2011-05.csv
KKW0879,2010-01-12,0.0,0.0,0.0,0.0,16.0,8.0,8.0,0.0,1.0,7.0,0.0,7.0,1.0,0.0,0.0,0.0,0.0,0.0,0.0,0.0,0.0,0.0,0.0,0.0,0.0,0.0,0.0,0.0,15,USB activity detected,1,0.1473667118660243,0,0.03465412334242731,0.697005956229538,0,15,low,USB activity detected,Keane Kennan Watts,Keane.Kennan.Watts@dtaa.com,Salesman,1,5 - SalesAndMarketing,2 - Sales,5 - RegionalSales,Hashim Damon Dudley,2011-05.csv
KKW0879,2010-01-13,0.0,0.0,0.0,0.0,14.0,7.0,7.0,0.0,1.0,0.0,0.0,0.0,0.0,0.0,0.0,0.0,0.0,0.0,0.0,0.0,0.0,0.0,0.0,0.0,0.0,0.0,0.0,0.0,15,USB activity detected,1,0.15757970960448348,0,0.02795770502625191,0.697005956229538,0,15,low,USB activity detected,Keane Kennan Watts,Keane.Kennan.Watts@dtaa.com,Salesman,1,5 - SalesAndMarketing,2 - Sales,5 - RegionalSales,Hashim Damon Dudley,2011-05.csv
KLM0639,2010-01-04,1.0,1.0,1.0,1.0,0.0,0.0,0.0,0.0,0.0,0.0,0.0,0.0,0.0,0.0,0.0,0.0,0.0,0.0,3.0,0.0,83443.0,27814.333333333332,0.0,0.0,6.0,2.0,0.0,1.0,20,Logon activity outside working hours,1,0.20558453446979186,0,0.06426960455787305,0.697005956229538,0,20,low,Logon activity outside working hours,Katelyn Lani Murray,Katelyn.Lani.Murray@dtaa.com,Technician,1,5 - SalesAndMarketing,3 - FieldService,3 - RegionalFieldService,Hedwig Regina Livingston,2011-05.csv
KLM0639,2010-01-05,1.0,1.0,1.0,1.0,0.0,0.0,0.0,0.0,0.0,0.0,0.0,0.0,0.0,0.0,0.0,0.0,0.0,0.0,0.0,0.0,0.0,0.0,0.0,0.0,0.0,0.0,0.0,0.0,20,Logon activity outside working hours,1,0.2543368308857394,0,0.04029176788212439,0.697005956229538,0,20,low,Logon activity outside working hours,Katelyn Lani Murray,Katelyn.Lani.Murray@dtaa.com,Technician,1,5 - SalesAndMarketing,3 - FieldService,3 - RegionalFieldService,Hedwig Regina Livingston,2011-05.csv
KLM0639,2010-01-06,1.0,1.0,1.0,1.0,0.0,0.0,0.0,0.0,0.0,0.0,0.0,0.0,0.0,0.0,0.0,0.0,0.0,0.0,0.0,0.0,0.0,0.0,0.0,0.0,0.0,0.0,0.0,0.0,20,Logon activity outside working hours,1,0.2543368308857394,0,0.04029176788212439,0.697005956229538,0,20,low,Logon activity outside working hours,Katelyn Lani Murray,Katelyn.Lani.Murray@dtaa.com,Technician,1,5 - SalesAndMarketing,3 - FieldService,3 - RegionalFieldService,Hedwig Regina Livingston,2011-05.csv
KMB0922,2010-01-04,2.0,1.0,0.0,1.0,6.0,3.0,3.0,0.0,1.0,7.0,0.0,7.0,1.0,0.0,0.0,0.0,0.0,0.0,9.0,0.0,349485.0,38831.666666666664,9.0,4.0,15.0,9.0,5.0,1.0,15,USB activity detected,1,0.05379703854060536,0,0.059176886984983544,0.697005956229538,0,15,low,USB activity detected,Keegan Marvin Benson,Keegan.Marvin.Benson@dtaa.com,Scientist,1,2 - ResearchAndEngineering,1 - Research,6 - Lab,Lillith Adena Matthews,2011-05.csv
KMB0922,2010-01-05,2.0,1.0,0.0,1.0,2.0,1.0,1.0,0.0,1.0,4.0,0.0,4.0,1.0,0.0,0.0,0.0,0.0,0.0,0.0,0.0,0.0,0.0,0.0,0.0,0.0,0.0,0.0,0.0,15,USB activity detected,1,0.2322243189174663,0,0.07821326811304727,0.697005956229538,0,15,low,USB activity detected,Keegan Marvin Benson,Keegan.Marvin.Benson@dtaa.com,Scientist,1,2 - ResearchAndEngineering,1 - Research,6 - Lab,Lillith Adena Matthews,2011-05.csv
KMB0922,2010-01-06,4.0,3.0,0.0,3.0,2.0,1.0,1.0,2.0,1.0,9.0,9.0,9.0,1.0,0.0,0.0,0.0,0.0,0.0,0.0,0.0,0.0,0.0,0.0,0.0,0.0,0.0,0.0,0.0,80,USB activity detected; USB activity outside working hours; File copy activity outside working hours; Multiple PCs used for logon,1,0.045369701237634286,0,2.521437879158081,0.697005956229538,1,100,critical,USB activity detected; USB activity outside working hours; File copy activity outside working hours; Multiple PCs used for logon; AI anomaly detected by TensorFlow Autoencoder,Keegan Marvin Benson,Keegan.Marvin.Benson@dtaa.com,Scientist,1,2 - ResearchAndEngineering,1 - Research,6 - Lab,Lillith Adena Matthews,2011-05.csv
KMB0922,2010-01-07,2.0,1.0,1.0,1.0,2.0,1.0,1.0,0.0,1.0,0.0,0.0,0.0,0.0,0.0,0.0,0.0,0.0,0.0,0.0,0.0,0.0,0.0,0.0,0.0,0.0,0.0,0.0,0.0,35,Logon activity outside working hours; USB activity detected,1,0.2040636050963905,0,0.08260508716051213,0.697005956229538,0,35,medium,Logon activity outside working hours; USB activity detected,Keegan Marvin Benson,Keegan.Marvin.Benson@dtaa.com,Scientist,1,2 - ResearchAndEngineering,1 - Research,6 - Lab,Lillith Adena Matthews,2011-05.csv
KMB0922,2010-01-11,0.0,0.0,0.0,0.0,4.0,2.0,2.0,0.0,1.0,2.0,0.0,2.0,1.0,0.0,0.0,0.0,0.0,0.0,0.0,0.0,0.0,0.0,0.0,0.0,0.0,0.0,0.0,0.0,15,USB activity detected,1,0.2290339102880541,0,0.037354675290764694,0.697005956229538,0,15,low,USB activity detected,Keegan Marvin Benson,Keegan.Marvin.Benson@dtaa.com,Scientist,1,2 - ResearchAndEngineering,1 - Research,6 - Lab,Lillith Adena Matthews,2011-05.csv
KMB0922,2010-01-13,0.0,0.0,0.0,0.0,2.0,1.0,1.0,0.0,1.0,0.0,0.0,0.0,0.0,0.0,0.0,0.0,0.0,0.0,0.0,0.0,0.0,0.0,0.0,0.0,0.0,0.0,0.0,0.0,15,USB activity detected,1,0.24138913393585137,0,0.034578884745784924,0.697005956229538,0,15,low,USB activity detected,Keegan Marvin Benson,Keegan.Marvin.Benson@dtaa.com,Scientist,1,2 - ResearchAndEngineering,1 - Research,6 - Lab,Lillith Adena Matthews,2011-05.csv
KMS0657,2010-01-04,1.0,1.0,1.0,1.0,0.0,0.0,0.0,0.0,0.0,0.0,0.0,0.0,0.0,0.0,0.0,0.0,0.0,0.0,3.0,0.0,75959.0,25319.666666666668,0.0,0.0,7.0,1.0,0.0,1.0,20,Logon activity outside working hours,1,0.20118344687991424,0,0.06452830713669933,0.697005956229538,0,20,low,Logon activity outside working hours,Kay Maxine Skinner,Kay.Maxine.Skinner@dtaa.com,Technician,1,5 - SalesAndMarketing,3 - FieldService,3 - RegionalFieldService,Hedwig Regina Livingston,2011-05.csv
KMS0657,2010-01-05,1.0,1.0,1.0,1.0,0.0,0.0,0.0,0.0,0.0,0.0,0.0,0.0,0.0,0.0,0.0,0.0,0.0,0.0,0.0,0.0,0.0,0.0,0.0,0.0,0.0,0.0,0.0,0.0,20,Logon activity outside working hours,1,0.2543368308857394,0,0.04029176788212439,0.697005956229538,0,20,low,Logon activity outside working hours,Kay Maxine Skinner,Kay.Maxine.Skinner@dtaa.com,Technician,1,5 - SalesAndMarketing,3 - FieldService,3 - RegionalFieldService,Hedwig Regina Livingston,2011-05.csv
KMS0657,2010-01-06,1.0,1.0,1.0,1.0,0.0,0.0,0.0,0.0,0.0,0.0,0.0,0.0,0.0,0.0,0.0,0.0,0.0,0.0,0.0,0.0,0.0,0.0,0.0,0.0,0.0,0.0,0.0,0.0,20,Logon activity outside working hours,1,0.2543368308857394,0,0.04029176788212439,0.697005956229538,0,20,low,Logon activity outside working hours,Kay Maxine Skinner,Kay.Maxine.Skinner@dtaa.com,Technician,1,5 - SalesAndMarketing,3 - FieldService,3 - RegionalFieldService,Hedwig Regina Livingston,2011-05.csv
KNW0644,2010-01-04,1.0,1.0,1.0,1.0,0.0,0.0,0.0,0.0,0.0,0.0,0.0,0.0,0.0,0.0,0.0,0.0,0.0,0.0,0.0,0.0,0.0,0.0,0.0,0.0,0.0,0.0,0.0,0.0,20,Logon activity outside working hours,1,0.2543368308857394,0,0.04029176788212439,0.697005956229538,0,20,low,Logon activity outside working hours,Keiko Naida Webb,Keiko.Naida.Webb@dtaa.com,Technician,1,5 - SalesAndMarketing,3 - FieldService,3 - RegionalFieldService,Hedwig Regina Livingston,2011-05.csv
KNW0644,2010-01-05,1.0,1.0,1.0,1.0,0.0,0.0,0.0,0.0,0.0,0.0,0.0,0.0,0.0,0.0,0.0,0.0,0.0,0.0,0.0,0.0,0.0,0.0,0.0,0.0,0.0,0.0,0.0,0.0,20,Logon activity outside working hours,1,0.2543368308857394,0,0.04029176788212439,0.697005956229538,0,20,low,Logon activity outside working hours,Keiko Naida Webb,Keiko.Naida.Webb@dtaa.com,Technician,1,5 - SalesAndMarketing,3 - FieldService,3 - RegionalFieldService,Hedwig Regina Livingston,2011-05.csv
KNW0644,2010-01-06,1.0,1.0,1.0,1.0,0.0,0.0,0.0,0.0,0.0,0.0,0.0,0.0,0.0,0.0,0.0,0.0,0.0,0.0,0.0,0.0,0.0,0.0,0.0,0.0,0.0,0.0,0.0,0.0,20,Logon activity outside working hours,1,0.2543368308857394,0,0.040291766473220345,0.697005956229538,0,20,low,Logon activity outside working hours,Keiko Naida Webb,Keiko.Naida.Webb@dtaa.com,Technician,1,5 - SalesAndMarketing,3 - FieldService,3 - RegionalFieldService,Hedwig Regina Livingston,2011-05.csv
KRG0158,2010-01-04,1.0,1.0,1.0,1.0,0.0,0.0,0.0,0.0,0.0,0.0,0.0,0.0,0.0,17.0,8.0,11.0,11.0,1.0,10.0,0.0,219047.0,21904.7,4.0,3.0,13.0,3.0,0.0,1.0,20,Logon activity outside working hours,1,0.07854097378512748,0,1.076788327133243,0.697005956229538,1,50,medium,Logon activity outside working hours; AI anomaly detected by TensorFlow Autoencoder,Kenyon Raja Galloway,Kenyon.Raja.Galloway@dtaa.com,AdministrativeAssistant,1,5 - SalesAndMarketing,,,Hyatt Trevor Hayes,2011-05.csv
KRG0158,2010-01-06,1.0,1.0,1.0,1.0,0.0,0.0,0.0,0.0,0.0,0.0,0.0,0.0,0.0,0.0,0.0,0.0,0.0,0.0,0.0,0.0,0.0,0.0,0.0,0.0,0.0,0.0,0.0,0.0,20,Logon activity outside working hours,1,0.2543368308857394,0,0.04029176788212439,0.697005956229538,0,20,low,Logon activity outside working hours,Kenyon Raja Galloway,Kenyon.Raja.Galloway@dtaa.com,AdministrativeAssistant,1,5 - SalesAndMarketing,,,Hyatt Trevor Hayes,2011-05.csv
KRL0501,2010-01-04,1.0,1.0,0.0,1.0,4.0,2.0,2.0,0.0,1.0,0.0,0.0,0.0,0.0,0.0,0.0,0.0,0.0,0.0,15.0,0.0,406202.0,27080.133333333335,0.0,0.0,25.0,7.0,0.0,1.0,15,USB activity detected,1,0.12108864556936394,0,0.34123553641854576,0.697005956229538,0,15,low,USB activity detected,Kirby Ruby Lyons,Kirby.Ruby.Lyons@dtaa.com,Salesman,1,5 - SalesAndMarketing,2 - Sales,2 - RegionalSales,Bert Jason Henderson,2010-12.csv
KRL0501,2010-01-05,1.0,1.0,0.0,1.0,6.0,3.0,3.0,0.0,1.0,5.0,0.0,5.0,1.0,0.0,0.0,0.0,0.0,0.0,0.0,0.0,0.0,0.0,0.0,0.0,0.0,0.0,0.0,0.0,15,USB activity detected,1,0.2233660476061632,0,0.0525808219357365,0.697005956229538,0,15,low,USB activity detected,Kirby Ruby Lyons,Kirby.Ruby.Lyons@dtaa.com,Salesman,1,5 - SalesAndMarketing,2 - Sales,2 - RegionalSales,Bert Jason Henderson,2010-12.csv
KRL0501,2010-01-06,1.0,1.0,0.0,1.0,2.0,1.0,1.0,0.0,1.0,5.0,0.0,5.0,1.0,0.0,0.0,0.0,0.0,0.0,0.0,0.0,0.0,0.0,0.0,0.0,0.0,0.0,0.0,0.0,15,USB activity detected,1,0.23403554596914067,0,0.0487204112259938,0.697005956229538,0,15,low,USB activity detected,Kirby Ruby Lyons,Kirby.Ruby.Lyons@dtaa.com,Salesman,1,5 - SalesAndMarketing,2 - Sales,2 - RegionalSales,Bert Jason Henderson,2010-12.csv
KRL0501,2010-01-07,1.0,0.0,0.0,1.0,4.0,2.0,2.0,0.0,1.0,5.0,0.0,5.0,1.0,0.0,0.0,0.0,0.0,0.0,0.0,0.0,0.0,0.0,0.0,0.0,0.0,0.0,0.0,0.0,15,USB activity detected,1,0.22549927738007935,0,0.05566782424716029,0.697005956229538,0,15,low,USB activity detected,Kirby Ruby Lyons,Kirby.Ruby.Lyons@dtaa.com,Salesman,1,5 - SalesAndMarketing,2 - Sales,2 - RegionalSales,Bert Jason Henderson,2010-12.csv
KRL0501,2010-01-08,0.0,0.0,0.0,0.0,6.0,3.0,3.0,0.0,1.0,4.0,0.0,4.0,1.0,0.0,0.0,0.0,0.0,0.0,0.0,0.0,0.0,0.0,0.0,0.0,0.0,0.0,0.0,0.0,15,USB activity detected,1,0.21306448375072373,0,0.02941785780064514,0.697005956229538,0,15,low,USB activity detected,Kirby Ruby Lyons,Kirby.Ruby.Lyons@dtaa.com,Salesman,1,5 - SalesAndMarketing,2 - Sales,2 - RegionalSales,Bert Jason Henderson,2010-12.csv
KRL0501,2010-01-11,0.0,0.0,0.0,0.0,4.0,2.0,2.0,0.0,1.0,1.0,0.0,1.0,1.0,0.0,0.0,0.0,0.0,0.0,0.0,0.0,0.0,0.0,0.0,0.0,0.0,0.0,0.0,0.0,15,USB activity detected,1,0.22508479258999203,0,0.041893755833660756,0.697005956229538,0,15,low,USB activity detected,Kirby Ruby Lyons,Kirby.Ruby.Lyons@dtaa.com,Salesman,1,5 - SalesAndMarketing,2 - Sales,2 - RegionalSales,Bert Jason Henderson,2010-12.csv
KRL0501,2010-01-12,0.0,0.0,0.0,0.0,4.0,2.0,2.0,0.0,1.0,0.0,0.0,0.0,0.0,0.0,0.0,0.0,0.0,0.0,0.0,0.0,0.0,0.0,0.0,0.0,0.0,0.0,0.0,0.0,15,USB activity detected,1,0.24050968498880276,0,0.029387747032837967,0.697005956229538,0,15,low,USB activity detected,Kirby Ruby Lyons,Kirby.Ruby.Lyons@dtaa.com,Salesman,1,5 - SalesAndMarketing,2 - Sales,2 - RegionalSales,Bert Jason Henderson,2010-12.csv
KRL0501,2010-01-13,0.0,0.0,0.0,0.0,2.0,1.0,1.0,0.0,1.0,0.0,0.0,0.0,0.0,0.0,0.0,0.0,0.0,0.0,0.0,0.0,0.0,0.0,0.0,0.0,0.0,0.0,0.0,0.0,15,USB activity detected,1,0.24138913393585137,0,0.034578884745784924,0.697005956229538,0,15,low,USB activity detected,Kirby Ruby Lyons,Kirby.Ruby.Lyons@dtaa.com,Salesman,1,5 - SalesAndMarketing,2 - Sales,2 - RegionalSales,Bert Jason Henderson,2010-12.csv
KRV0372,2010-01-04,4.0,4.0,2.0,4.0,0.0,0.0,0.0,0.0,0.0,0.0,0.0,0.0,0.0,0.0,0.0,0.0,0.0,0.0,10.0,0.0,297814.0,29781.4,7.0,3.0,16.0,4.0,0.0,1.0,35,Logon activity outside working hours; Multiple PCs used for logon,1,0.07162951211878588,0,0.10115198076106044,0.697005956229538,0,35,medium,Logon activity outside working hours; Multiple PCs used for logon,Kennedy Robert Vega,Kennedy.Robert.Vega@dtaa.com,ITAdmin,1,1 - Adminstration,6 - Security,3 - ElectronicSecurity,Francis Brian Armstrong,2011-05.csv
KRV0372,2010-01-05,3.0,3.0,4.0,3.0,0.0,0.0,0.0,0.0,0.0,0.0,0.0,0.0,0.0,0.0,0.0,0.0,0.0,0.0,5.0,0.0,148095.0,29619.0,1.0,1.0,10.0,1.0,0.0,1.0,35,Logon activity outside working hours; Multiple PCs used for logon,1,0.08160877988725146,0,0.17281989076740953,0.697005956229538,0,35,medium,Logon activity outside working hours; Multiple PCs used for logon,Kennedy Robert Vega,Kennedy.Robert.Vega@dtaa.com,ITAdmin,1,1 - Adminstration,6 - Security,3 - ElectronicSecurity,Francis Brian Armstrong,2011-05.csv
KRV0372,2010-01-06,5.0,5.0,2.0,5.0,0.0,0.0,0.0,0.0,0.0,0.0,0.0,0.0,0.0,0.0,0.0,0.0,0.0,0.0,0.0,0.0,0.0,0.0,0.0,0.0,0.0,0.0,0.0,0.0,35,Logon activity outside working hours; Multiple PCs used for logon,1,0.10061771680109433,0,0.21639882866594048,0.697005956229538,0,35,medium,Logon activity outside working hours; Multiple PCs used for logon,Kennedy Robert Vega,Kennedy.Robert.Vega@dtaa.com,ITAdmin,1,1 - Adminstration,6 - Security,3 - ElectronicSecurity,Francis Brian Armstrong,2011-05.csv
KRV0372,2010-01-07,4.0,4.0,4.0,4.0,0.0,0.0,0.0,0.0,0.0,0.0,0.0,0.0,0.0,0.0,0.0,0.0,0.0,0.0,0.0,0.0,0.0,0.0,0.0,0.0,0.0,0.0,0.0,0.0,35,Logon activity outside working hours; Multiple PCs used for logon,1,0.09526591477003044,0,0.04874818224562555,0.697005956229538,0,35,medium,Logon activity outside working hours; Multiple PCs used for logon,Kennedy Robert Vega,Kennedy.Robert.Vega@dtaa.com,ITAdmin,1,1 - Adminstration,6 - Security,3 - ElectronicSecurity,Francis Brian Armstrong,2011-05.csv
KSP0357,2010-01-04,6.0,6.0,8.0,6.0,0.0,0.0,0.0,0.0,0.0,0.0,0.0,0.0,0.0,0.0,0.0,0.0,0.0,0.0,11.0,0.0,358754.0,32614.0,4.0,2.0,16.0,3.0,0.0,1.0,35,Logon activity outside working hours; Multiple PCs used for logon,-1,-0.00953098730330526,1,0.7144931890468771,0.697005956229538,1,100,critical,Logon activity outside working hours; Multiple PCs used for logon; AI anomaly detected by Isolation Forest; AI anomaly detected by TensorFlow Autoencoder,Kennedy Shad Parker,Kennedy.Shad.Parker@dtaa.com,ITAdmin,1,1 - Adminstration,6 - Security,3 - ElectronicSecurity,Francis Brian Armstrong,2010-11.csv
KSP0357,2010-01-05,5.0,5.0,6.0,5.0,0.0,0.0,0.0,0.0,0.0,0.0,0.0,0.0,0.0,0.0,0.0,0.0,0.0,0.0,4.0,0.0,100953.0,25238.25,0.0,0.0,6.0,2.0,0.0,1.0,35,Logon activity outside working hours; Multiple PCs used for logon,1,0.028178661977777297,0,0.20636539716652097,0.697005956229538,0,35,medium,Logon activity outside working hours; Multiple PCs used for logon,Kennedy Shad Parker,Kennedy.Shad.Parker@dtaa.com,ITAdmin,1,1 - Adminstration,6 - Security,3 - ElectronicSecurity,Francis Brian Armstrong,2010-11.csv
KSP0357,2010-01-06,2.0,2.0,2.0,2.0,0.0,0.0,0.0,0.0,0.0,0.0,0.0,0.0,0.0,0.0,0.0,0.0,0.0,0.0,0.0,0.0,0.0,0.0,0.0,0.0,0.0,0.0,0.0,0.0,20,Logon activity outside working hours,1,0.20806636614290203,0,0.03031814517863815,0.697005956229538,0,20,low,Logon activity outside working hours,Kennedy Shad Parker,Kennedy.Shad.Parker@dtaa.com,ITAdmin,1,1 - Adminstration,6 - Security,3 - ElectronicSecurity,Francis Brian Armstrong,2010-11.csv
KSP0357,2010-01-07,5.0,5.0,4.0,5.0,0.0,0.0,0.0,0.0,0.0,0.0,0.0,0.0,0.0,0.0,0.0,0.0,0.0,0.0,0.0,0.0,0.0,0.0,0.0,0.0,0.0,0.0,0.0,0.0,35,Logon activity outside working hours; Multiple PCs used for logon,1,0.07458584755118258,0,0.039824103532945215,0.697005956229538,0,35,medium,Logon activity outside working hours; Multiple PCs used for logon,Kennedy Shad Parker,Kennedy.Shad.Parker@dtaa.com,ITAdmin,1,1 - Adminstration,6 - Security,3 - ElectronicSecurity,Francis Brian Armstrong,2010-11.csv
KWE0082,2010-01-04,2.0,1.0,0.0,1.0,6.0,3.0,3.0,0.0,1.0,7.0,0.0,7.0,1.0,0.0,0.0,0.0,0.0,0.0,9.0,0.0,290656.0,32295.11111111111,3.0,1.0,15.0,6.0,6.0,1.0,15,USB activity detected,1,0.08381061193996464,0,0.22135541980600887,0.697005956229538,0,15,low,USB activity detected,Kane Walter Eaton,Kane.Walter.Eaton@dtaa.com,MechanicalEngineer,1,2 - ResearchAndEngineering,3 - Engineering,1 - MechanicalEngineering,Harper Price Harris,2011-05.csv
KWE0082,2010-01-05,2.0,1.0,0.0,1.0,4.0,2.0,2.0,0.0,1.0,3.0,0.0,3.0,1.0,0.0,0.0,0.0,0.0,0.0,1.0,0.0,19325.0,19325.0,1.0,1.0,1.0,1.0,1.0,1.0,15,USB activity detected,1,0.15222084821545334,0,0.0875173223390116,0.697005956229538,0,15,low,USB activity detected,Kane Walter Eaton,Kane.Walter.Eaton@dtaa.com,MechanicalEngineer,1,2 - ResearchAndEngineering,3 - Engineering,1 - MechanicalEngineering,Harper Price Harris,2011-05.csv
KWE0082,2010-01-06,2.0,1.0,0.0,1.0,9.0,5.0,4.0,0.0,1.0,9.0,0.0,9.0,1.0,0.0,0.0,0.0,0.0,0.0,0.0,0.0,0.0,0.0,0.0,0.0,0.0,0.0,0.0,0.0,15,USB activity detected,1,0.1811343625843378,0,0.07996262461935139,0.697005956229538,0,15,low,USB activity detected,Kane Walter Eaton,Kane.Walter.Eaton@dtaa.com,MechanicalEngineer,1,2 - ResearchAndEngineering,3 - Engineering,1 - MechanicalEngineering,Harper Price Harris,2011-05.csv
KWE0082,2010-01-07,2.0,1.0,0.0,1.0,2.0,1.0,1.0,0.0,1.0,13.0,0.0,13.0,1.0,0.0,0.0,0.0,0.0,0.0,0.0,0.0,0.0,0.0,0.0,0.0,0.0,0.0,0.0,0.0,15,USB activity detected,1,0.19197192103727362,0,0.07561813007804233,0.697005956229538,0,15,low,USB activity detected,Kane Walter Eaton,Kane.Walter.Eaton@dtaa.com,MechanicalEngineer,1,2 - ResearchAndEngineering,3 - Engineering,1 - MechanicalEngineering,Harper Price Harris,2011-05.csv
KWE0082,2010-01-08,0.0,0.0,0.0,0.0,4.0,2.0,2.0,0.0,1.0,4.0,0.0,4.0,1.0,0.0,0.0,0.0,0.0,0.0,0.0,0.0,0.0,0.0,0.0,0.0,0.0,0.0,0.0,0.0,15,USB activity detected,1,0.22838849427851565,0,0.03044635091598822,0.697005956229538,0,15,low,USB activity detected,Kane Walter Eaton,Kane.Walter.Eaton@dtaa.com,MechanicalEngineer,1,2 - ResearchAndEngineering,3 - Engineering,1 - MechanicalEngineering,Harper Price Harris,2011-05.csv
KWE0082,2010-01-11,0.0,0.0,0.0,0.0,4.0,2.0,2.0,0.0,1.0,6.0,0.0,6.0,1.0,0.0,0.0,0.0,0.0,0.0,0.0,0.0,0.0,0.0,0.0,0.0,0.0,0.0,0.0,0.0,15,USB activity detected,1,0.2250858456824696,0,0.025796192594961513,0.697005956229538,0,15,low,USB activity detected,Kane Walter Eaton,Kane.Walter.Eaton@dtaa.com,MechanicalEngineer,1,2 - ResearchAndEngineering,3 - Engineering,1 - MechanicalEngineering,Harper Price Harris,2011-05.csv
KWE0082,2010-01-12,0.0,0.0,0.0,0.0,4.0,2.0,2.0,0.0,1.0,8.0,0.0,8.0,1.0,0.0,0.0,0.0,0.0,0.0,0.0,0.0,0.0,0.0,0.0,0.0,0.0,0.0,0.0,0.0,15,USB activity detected,1,0.21621905950761322,0,0.023923954802363114,0.697005956229538,0,15,low,USB activity detected,Kane Walter Eaton,Kane.Walter.Eaton@dtaa.com,MechanicalEngineer,1,2 - ResearchAndEngineering,3 - Engineering,1 - MechanicalEngineering,Harper Price Harris,2011-05.csv
KWE0082,2010-01-13,0.0,0.0,0.0,0.0,2.0,1.0,1.0,0.0,1.0,0.0,0.0,0.0,0.0,0.0,0.0,0.0,0.0,0.0,0.0,0.0,0.0,0.0,0.0,0.0,0.0,0.0,0.0,0.0,15,USB activity detected,1,0.24138913393585137,0,0.034578884745784924,0.697005956229538,0,15,low,USB activity detected,Kane Walter Eaton,Kane.Walter.Eaton@dtaa.com,MechanicalEngineer,1,2 - ResearchAndEngineering,3 - Engineering,1 - MechanicalEngineering,Harper Price Harris,2011-05.csv
LAF0991,2010-01-04,1.0,1.0,1.0,1.0,0.0,0.0,0.0,0.0,0.0,0.0,0.0,0.0,0.0,0.0,0.0,0.0,0.0,0.0,9.0,0.0,274802.0,30533.555555555555,9.0,4.0,17.0,5.0,0.0,1.0,20,Logon activity outside working hours,1,0.17877954657353878,0,0.1482503795989214,0.697005956229538,0,20,low,Logon activity outside working hours,Lucas Ahmed Ferrell,Lucas.Ahmed.Ferrell@dtaa.com,IndustrialEngineer,1,3 - Manufacturing,1 - IndustrialEngineering,,Grant Tyrone Doyle,2011-05.csv
LAF0991,2010-01-05,2.0,1.0,1.0,1.0,0.0,0.0,0.0,0.0,0.0,0.0,0.0,0.0,0.0,0.0,0.0,0.0,0.0,0.0,0.0,0.0,0.0,0.0,0.0,0.0,0.0,0.0,0.0,0.0,20,Logon activity outside working hours,1,0.25615140751235443,0,0.042606806625200486,0.697005956229538,0,20,low,Logon activity outside working hours,Lucas Ahmed Ferrell,Lucas.Ahmed.Ferrell@dtaa.com,IndustrialEngineer,1,3 - Manufacturing,1 - IndustrialEngineering,,Grant Tyrone Doyle,2011-05.csv
LAF0991,2010-01-06,1.0,1.0,1.0,1.0,0.0,0.0,0.0,0.0,0.0,0.0,0.0,0.0,0.0,0.0,0.0,0.0,0.0,0.0,0.0,0.0,0.0,0.0,0.0,0.0,0.0,0.0,0.0,0.0,20,Logon activity outside working hours,1,0.2543368308857394,0,0.04029176788212439,0.697005956229538,0,20,low,Logon activity outside working hours,Lucas Ahmed Ferrell,Lucas.Ahmed.Ferrell@dtaa.com,IndustrialEngineer,1,3 - Manufacturing,1 - IndustrialEngineering,,Grant Tyrone Doyle,2011-05.csv
LBC0356,2010-01-04,3.0,2.0,2.0,2.0,0.0,0.0,0.0,0.0,0.0,0.0,0.0,0.0,0.0,0.0,0.0,0.0,0.0,0.0,11.0,0.0,385286.0,35026.0,5.0,4.0,20.0,12.0,5.0,1.0,20,Logon activity outside working hours,1,0.04536201046726174,0,0.10374541479186633,0.697005956229538,0,20,low,Logon activity outside working hours,Logan Branden Cherry,Logan.Branden.Cherry@dtaa.com,ITAdmin,1,1 - Adminstration,6 - Security,3 - ElectronicSecurity,Francis Brian Armstrong,2011-05.csv
LBC0356,2010-01-06,4.0,3.0,2.0,3.0,0.0,0.0,0.0,0.0,0.0,0.0,0.0,0.0,0.0,0.0,0.0,0.0,0.0,0.0,0.0,0.0,0.0,0.0,0.0,0.0,0.0,0.0,0.0,0.0,35,Logon activity outside working hours; Multiple PCs used for logon,1,0.14709322375115685,0,0.05506448126033909,0.697005956229538,0,35,medium,Logon activity outside working hours; Multiple PCs used for logon,Logan Branden Cherry,Logan.Branden.Cherry@dtaa.com,ITAdmin,1,1 - Adminstration,6 - Security,3 - ElectronicSecurity,Francis Brian Armstrong,2011-05.csv
LBC0356,2010-01-07,4.0,3.0,2.0,3.0,0.0,0.0,0.0,0.0,0.0,0.0,0.0,0.0,0.0,0.0,0.0,0.0,0.0,0.0,0.0,0.0,0.0,0.0,0.0,0.0,0.0,0.0,0.0,0.0,35,Logon activity outside working hours; Multiple PCs used for logon,1,0.14709322375115685,0,0.05506448126033909,0.697005956229538,0,35,medium,Logon activity outside working hours; Multiple PCs used for logon,Logan Branden Cherry,Logan.Branden.Cherry@dtaa.com,ITAdmin,1,1 - Adminstration,6 - Security,3 - ElectronicSecurity,Francis Brian Armstrong,2011-05.csv
LBF0214,2010-01-03,2.0,2.0,0.0,2.0,4.0,2.0,2.0,0.0,1.0,3.0,0.0,3.0,1.0,150.0,0.0,38.0,36.0,1.0,14.0,0.0,394989.0,28213.5,9.0,6.0,21.0,11.0,8.0,1.0,15,USB activity detected,-1,-0.04965851059867599,1,0.3494325008667447,0.697005956229538,0,55,medium,USB activity detected; AI anomaly detected by Isolation Forest,Leslie Briar Fields,Leslie.Briar.Fields@dtaa.com,SecurityGuard,1,1 - Adminstration,6 - Security,1 - BuildingSecurity,Clinton Coby Wolfe,2011-05.csv
LBF0214,2010-01-05,3.0,1.0,0.0,1.0,4.0,2.0,2.0,2.0,1.0,6.0,2.0,6.0,1.0,0.0,0.0,0.0,0.0,0.0,11.0,0.0,293427.0,26675.18181818182,15.0,6.0,24.0,7.0,7.0,1.0,65,USB activity detected; USB activity outside working hours; File copy activity outside working hours,1,0.010602502021223037,0,0.6425992399881046,0.697005956229538,0,65,high,USB activity detected; USB activity outside working hours; File copy activity outside working hours,Leslie Briar Fields,Leslie.Briar.Fields@dtaa.com,SecurityGuard,1,1 - Adminstration,6 - Security,1 - BuildingSecurity,Clinton Coby Wolfe,2011-05.csv
LBF0214,2010-01-06,2.0,2.0,1.0,1.0,2.0,1.0,1.0,0.0,1.0,3.0,0.0,3.0,1.0,0.0,0.0,0.0,0.0,0.0,0.0,0.0,0.0,0.0,0.0,0.0,0.0,0.0,0.0,0.0,35,Logon activity outside working hours; USB activity detected,1,0.16765190971364946,0,0.08549352382106637,0.697005956229538,0,35,medium,Logon activity outside working hours; USB activity detected,Leslie Briar Fields,Leslie.Briar.Fields@dtaa.com,SecurityGuard,1,1 - Adminstration,6 - Security,1 - BuildingSecurity,Clinton Coby Wolfe,2011-05.csv
LBF0214,2010-01-13,0.0,0.0,0.0,0.0,1.0,1.0,0.0,0.0,1.0,0.0,0.0,0.0,0.0,0.0,0.0,0.0,0.0,0.0,0.0,0.0,0.0,0.0,0.0,0.0,0.0,0.0,0.0,0.0,15,USB activity detected,1,0.23463246819413702,0,0.045396169464101646,0.697005956229538,0,15,low,USB activity detected,Leslie Briar Fields,Leslie.Briar.Fields@dtaa.com,SecurityGuard,1,1 - Adminstration,6 - Security,1 - BuildingSecurity,Clinton Coby Wolfe,2011-05.csv
LBH0942,2010-01-03,2.0,1.0,0.0,1.0,16.0,8.0,8.0,0.0,1.0,22.0,0.0,22.0,1.0,95.0,0.0,37.0,36.0,1.0,9.0,0.0,275940.0,30660.0,2.0,1.0,16.0,3.0,0.0,1.0,45,USB activity detected; High file copy activity,-1,-0.05018910662880072,1,0.3508956269080879,0.697005956229538,0,85,critical,USB activity detected; High file copy activity; AI anomaly detected by Isolation Forest,Lyle Brady Hayes,Lyle.Brady.Hayes@dtaa.com,SoftwareEngineer,1,2 - ResearchAndEngineering,2 - SoftwareManagement,6 - Software,Caleb Mason Ball,2011-05.csv
LBH0942,2010-01-04,2.0,1.0,0.0,1.0,18.0,9.0,9.0,0.0,1.0,26.0,0.0,26.0,1.0,6.0,0.0,6.0,6.0,1.0,8.0,0.0,274060.0,34257.5,1.0,1.0,15.0,5.0,0.0,1.0,45,USB activity detected; High file copy activity,-1,-0.025524448170605063,1,0.2674657067832629,0.697005956229538,0,85,critical,USB activity detected; High file copy activity; AI anomaly detected by Isolation Forest,Lyle Brady Hayes,Lyle.Brady.Hayes@dtaa.com,SoftwareEngineer,1,2 - ResearchAndEngineering,2 - SoftwareManagement,6 - Software,Caleb Mason Ball,2011-05.csv
LBH0942,2010-01-05,1.0,1.0,0.0,1.0,18.0,9.0,9.0,0.0,1.0,24.0,0.0,24.0,1.0,0.0,0.0,0.0,0.0,0.0,2.0,0.0,82820.0,41410.0,0.0,0.0,2.0,0.0,0.0,1.0,45,USB activity detected; High file copy activity,1,0.03392807790494912,0,0.09784637850556924,0.697005956229538,0,45,medium,USB activity detected; High file copy activity,Lyle Brady Hayes,Lyle.Brady.Hayes@dtaa.com,SoftwareEngineer,1,2 - ResearchAndEngineering,2 - SoftwareManagement,6 - Software,Caleb Mason Ball,2011-05.csv
LBH0942,2010-01-06,2.0,1.0,0.0,1.0,18.0,9.0,9.0,0.0,1.0,26.0,0.0,26.0,1.0,0.0,0.0,0.0,0.0,0.0,0.0,0.0,0.0,0.0,0.0,0.0,0.0,0.0,0.0,0.0,45,USB activity detected; High file copy activity,1,0.07040986108569924,0,0.09583676337852982,0.697005956229538,0,45,medium,USB activity detected; High file copy activity,Lyle Brady Hayes,Lyle.Brady.Hayes@dtaa.com,SoftwareEngineer,1,2 - ResearchAndEngineering,2 - SoftwareManagement,6 - Software,Caleb Mason Ball,2011-05.csv
LBH0942,2010-01-07,2.0,1.0,0.0,1.0,18.0,9.0,9.0,0.0,1.0,23.0,0.0,23.0,1.0,0.0,0.0,0.0,0.0,0.0,0.0,0.0,0.0,0.0,0.0,0.0,0.0,0.0,0.0,0.0,45,USB activity detected; High file copy activity,1,0.08955749429600213,0,0.08960630117011348,0.697005956229538,0,45,medium,USB activity detected; High file copy activity,Lyle Brady Hayes,Lyle.Brady.Hayes@dtaa.com,SoftwareEngineer,1,2 - ResearchAndEngineering,2 - SoftwareManagement,6 - Software,Caleb Mason Ball,2011-05.csv
LBH0942,2010-01-08,0.0,0.0,0.0,0.0,18.0,9.0,9.0,0.0,1.0,27.0,0.0,27.0,1.0,0.0,0.0,0.0,0.0,0.0,0.0,0.0,0.0,0.0,0.0,0.0,0.0,0.0,0.0,0.0,45,USB activity detected; High file copy activity,1,0.07587931229607192,0,0.07597268567036625,0.697005956229538,0,45,medium,USB activity detected; High file copy activity,Lyle Brady Hayes,Lyle.Brady.Hayes@dtaa.com,SoftwareEngineer,1,2 - ResearchAndEngineering,2 - SoftwareManagement,6 - Software,Caleb Mason Ball,2011-05.csv
LBH0942,2010-01-10,0.0,0.0,0.0,0.0,16.0,8.0,8.0,0.0,1.0,21.0,0.0,21.0,1.0,0.0,0.0,0.0,0.0,0.0,0.0,0.0,0.0,0.0,0.0,0.0,0.0,0.0,0.0,0.0,45,USB activity detected; High file copy activity,1,0.10870583728668037,0,0.05781746938661497,0.697005956229538,0,45,medium,USB activity detected; High file copy activity,Lyle Brady Hayes,Lyle.Brady.Hayes@dtaa.com,SoftwareEngineer,1,2 - ResearchAndEngineering,2 - SoftwareManagement,6 - Software,Caleb Mason Ball,2011-05.csv
LBH0942,2010-01-11,0.0,0.0,0.0,0.0,18.0,9.0,9.0,0.0,1.0,15.0,0.0,15.0,1.0,0.0,0.0,0.0,0.0,0.0,0.0,0.0,0.0,0.0,0.0,0.0,0.0,0.0,0.0,0.0,15,USB activity detected,1,0.11279460455481494,0,0.05583663797801333,0.697005956229538,0,15,low,USB activity detected,Lyle Brady Hayes,Lyle.Brady.Hayes@dtaa.com,SoftwareEngineer,1,2 - ResearchAndEngineering,2 - SoftwareManagement,6 - Software,Caleb Mason Ball,2011-05.csv
LBH0942,2010-01-12,0.0,0.0,0.0,0.0,18.0,9.0,9.0,0.0,1.0,20.0,0.0,20.0,1.0,0.0,0.0,0.0,0.0,0.0,0.0,0.0,0.0,0.0,0.0,0.0,0.0,0.0,0.0,0.0,15,USB activity detected,1,0.10135301074777103,0,0.09463234391582274,0.697005956229538,0,15,low,USB activity detected,Lyle Brady Hayes,Lyle.Brady.Hayes@dtaa.com,SoftwareEngineer,1,2 - ResearchAndEngineering,2 - SoftwareManagement,6 - Software,Caleb Mason Ball,2011-05.csv
LBH0942,2010-01-13,0.0,0.0,0.0,0.0,14.0,7.0,7.0,0.0,1.0,0.0,0.0,0.0,0.0,0.0,0.0,0.0,0.0,0.0,0.0,0.0,0.0,0.0,0.0,0.0,0.0,0.0,0.0,0.0,15,USB activity detected,1,0.15757970960448348,0,0.02795770502625191,0.697005956229538,0,15,low,USB activity detected,Lyle Brady Hayes,Lyle.Brady.Hayes@dtaa.com,SoftwareEngineer,1,2 - ResearchAndEngineering,2 - SoftwareManagement,6 - Software,Caleb Mason Ball,2011-05.csv
LCB0664,2010-01-04,2.0,1.0,0.0,1.0,18.0,9.0,9.0,0.0,1.0,0.0,0.0,0.0,0.0,0.0,0.0,0.0,0.0,0.0,14.0,0.0,417268.0,29804.85714285714,5.0,3.0,22.0,12.0,9.0,1.0,15,USB activity detected,1,0.03904796114140352,0,0.4361338882384252,0.697005956229538,0,15,low,USB activity detected,Lysandra Chastity Brennan,Lysandra.Chastity.Brennan@dtaa.com,Manager,1,5 - SalesAndMarketing,2 - Sales,4 - RegionalSales,Donovan Carlos Chapman,2011-05.csv
LCB0664,2010-01-05,2.0,1.0,0.0,1.0,18.0,9.0,9.0,0.0,1.0,0.0,0.0,0.0,0.0,0.0,0.0,0.0,0.0,0.0,0.0,0.0,0.0,0.0,0.0,0.0,0.0,0.0,0.0,0.0,15,USB activity detected,1,0.13731070429994963,0,0.09783810889465167,0.697005956229538,0,15,low,USB activity detected,Lysandra Chastity Brennan,Lysandra.Chastity.Brennan@dtaa.com,Manager,1,5 - SalesAndMarketing,2 - Sales,4 - RegionalSales,Donovan Carlos Chapman,2011-05.csv
LCB0664,2010-01-06,3.0,2.0,0.0,2.0,18.0,9.0,9.0,0.0,1.0,5.0,0.0,5.0,1.0,0.0,0.0,0.0,0.0,0.0,0.0,0.0,0.0,0.0,0.0,0.0,0.0,0.0,0.0,0.0,15,USB activity detected,1,0.10265130332415784,0,0.20792422031629665,0.697005956229538,0,15,low,USB activity detected,Lysandra Chastity Brennan,Lysandra.Chastity.Brennan@dtaa.com,Manager,1,5 - SalesAndMarketing,2 - Sales,4 - RegionalSales,Donovan Carlos Chapman,2011-05.csv
LCB0664,2010-01-07,2.0,1.0,0.0,1.0,18.0,9.0,9.0,0.0,1.0,2.0,0.0,2.0,1.0,0.0,0.0,0.0,0.0,0.0,0.0,0.0,0.0,0.0,0.0,0.0,0.0,0.0,0.0,0.0,15,USB activity detected,1,0.13586423462974234,0,0.10821668085223916,0.697005956229538,0,15,low,USB activity detected,Lysandra Chastity Brennan,Lysandra.Chastity.Brennan@dtaa.com,Manager,1,5 - SalesAndMarketing,2 - Sales,4 - RegionalSales,Donovan Carlos Chapman,2011-05.csv
LCB0664,2010-01-08,0.0,0.0,0.0,0.0,18.0,9.0,9.0,0.0,1.0,2.0,0.0,2.0,1.0,0.0,0.0,0.0,0.0,0.0,0.0,0.0,0.0,0.0,0.0,0.0,0.0,0.0,0.0,0.0,15,USB activity detected,1,0.1366240381960085,0,0.05225475334641123,0.697005956229538,0,15,low,USB activity detected,Lysandra Chastity Brennan,Lysandra.Chastity.Brennan@dtaa.com,Manager,1,5 - SalesAndMarketing,2 - Sales,4 - RegionalSales,Donovan Carlos Chapman,2011-05.csv
LCB0664,2010-01-11,0.0,0.0,0.0,0.0,16.0,8.0,8.0,0.0,1.0,2.0,0.0,2.0,1.0,0.0,0.0,0.0,0.0,0.0,0.0,0.0,0.0,0.0,0.0,0.0,0.0,0.0,0.0,0.0,15,USB activity detected,1,0.15155657986482762,0,0.04701959016086847,0.697005956229538,0,15,low,USB activity detected,Lysandra Chastity Brennan,Lysandra.Chastity.Brennan@dtaa.com,Manager,1,5 - SalesAndMarketing,2 - Sales,4 - RegionalSales,Donovan Carlos Chapman,2011-05.csv
LCB0664,2010-01-12,0.0,0.0,0.0,0.0,18.0,9.0,9.0,0.0,1.0,3.0,0.0,3.0,1.0,0.0,0.0,0.0,0.0,0.0,0.0,0.0,0.0,0.0,0.0,0.0,0.0,0.0,0.0,0.0,15,USB activity detected,1,0.13638929314778314,0,0.04817462372339612,0.697005956229538,0,15,low,USB activity detected,Lysandra Chastity Brennan,Lysandra.Chastity.Brennan@dtaa.com,Manager,1,5 - SalesAndMarketing,2 - Sales,4 - RegionalSales,Donovan Carlos Chapman,2011-05.csv
LCB0664,2010-01-13,0.0,0.0,0.0,0.0,12.0,6.0,6.0,0.0,1.0,0.0,0.0,0.0,0.0,0.0,0.0,0.0,0.0,0.0,0.0,0.0,0.0,0.0,0.0,0.0,0.0,0.0,0.0,0.0,15,USB activity detected,1,0.17167815582073637,0,0.026522234043302464,0.697005956229538,0,15,low,USB activity detected,Lysandra Chastity Brennan,Lysandra.Chastity.Brennan@dtaa.com,Manager,1,5 - SalesAndMarketing,2 - Sales,4 - RegionalSales,Donovan Carlos Chapman,2011-05.csv
LCC0819,2010-01-04,1.0,1.0,0.0,1.0,2.0,1.0,1.0,0.0,1.0,4.0,0.0,4.0,1.0,0.0,0.0,0.0,0.0,0.0,8.0,0.0,238092.0,29761.5,0.0,0.0,13.0,3.0,0.0,1.0,15,USB activity detected,1,0.14839018300569562,0,0.14900615054886393,0.697005956229538,0,15,low,USB activity detected,Leslie Cassandra Colon,Leslie.Cassandra.Colon@dtaa.com,ComputerProgrammer,1,2 - ResearchAndEngineering,2 - SoftwareManagement,5 - Software,Sara Gail George,2010-07.csv
LCC0819,2010-01-05,1.0,1.0,0.0,1.0,2.0,1.0,1.0,0.0,1.0,0.0,0.0,0.0,0.0,0.0,0.0,0.0,0.0,0.0,0.0,0.0,0.0,0.0,0.0,0.0,0.0,0.0,0.0,0.0,15,USB activity detected,1,0.2603283061036015,0,0.05398812641293277,0.697005956229538,0,15,low,USB activity detected,Leslie Cassandra Colon,Leslie.Cassandra.Colon@dtaa.com,ComputerProgrammer,1,2 - ResearchAndEngineering,2 - SoftwareManagement,5 - Software,Sara Gail George,2010-07.csv
LCC0819,2010-01-06,1.0,1.0,0.0,1.0,6.0,3.0,3.0,0.0,1.0,5.0,0.0,5.0,1.0,0.0,0.0,0.0,0.0,0.0,0.0,0.0,0.0,0.0,0.0,0.0,0.0,0.0,0.0,0.0,15,USB activity detected,1,0.2233660476061632,0,0.0525808219357365,0.697005956229538,0,15,low,USB activity detected,Leslie Cassandra Colon,Leslie.Cassandra.Colon@dtaa.com,ComputerProgrammer,1,2 - ResearchAndEngineering,2 - SoftwareManagement,5 - Software,Sara Gail George,2010-07.csv
LCC0819,2010-01-07,1.0,0.0,0.0,1.0,4.0,2.0,2.0,0.0,1.0,0.0,0.0,0.0,0.0,0.0,0.0,0.0,0.0,0.0,0.0,0.0,0.0,0.0,0.0,0.0,0.0,0.0,0.0,0.0,15,USB activity detected,1,0.2436885306897817,0,0.06415937104750191,0.697005956229538,0,15,low,USB activity detected,Leslie Cassandra Colon,Leslie.Cassandra.Colon@dtaa.com,ComputerProgrammer,1,2 - ResearchAndEngineering,2 - SoftwareManagement,5 - Software,Sara Gail George,2010-07.csv
LCC0819,2010-01-08,0.0,0.0,0.0,0.0,8.0,4.0,4.0,0.0,1.0,5.0,0.0,5.0,1.0,0.0,0.0,0.0,0.0,0.0,0.0,0.0,0.0,0.0,0.0,0.0,0.0,0.0,0.0,0.0,15,USB activity detected,1,0.19275973842598748,0,0.027644096938851295,0.697005956229538,0,15,low,USB activity detected,Leslie Cassandra Colon,Leslie.Cassandra.Colon@dtaa.com,ComputerProgrammer,1,2 - ResearchAndEngineering,2 - SoftwareManagement,5 - Software,Sara Gail George,2010-07.csv
LCC0819,2010-01-11,0.0,0.0,0.0,0.0,2.0,1.0,1.0,0.0,1.0,0.0,0.0,0.0,0.0,0.0,0.0,0.0,0.0,0.0,0.0,0.0,0.0,0.0,0.0,0.0,0.0,0.0,0.0,0.0,15,USB activity detected,1,0.24138913393585137,0,0.03457887603854521,0.697005956229538,0,15,low,USB activity detected,Leslie Cassandra Colon,Leslie.Cassandra.Colon@dtaa.com,ComputerProgrammer,1,2 - ResearchAndEngineering,2 - SoftwareManagement,5 - Software,Sara Gail George,2010-07.csv
LDG0459,2010-01-04,2.0,2.0,0.0,2.0,4.0,2.0,2.0,0.0,1.0,3.0,0.0,3.0,1.0,0.0,0.0,0.0,0.0,0.0,1.0,0.0,24002.0,24002.0,0.0,0.0,2.0,1.0,1.0,1.0,15,USB activity detected,1,0.13831323961730585,0,0.13102006651255607,0.697005956229538,0,15,low,USB activity detected,Lacota Dahlia Good,Lacota.Dahlia.Good@dtaa.com,ProductionLineWorker,1,3 - Manufacturing,3 - Assembly,2 - AssemblyDept,Armando Albert Walter,2011-05.csv
LDG0459,2010-01-12,0.0,0.0,0.0,0.0,2.0,1.0,1.0,0.0,1.0,6.0,0.0,6.0,1.0,0.0,0.0,0.0,0.0,0.0,0.0,0.0,0.0,0.0,0.0,0.0,0.0,0.0,0.0,0.0,15,USB activity detected,1,0.2188288303391091,0,0.0274749014302764,0.697005956229538,0,15,low,USB activity detected,Lacota Dahlia Good,Lacota.Dahlia.Good@dtaa.com,ProductionLineWorker,1,3 - Manufacturing,3 - Assembly,2 - AssemblyDept,Armando Albert Walter,2011-05.csv
LIM0674,2010-01-07,2.0,1.0,0.0,1.0,4.0,2.0,2.0,0.0,1.0,3.0,0.0,3.0,1.0,0.0,0.0,0.0,0.0,0.0,0.0,0.0,0.0,0.0,0.0,0.0,0.0,0.0,0.0,0.0,15,USB activity detected,1,0.2310312203707111,0,0.08434180734293042,0.697005956229538,0,15,low,USB activity detected,Leah Idola Moran,Leah.Idola.Moran@dtaa.com,Physicist,1,2 - ResearchAndEngineering,1 - Research,4 - Lab,Sarah Imelda Juarez,2011-05.csv
LJT0817,2010-01-04,1.0,1.0,0.0,1.0,4.0,2.0,2.0,0.0,1.0,7.0,0.0,7.0,1.0,0.0,0.0,0.0,0.0,0.0,9.0,0.0,242027.0,26891.88888888889,5.0,4.0,16.0,2.0,0.0,1.0,15,USB activity detected,1,0.10029190273128219,0,0.1749223206864043,0.697005956229538,0,15,low,USB activity detected,Luke Jacob Talley,Luke.Jacob.Talley@dtaa.com,ComputerScientist,1,2 - ResearchAndEngineering,2 - SoftwareManagement,5 - Software,Sara Gail George,2011-05.csv
LJT0817,2010-01-05,2.0,1.0,0.0,1.0,2.0,1.0,1.0,0.0,1.0,8.0,0.0,8.0,1.0,0.0,0.0,0.0,0.0,0.0,3.0,0.0,134092.0,44697.333333333336,2.0,2.0,5.0,0.0,0.0,1.0,15,USB activity detected,1,0.11194406523768385,0,0.25283961949669154,0.697005956229538,0,15,low,USB activity detected,Luke Jacob Talley,Luke.Jacob.Talley@dtaa.com,ComputerScientist,1,2 - ResearchAndEngineering,2 - SoftwareManagement,5 - Software,Sara Gail George,2011-05.csv
LJT0817,2010-01-06,1.0,1.0,0.0,1.0,4.0,2.0,2.0,0.0,1.0,2.0,0.0,2.0,1.0,0.0,0.0,0.0,0.0,0.0,0.0,0.0,0.0,0.0,0.0,0.0,0.0,0.0,0.0,0.0,15,USB activity detected,1,0.2339467796911417,0,0.06003208253189664,0.697005956229538,0,15,low,USB activity detected,Luke Jacob Talley,Luke.Jacob.Talley@dtaa.com,ComputerScientist,1,2 - ResearchAndEngineering,2 - SoftwareManagement,5 - Software,Sara Gail George,2011-05.csv
LJT0817,2010-01-07,2.0,0.0,0.0,1.0,8.0,4.0,4.0,0.0,1.0,7.0,0.0,7.0,1.0,0.0,0.0,0.0,0.0,0.0,0.0,0.0,0.0,0.0,0.0,0.0,0.0,0.0,0.0,0.0,15,USB activity detected,1,0.18349817127662904,0,0.1064598329128434,0.697005956229538,0,15,low,USB activity detected,Luke Jacob Talley,Luke.Jacob.Talley@dtaa.com,ComputerScientist,1,2 - ResearchAndEngineering,2 - SoftwareManagement,5 - Software,Sara Gail George,2011-05.csv
LJT0817,2010-01-08,0.0,0.0,0.0,0.0,4.0,2.0,2.0,0.0,1.0,6.0,0.0,6.0,1.0,0.0,0.0,0.0,0.0,0.0,0.0,0.0,0.0,0.0,0.0,0.0,0.0,0.0,0.0,0.0,15,USB activity detected,1,0.2250858456824696,0,0.025796192594961513,0.697005956229538,0,15,low,USB activity detected,Luke Jacob Talley,Luke.Jacob.Talley@dtaa.com,ComputerScientist,1,2 - ResearchAndEngineering,2 - SoftwareManagement,5 - Software,Sara Gail George,2011-05.csv
LJT0817,2010-01-11,0.0,0.0,0.0,0.0,2.0,1.0,1.0,0.0,1.0,2.0,0.0,2.0,1.0,0.0,0.0,0.0,0.0,0.0,0.0,0.0,0.0,0.0,0.0,0.0,0.0,0.0,0.0,0.0,15,USB activity detected,1,0.2257817351181608,0,0.0407946951664791,0.697005956229538,0,15,low,USB activity detected,Luke Jacob Talley,Luke.Jacob.Talley@dtaa.com,ComputerScientist,1,2 - ResearchAndEngineering,2 - SoftwareManagement,5 - Software,Sara Gail George,2011-05.csv
LJT0817,2010-01-12,0.0,0.0,0.0,0.0,6.0,3.0,3.0,0.0,1.0,1.0,0.0,1.0,1.0,0.0,0.0,0.0,0.0,0.0,0.0,0.0,0.0,0.0,0.0,0.0,0.0,0.0,0.0,0.0,15,USB activity detected,1,0.2092469980224541,0,0.04111771016119977,0.697005956229538,0,15,low,USB activity detected,Luke Jacob Talley,Luke.Jacob.Talley@dtaa.com,ComputerScientist,1,2 - ResearchAndEngineering,2 - SoftwareManagement,5 - Software,Sara Gail George,2011-05.csv
LJT0817,2010-01-13,0.0,0.0,0.0,0.0,6.0,3.0,3.0,0.0,1.0,0.0,0.0,0.0,0.0,0.0,0.0,0.0,0.0,0.0,0.0,0.0,0.0,0.0,0.0,0.0,0.0,0.0,0.0,0.0,15,USB activity detected,1,0.21255883227265943,0,0.027228099363080988,0.697005956229538,0,15,low,USB activity detected,Luke Jacob Talley,Luke.Jacob.Talley@dtaa.com,ComputerScientist,1,2 - ResearchAndEngineering,2 - SoftwareManagement,5 - Software,Sara Gail George,2011-05.csv
LNR0656,2010-01-04,1.0,1.0,1.0,1.0,0.0,0.0,0.0,0.0,0.0,0.0,0.0,0.0,0.0,0.0,0.0,0.0,0.0,0.0,3.0,0.0,84385.0,28128.333333333332,0.0,0.0,3.0,1.0,0.0,1.0,20,Logon activity outside working hours,1,0.20717937282707988,0,0.06699709467637854,0.697005956229538,0,20,low,Logon activity outside working hours,Lacey Nomlanga Rasmussen,Lacey.Nomlanga.Rasmussen@dtaa.com,Technician,1,5 - SalesAndMarketing,3 - FieldService,3 - RegionalFieldService,Hedwig Regina Livingston,2011-05.csv
LNR0656,2010-01-05,1.0,1.0,1.0,1.0,0.0,0.0,0.0,0.0,0.0,0.0,0.0,0.0,0.0,0.0,0.0,0.0,0.0,0.0,0.0,0.0,0.0,0.0,0.0,0.0,0.0,0.0,0.0,0.0,20,Logon activity outside working hours,1,0.2543368308857394,0,0.04029176788212439,0.697005956229538,0,20,low,Logon activity outside working hours,Lacey Nomlanga Rasmussen,Lacey.Nomlanga.Rasmussen@dtaa.com,Technician,1,5 - SalesAndMarketing,3 - FieldService,3 - RegionalFieldService,Hedwig Regina Livingston,2011-05.csv
LNR0656,2010-01-06,1.0,1.0,1.0,1.0,0.0,0.0,0.0,0.0,0.0,0.0,0.0,0.0,0.0,0.0,0.0,0.0,0.0,0.0,0.0,0.0,0.0,0.0,0.0,0.0,0.0,0.0,0.0,0.0,20,Logon activity outside working hours,1,0.2543368308857394,0,0.04029176788212439,0.697005956229538,0,20,low,Logon activity outside working hours,Lacey Nomlanga Rasmussen,Lacey.Nomlanga.Rasmussen@dtaa.com,Technician,1,5 - SalesAndMarketing,3 - FieldService,3 - RegionalFieldService,Hedwig Regina Livingston,2011-05.csv
LOM0086,2010-01-04,2.0,1.0,0.0,1.0,6.0,3.0,3.0,0.0,1.0,6.0,0.0,6.0,1.0,1.0,0.0,1.0,1.0,1.0,8.0,0.0,243095.0,30386.875,3.0,2.0,11.0,7.0,3.0,1.0,15,USB activity detected,1,0.07007414442334192,0,0.4170933605765161,0.697005956229538,0,15,low,USB activity detected,Lane Oleg Mclaughlin,Lane.Oleg.Mclaughlin@dtaa.com,ElectricalEngineer,1,2 - ResearchAndEngineering,3 - Engineering,2 - ElectricalEngineering,Dylan Tiger Terry,2010-06.csv
LOM0086,2010-01-05,2.0,1.0,0.0,1.0,2.0,1.0,1.0,0.0,1.0,10.0,0.0,10.0,1.0,0.0,0.0,0.0,0.0,0.0,4.0,0.0,115241.0,28810.25,4.0,2.0,6.0,4.0,3.0,1.0,15,USB activity detected,1,0.11425212296376741,0,0.11026493641604537,0.697005956229538,0,15,low,USB activity detected,Lane Oleg Mclaughlin,Lane.Oleg.Mclaughlin@dtaa.com,ElectricalEngineer,1,2 - ResearchAndEngineering,3 - Engineering,2 - ElectricalEngineering,Dylan Tiger Terry,2010-06.csv
LOM0086,2010-01-06,2.0,1.0,0.0,1.0,4.0,2.0,2.0,0.0,1.0,0.0,0.0,0.0,0.0,0.0,0.0,0.0,0.0,0.0,0.0,0.0,0.0,0.0,0.0,0.0,0.0,0.0,0.0,0.0,15,USB activity detected,1,0.2439084768615084,0,0.08670116150714335,0.697005956229538,0,15,low,USB activity detected,Lane Oleg Mclaughlin,Lane.Oleg.Mclaughlin@dtaa.com,ElectricalEngineer,1,2 - ResearchAndEngineering,3 - Engineering,2 - ElectricalEngineering,Dylan Tiger Terry,2010-06.csv
LOM0086,2010-01-07,2.0,1.0,0.0,1.0,4.0,2.0,2.0,0.0,1.0,3.0,0.0,3.0,1.0,0.0,0.0,0.0,0.0,0.0,0.0,0.0,0.0,0.0,0.0,0.0,0.0,0.0,0.0,0.0,15,USB activity detected,1,0.2310312203707111,0,0.08434180734293042,0.697005956229538,0,15,low,USB activity detected,Lane Oleg Mclaughlin,Lane.Oleg.Mclaughlin@dtaa.com,ElectricalEngineer,1,2 - ResearchAndEngineering,3 - Engineering,2 - ElectricalEngineering,Dylan Tiger Terry,2010-06.csv
LOM0086,2010-01-08,0.0,0.0,0.0,0.0,8.0,4.0,4.0,0.0,1.0,6.0,0.0,6.0,1.0,0.0,0.0,0.0,0.0,0.0,0.0,0.0,0.0,0.0,0.0,0.0,0.0,0.0,0.0,0.0,15,USB activity detected,1,0.19311102398080043,0,0.025828096025977344,0.697005956229538,0,15,low,USB activity detected,Lane Oleg Mclaughlin,Lane.Oleg.Mclaughlin@dtaa.com,ElectricalEngineer,1,2 - ResearchAndEngineering,3 - Engineering,2 - ElectricalEngineering,Dylan Tiger Terry,2010-06.csv
LOM0086,2010-01-11,0.0,0.0,0.0,0.0,4.0,2.0,2.0,0.0,1.0,0.0,0.0,0.0,0.0,0.0,0.0,0.0,0.0,0.0,0.0,0.0,0.0,0.0,0.0,0.0,0.0,0.0,0.0,0.0,15,USB activity detected,1,0.24050968498880276,0,0.029387752890849578,0.697005956229538,0,15,low,USB activity detected,Lane Oleg Mclaughlin,Lane.Oleg.Mclaughlin@dtaa.com,ElectricalEngineer,1,2 - ResearchAndEngineering,3 - Engineering,2 - ElectricalEngineering,Dylan Tiger Terry,2010-06.csv
LOM0086,2010-01-12,0.0,0.0,0.0,0.0,6.0,3.0,3.0,0.0,1.0,8.0,0.0,8.0,1.0,0.0,0.0,0.0,0.0,0.0,0.0,0.0,0.0,0.0,0.0,0.0,0.0,0.0,0.0,0.0,15,USB activity detected,1,0.2009822118465318,0,0.023256925917672575,0.697005956229538,0,15,low,USB activity detected,Lane Oleg Mclaughlin,Lane.Oleg.Mclaughlin@dtaa.com,ElectricalEngineer,1,2 - ResearchAndEngineering,3 - Engineering,2 - ElectricalEngineering,Dylan Tiger Terry,2010-06.csv
LOM0086,2010-01-13,0.0,0.0,0.0,0.0,2.0,1.0,1.0,0.0,1.0,0.0,0.0,0.0,0.0,0.0,0.0,0.0,0.0,0.0,0.0,0.0,0.0,0.0,0.0,0.0,0.0,0.0,0.0,0.0,15,USB activity detected,1,0.24138913393585137,0,0.034578884745784924,0.697005956229538,0,15,low,USB activity detected,Lane Oleg Mclaughlin,Lane.Oleg.Mclaughlin@dtaa.com,ElectricalEngineer,1,2 - ResearchAndEngineering,3 - Engineering,2 - ElectricalEngineering,Dylan Tiger Terry,2010-06.csv
LRR0148,2010-01-02,3.0,2.0,2.0,2.0,6.0,3.0,3.0,0.0,1.0,1.0,0.0,1.0,1.0,143.0,1.0,40.0,40.0,1.0,14.0,0.0,457996.0,32714.0,8.0,5.0,19.0,7.0,0.0,1.0,35,Logon activity outside working hours; USB activity detected,-1,-0.061548040385688174,1,0.687994846549999,0.697005956229538,0,75,high,Logon activity outside working hours; USB activity detected; AI anomaly detected by Isolation Forest,Libby Rosalyn Richard,Libby.Rosalyn.Richard@dtaa.com,Manager,1,4 - Finance,3 - FinancialPlanning,,Thomas Vladimir Stokes,2011-05.csv
LRR0148,2010-01-04,2.0,1.0,0.0,1.0,6.0,3.0,3.0,0.0,1.0,6.0,0.0,6.0,1.0,17.0,0.0,14.0,14.0,1.0,14.0,0.0,428175.0,30583.928571428572,3.0,3.0,23.0,3.0,0.0,1.0,15,USB activity detected,1,0.012839654706061299,0,0.24224195417488928,0.697005956229538,0,15,low,USB activity detected,Libby Rosalyn Richard,Libby.Rosalyn.Richard@dtaa.com,Manager,1,4 - Finance,3 - FinancialPlanning,,Thomas Vladimir Stokes,2011-05.csv
LRR0148,2010-01-06,2.0,1.0,0.0,1.0,6.0,3.0,3.0,0.0,1.0,5.0,0.0,5.0,1.0,0.0,0.0,0.0,0.0,0.0,0.0,0.0,0.0,0.0,0.0,0.0,0.0,0.0,0.0,0.0,15,USB activity detected,1,0.2177931583042476,0,0.08160384504842016,0.697005956229538,0,15,low,USB activity detected,Libby Rosalyn Richard,Libby.Rosalyn.Richard@dtaa.com,Manager,1,4 - Finance,3 - FinancialPlanning,,Thomas Vladimir Stokes,2011-05.csv
LRR0148,2010-01-07,2.0,0.0,1.0,1.0,2.0,1.0,1.0,0.0,1.0,0.0,0.0,0.0,0.0,0.0,0.0,0.0,0.0,0.0,0.0,0.0,0.0,0.0,0.0,0.0,0.0,0.0,0.0,0.0,35,Logon activity outside working hours; USB activity detected,1,0.18937513757049101,0,0.1601462000046428,0.697005956229538,0,35,medium,Logon activity outside working hours; USB activity detected,Libby Rosalyn Richard,Libby.Rosalyn.Richard@dtaa.com,Manager,1,4 - Finance,3 - FinancialPlanning,,Thomas Vladimir Stokes,2011-05.csv
LRR0148,2010-01-08,0.0,0.0,0.0,0.0,4.0,2.0,2.0,0.0,1.0,0.0,0.0,0.0,0.0,0.0,0.0,0.0,0.0,0.0,0.0,0.0,0.0,0.0,0.0,0.0,0.0,0.0,0.0,0.0,15,USB activity detected,1,0.24050968498880276,0,0.029387747032837967,0.697005956229538,0,15,low,USB activity detected,Libby Rosalyn Richard,Libby.Rosalyn.Richard@dtaa.com,Manager,1,4 - Finance,3 - FinancialPlanning,,Thomas Vladimir Stokes,2011-05.csv
LRR0148,2010-01-11,0.0,0.0,0.0,0.0,6.0,3.0,3.0,0.0,1.0,6.0,0.0,6.0,1.0,0.0,0.0,0.0,0.0,0.0,0.0,0.0,0.0,0.0,0.0,0.0,0.0,0.0,0.0,0.0,15,USB activity detected,1,0.20918704781614778,0,0.02541740156256517,0.697005956229538,0,15,low,USB activity detected,Libby Rosalyn Richard,Libby.Rosalyn.Richard@dtaa.com,Manager,1,4 - Finance,3 - FinancialPlanning,,Thomas Vladimir Stokes,2011-05.csv
LRR0148,2010-01-12,0.0,0.0,0.0,0.0,2.0,1.0,1.0,0.0,1.0,5.0,0.0,5.0,1.0,0.0,0.0,0.0,0.0,0.0,0.0,0.0,0.0,0.0,0.0,0.0,0.0,0.0,0.0,0.0,15,USB activity detected,1,0.2213894973586028,0,0.02906544660483747,0.697005956229538,0,15,low,USB activity detected,Libby Rosalyn Richard,Libby.Rosalyn.Richard@dtaa.com,Manager,1,4 - Finance,3 - FinancialPlanning,,Thomas Vladimir Stokes,2011-05.csv
LRR0148,2010-01-13,0.0,0.0,0.0,0.0,1.0,1.0,0.0,0.0,1.0,0.0,0.0,0.0,0.0,0.0,0.0,0.0,0.0,0.0,0.0,0.0,0.0,0.0,0.0,0.0,0.0,0.0,0.0,0.0,15,USB activity detected,1,0.23463246819413702,0,0.045396169464101646,0.697005956229538,0,15,low,USB activity detected,Libby Rosalyn Richard,Libby.Rosalyn.Richard@dtaa.com,Manager,1,4 - Finance,3 - FinancialPlanning,,Thomas Vladimir Stokes,2011-05.csv
LUR0896,2010-01-07,2.0,1.0,1.0,1.0,0.0,0.0,0.0,0.0,0.0,0.0,0.0,0.0,0.0,0.0,0.0,0.0,0.0,0.0,0.0,0.0,0.0,0.0,0.0,0.0,0.0,0.0,0.0,0.0,20,Logon activity outside working hours,1,0.25615140751235443,0,0.042606806625200486,0.697005956229538,0,20,low,Logon activity outside working hours,Leonard Uriel Ramos,Leonard.Uriel.Ramos@dtaa.com,Technician,1,5 - SalesAndMarketing,3 - FieldService,5 - RegionalFieldService,Blythe Veda Cooke,2011-02.csv
MAD0496,2010-01-03,1.0,1.0,0.0,1.0,0.0,0.0,0.0,0.0,0.0,0.0,0.0,0.0,0.0,162.0,0.0,41.0,39.0,1.0,15.0,0.0,474144.0,31609.6,2.0,1.0,25.0,7.0,0.0,1.0,0,,1,0.04916499325531576,0,0.9446795902603504,0.697005956229538,1,30,low,AI anomaly detected by TensorFlow Autoencoder,Martin Armand Douglas,Martin.Armand.Douglas@dtaa.com,Salesman,1,5 - SalesAndMarketing,2 - Sales,2 - RegionalSales,Bert Jason Henderson,2010-04.csv
MBJ0312,2010-01-04,2.0,1.0,0.0,1.0,2.0,1.0,1.0,0.0,1.0,3.0,0.0,3.0,1.0,0.0,0.0,0.0,0.0,0.0,15.0,0.0,447678.0,29845.2,12.0,6.0,22.0,8.0,0.0,1.0,15,USB activity detected,1,0.08135468868093898,0,0.21985769628313398,0.697005956229538,0,15,low,USB activity detected,Meghan Brianna Jensen,Meghan.Brianna.Jensen@dtaa.com,Salesman,1,5 - SalesAndMarketing,2 - Sales,1 - RegionalSales,Meredith Ainsley Wolf,2011-05.csv
MBJ0312,2010-01-05,2.0,1.0,0.0,1.0,6.0,3.0,3.0,0.0,1.0,4.0,0.0,4.0,1.0,0.0,0.0,0.0,0.0,0.0,4.0,0.0,84434.0,21108.5,0.0,0.0,4.0,0.0,0.0,1.0,15,USB activity detected,1,0.13555013607307997,0,0.08449824969035999,0.697005956229538,0,15,low,USB activity detected,Meghan Brianna Jensen,Meghan.Brianna.Jensen@dtaa.com,Salesman,1,5 - SalesAndMarketing,2 - Sales,1 - RegionalSales,Meredith Ainsley Wolf,2011-05.csv
MBJ0312,2010-01-06,2.0,1.0,0.0,1.0,8.0,4.0,4.0,0.0,1.0,7.0,0.0,7.0,1.0,0.0,0.0,0.0,0.0,0.0,0.0,0.0,0.0,0.0,0.0,0.0,0.0,0.0,0.0,0.0,15,USB activity detected,1,0.19240122016069122,0,0.07757628770008887,0.697005956229538,0,15,low,USB activity detected,Meghan Brianna Jensen,Meghan.Brianna.Jensen@dtaa.com,Salesman,1,5 - SalesAndMarketing,2 - Sales,1 - RegionalSales,Meredith Ainsley Wolf,2011-05.csv
MBJ0312,2010-01-07,2.0,1.0,0.0,1.0,6.0,3.0,3.0,0.0,1.0,0.0,0.0,0.0,0.0,0.0,0.0,0.0,0.0,0.0,0.0,0.0,0.0,0.0,0.0,0.0,0.0,0.0,0.0,0.0,15,USB activity detected,1,0.2215482981043012,0,0.08106947797581399,0.697005956229538,0,15,low,USB activity detected,Meghan Brianna Jensen,Meghan.Brianna.Jensen@dtaa.com,Salesman,1,5 - SalesAndMarketing,2 - Sales,1 - RegionalSales,Meredith Ainsley Wolf,2011-05.csv
MBJ0312,2010-01-08,0.0,0.0,0.0,0.0,10.0,5.0,5.0,0.0,1.0,5.0,0.0,5.0,1.0,0.0,0.0,0.0,0.0,0.0,0.0,0.0,0.0,0.0,0.0,0.0,0.0,0.0,0.0,0.0,15,USB activity detected,1,0.18307881215854854,0,0.02859982344956709,0.697005956229538,0,15,low,USB activity detected,Meghan Brianna Jensen,Meghan.Brianna.Jensen@dtaa.com,Salesman,1,5 - SalesAndMarketing,2 - Sales,1 - RegionalSales,Meredith Ainsley Wolf,2011-05.csv
MBJ0312,2010-01-11,0.0,0.0,0.0,0.0,4.0,2.0,2.0,0.0,1.0,0.0,0.0,0.0,0.0,0.0,0.0,0.0,0.0,0.0,0.0,0.0,0.0,0.0,0.0,0.0,0.0,0.0,0.0,0.0,15,USB activity detected,1,0.24050968498880276,0,0.029387747032837967,0.697005956229538,0,15,low,USB activity detected,Meghan Brianna Jensen,Meghan.Brianna.Jensen@dtaa.com,Salesman,1,5 - SalesAndMarketing,2 - Sales,1 - RegionalSales,Meredith Ainsley Wolf,2011-05.csv
MBJ0312,2010-01-12,0.0,0.0,0.0,0.0,8.0,4.0,4.0,0.0,1.0,1.0,0.0,1.0,1.0,0.0,0.0,0.0,0.0,0.0,0.0,0.0,0.0,0.0,0.0,0.0,0.0,0.0,0.0,0.0,15,USB activity detected,1,0.19327893685299052,0,0.04205639343334844,0.697005956229538,0,15,low,USB activity detected,Meghan Brianna Jensen,Meghan.Brianna.Jensen@dtaa.com,Salesman,1,5 - SalesAndMarketing,2 - Sales,1 - RegionalSales,Meredith Ainsley Wolf,2011-05.csv
MBJ0312,2010-01-13,0.0,0.0,0.0,0.0,3.0,2.0,1.0,0.0,1.0,0.0,0.0,0.0,0.0,0.0,0.0,0.0,0.0,0.0,0.0,0.0,0.0,0.0,0.0,0.0,0.0,0.0,0.0,0.0,15,USB activity detected,1,0.23826932337468903,0,0.034015706009011604,0.697005956229538,0,15,low,USB activity detected,Meghan Brianna Jensen,Meghan.Brianna.Jensen@dtaa.com,Salesman,1,5 - SalesAndMarketing,2 - Sales,1 - RegionalSales,Meredith Ainsley Wolf,2011-05.csv
MCD0125,2010-01-07,2.0,0.0,0.0,1.0,2.0,1.0,1.0,0.0,1.0,8.0,0.0,8.0,1.0,0.0,0.0,0.0,0.0,0.0,0.0,0.0,0.0,0.0,0.0,0.0,0.0,0.0,0.0,0.0,15,USB activity detected,1,0.20045590390156653,0,0.09597846177384335,0.697005956229538,0,15,low,USB activity detected,Mallory Charissa Dixon,Mallory.Charissa.Dixon@dtaa.com,MechanicalEngineer,1,3 - Manufacturing,2 - ManufacturingEngineering,,Fritz Dale Ellison,2010-06.csv
MCD0125,2010-01-10,0.0,0.0,0.0,0.0,2.0,1.0,1.0,0.0,1.0,6.0,0.0,6.0,1.0,0.0,0.0,0.0,0.0,0.0,0.0,0.0,0.0,0.0,0.0,0.0,0.0,0.0,0.0,0.0,15,USB activity detected,1,0.2188288303391091,0,0.0274749014302764,0.697005956229538,0,15,low,USB activity detected,Mallory Charissa Dixon,Mallory.Charissa.Dixon@dtaa.com,MechanicalEngineer,1,3 - Manufacturing,2 - ManufacturingEngineering,,Fritz Dale Ellison,2010-06.csv
MCD0125,2010-01-11,0.0,0.0,0.0,0.0,2.0,1.0,1.0,0.0,1.0,5.0,0.0,5.0,1.0,0.0,0.0,0.0,0.0,0.0,0.0,0.0,0.0,0.0,0.0,0.0,0.0,0.0,0.0,0.0,15,USB activity detected,1,0.2213894973586028,0,0.02906544660483747,0.697005956229538,0,15,low,USB activity detected,Mallory Charissa Dixon,Mallory.Charissa.Dixon@dtaa.com,MechanicalEngineer,1,3 - Manufacturing,2 - ManufacturingEngineering,,Fritz Dale Ellison,2010-06.csv
MDH0580,2010-01-05,1.0,1.0,0.0,1.0,2.0,1.0,1.0,0.0,1.0,0.0,0.0,0.0,0.0,0.0,0.0,0.0,0.0,0.0,0.0,0.0,0.0,0.0,0.0,0.0,0.0,0.0,0.0,0.0,15,USB activity detected,1,0.2603283061036015,0,0.05398812641293277,0.697005956229538,0,15,low,USB activity detected,Morgan Deborah Hoover,Morgan.Deborah.Hoover@dtaa.com,ProductionLineWorker,1,3 - Manufacturing,3 - Assembly,3 - AssemblyDept,Whilemina Pandora England,2011-02.csv
MDH0580,2010-01-06,1.0,1.0,0.0,1.0,4.0,2.0,2.0,0.0,1.0,5.0,0.0,5.0,1.0,0.0,0.0,0.0,0.0,0.0,0.0,0.0,0.0,0.0,0.0,0.0,0.0,0.0,0.0,0.0,15,USB activity detected,1,0.23289542618723003,0,0.0506856179946155,0.697005956229538,0,15,low,USB activity detected,Morgan Deborah Hoover,Morgan.Deborah.Hoover@dtaa.com,ProductionLineWorker,1,3 - Manufacturing,3 - Assembly,3 - AssemblyDept,Whilemina Pandora England,2011-02.csv
MDH0580,2010-01-07,1.0,0.0,0.0,1.0,4.0,2.0,2.0,0.0,1.0,4.0,0.0,4.0,1.0,0.0,0.0,0.0,0.0,0.0,0.0,0.0,0.0,0.0,0.0,0.0,0.0,0.0,0.0,0.0,15,USB activity detected,1,0.22736300067892606,0,0.05813981496040338,0.697005956229538,0,15,low,USB activity detected,Morgan Deborah Hoover,Morgan.Deborah.Hoover@dtaa.com,ProductionLineWorker,1,3 - Manufacturing,3 - Assembly,3 - AssemblyDept,Whilemina Pandora England,2011-02.csv
MDH0580,2010-01-08,0.0,0.0,0.0,0.0,6.0,3.0,3.0,0.0,1.0,3.0,0.0,3.0,1.0,0.0,0.0,0.0,0.0,0.0,0.0,0.0,0.0,0.0,0.0,0.0,0.0,0.0,0.0,0.0,15,USB activity detected,1,0.2141777637312171,0,0.03250715148939502,0.697005956229538,0,15,low,USB activity detected,Morgan Deborah Hoover,Morgan.Deborah.Hoover@dtaa.com,ProductionLineWorker,1,3 - Manufacturing,3 - Assembly,3 - AssemblyDept,Whilemina Pandora England,2011-02.csv
MDH0580,2010-01-11,0.0,0.0,0.0,0.0,2.0,1.0,1.0,0.0,1.0,5.0,0.0,5.0,1.0,0.0,0.0,0.0,0.0,0.0,0.0,0.0,0.0,0.0,0.0,0.0,0.0,0.0,0.0,0.0,15,USB activity detected,1,0.2213894973586028,0,0.02906544660483747,0.697005956229538,0,15,low,USB activity detected,Morgan Deborah Hoover,Morgan.Deborah.Hoover@dtaa.com,ProductionLineWorker,1,3 - Manufacturing,3 - Assembly,3 - AssemblyDept,Whilemina Pandora England,2011-02.csv
MDH0580,2010-01-12,0.0,0.0,0.0,0.0,4.0,2.0,2.0,0.0,1.0,1.0,0.0,1.0,1.0,0.0,0.0,0.0,0.0,0.0,0.0,0.0,0.0,0.0,0.0,0.0,0.0,0.0,0.0,0.0,15,USB activity detected,1,0.22508479258999203,0,0.041893752133687484,0.697005956229538,0,15,low,USB activity detected,Morgan Deborah Hoover,Morgan.Deborah.Hoover@dtaa.com,ProductionLineWorker,1,3 - Manufacturing,3 - Assembly,3 - AssemblyDept,Whilemina Pandora England,2011-02.csv
MDH0580,2010-01-13,0.0,0.0,0.0,0.0,4.0,2.0,2.0,0.0,1.0,0.0,0.0,0.0,0.0,0.0,0.0,0.0,0.0,0.0,0.0,0.0,0.0,0.0,0.0,0.0,0.0,0.0,0.0,0.0,15,USB activity detected,1,0.24050968498880276,0,0.029387752890849578,0.697005956229538,0,15,low,USB activity detected,Morgan Deborah Hoover,Morgan.Deborah.Hoover@dtaa.com,ProductionLineWorker,1,3 - Manufacturing,3 - Assembly,3 - AssemblyDept,Whilemina Pandora England,2011-02.csv
MDH0686,2010-01-03,1.0,1.0,0.0,1.0,0.0,0.0,0.0,0.0,0.0,0.0,0.0,0.0,0.0,95.0,0.0,52.0,50.0,1.0,9.0,0.0,271045.0,30116.11111111111,9.0,4.0,15.0,3.0,0.0,1.0,0,,1,0.06690411071007074,0,0.7825931372508927,0.697005956229538,1,30,low,AI anomaly detected by TensorFlow Autoencoder,Maxwell Dante Hutchinson,Maxwell.Dante.Hutchinson@dtaa.com,SoftwareEngineer,1,2 - ResearchAndEngineering,2 - SoftwareManagement,4 - Software,Aurora Tatiana Payne,2011-05.csv
MDM0625,2010-01-04,2.0,1.0,0.0,1.0,16.0,8.0,8.0,0.0,1.0,27.0,0.0,27.0,1.0,0.0,0.0,0.0,0.0,0.0,4.0,0.0,137008.0,34252.0,0.0,0.0,4.0,5.0,4.0,1.0,45,USB activity detected; High file copy activity,-1,-0.0029869339214831925,1,0.4449716415974657,0.697005956229538,0,85,critical,USB activity detected; High file copy activity; AI anomaly detected by Isolation Forest,Melyssa Deirdre Morgan,Melyssa.Deirdre.Morgan@dtaa.com,Salesman,1,5 - SalesAndMarketing,2 - Sales,3 - RegionalSales,Winter Veda Burks,2011-05.csv
MDM0625,2010-01-05,2.0,1.0,0.0,1.0,16.0,8.0,8.0,0.0,1.0,27.0,0.0,27.0,1.0,0.0,0.0,0.0,0.0,0.0,0.0,0.0,0.0,0.0,0.0,0.0,0.0,0.0,0.0,0.0,45,USB activity detected; High file copy activity,1,0.0855168816696582,0,0.09701462618728943,0.697005956229538,0,45,medium,USB activity detected; High file copy activity,Melyssa Deirdre Morgan,Melyssa.Deirdre.Morgan@dtaa.com,Salesman,1,5 - SalesAndMarketing,2 - Sales,3 - RegionalSales,Winter Veda Burks,2011-05.csv
MDM0625,2010-01-06,1.0,1.0,0.0,1.0,16.0,8.0,8.0,0.0,1.0,27.0,0.0,27.0,1.0,0.0,0.0,0.0,0.0,0.0,0.0,0.0,0.0,0.0,0.0,0.0,0.0,0.0,0.0,0.0,45,USB activity detected; High file copy activity,1,0.08946034157969951,0,0.0704822817876725,0.697005956229538,0,45,medium,USB activity detected; High file copy activity,Melyssa Deirdre Morgan,Melyssa.Deirdre.Morgan@dtaa.com,Salesman,1,5 - SalesAndMarketing,2 - Sales,3 - RegionalSales,Winter Veda Burks,2011-05.csv
MDM0625,2010-01-07,2.0,1.0,0.0,1.0,16.0,8.0,8.0,0.0,1.0,18.0,0.0,18.0,1.0,0.0,0.0,0.0,0.0,0.0,0.0,0.0,0.0,0.0,0.0,0.0,0.0,0.0,0.0,0.0,15,USB activity detected,1,0.13034527540395024,0,0.1408826420079497,0.697005956229538,0,15,low,USB activity detected,Melyssa Deirdre Morgan,Melyssa.Deirdre.Morgan@dtaa.com,Salesman,1,5 - SalesAndMarketing,2 - Sales,3 - RegionalSales,Winter Veda Burks,2011-05.csv
MDM0625,2010-01-08,0.0,0.0,0.0,0.0,16.0,8.0,8.0,0.0,1.0,27.0,0.0,27.0,1.0,0.0,0.0,0.0,0.0,0.0,0.0,0.0,0.0,0.0,0.0,0.0,0.0,0.0,0.0,0.0,45,USB activity detected; High file copy activity,1,0.0849111688235471,0,0.06968563904768824,0.697005956229538,0,45,medium,USB activity detected; High file copy activity,Melyssa Deirdre Morgan,Melyssa.Deirdre.Morgan@dtaa.com,Salesman,1,5 - SalesAndMarketing,2 - Sales,3 - RegionalSales,Winter Veda Burks,2011-05.csv
MDM0625,2010-01-11,0.0,0.0,0.0,0.0,16.0,8.0,8.0,0.0,1.0,27.0,0.0,27.0,1.0,0.0,0.0,0.0,0.0,0.0,0.0,0.0,0.0,0.0,0.0,0.0,0.0,0.0,0.0,0.0,45,USB activity detected; High file copy activity,1,0.0849111688235471,0,0.06968563904768824,0.697005956229538,0,45,medium,USB activity detected; High file copy activity,Melyssa Deirdre Morgan,Melyssa.Deirdre.Morgan@dtaa.com,Salesman,1,5 - SalesAndMarketing,2 - Sales,3 - RegionalSales,Winter Veda Burks,2011-05.csv
MDM0625,2010-01-12,0.0,0.0,0.0,0.0,14.0,7.0,7.0,0.0,1.0,22.0,0.0,22.0,1.0,0.0,0.0,0.0,0.0,0.0,0.0,0.0,0.0,0.0,0.0,0.0,0.0,0.0,0.0,0.0,45,USB activity detected; High file copy activity,1,0.10797785743370825,0,0.05193367762249529,0.697005956229538,0,45,medium,USB activity detected; High file copy activity,Melyssa Deirdre Morgan,Melyssa.Deirdre.Morgan@dtaa.com,Salesman,1,5 - SalesAndMarketing,2 - Sales,3 - RegionalSales,Winter Veda Burks,2011-05.csv
MDM0625,2010-01-13,0.0,0.0,0.0,0.0,16.0,8.0,8.0,0.0,1.0,0.0,0.0,0.0,0.0,0.0,0.0,0.0,0.0,0.0,0.0,0.0,0.0,0.0,0.0,0.0,0.0,0.0,0.0,0.0,15,USB activity detected,1,0.1503712295256983,0,0.029066476541412846,0.697005956229538,0,15,low,USB activity detected,Melyssa Deirdre Morgan,Melyssa.Deirdre.Morgan@dtaa.com,Salesman,1,5 - SalesAndMarketing,2 - Sales,3 - RegionalSales,Winter Veda Burks,2011-05.csv
MGS0974,2010-01-04,1.0,1.0,0.0,1.0,2.0,1.0,1.0,0.0,1.0,1.0,0.0,1.0,1.0,0.0,0.0,0.0,0.0,0.0,11.0,0.0,292678.0,26607.090909090908,3.0,2.0,20.0,10.0,4.0,1.0,15,USB activity detected,1,0.11238392175832679,0,0.12511645227607815,0.697005956229538,0,15,low,USB activity detected,Mari Gretchen Shaw,Mari.Gretchen.Shaw@dtaa.com,HumanResourceSpecialist,1,1 - Adminstration,1 - Personnel,,Bethany Xerxes Johnson,2011-05.csv
MGS0974,2010-01-09,0.0,0.0,0.0,0.0,4.0,2.0,2.0,0.0,1.0,0.0,0.0,0.0,0.0,0.0,0.0,0.0,0.0,0.0,0.0,0.0,0.0,0.0,0.0,0.0,0.0,0.0,0.0,0.0,15,USB activity detected,1,0.24050968498880276,0,0.029387747032837967,0.697005956229538,0,15,low,USB activity detected,Mari Gretchen Shaw,Mari.Gretchen.Shaw@dtaa.com,HumanResourceSpecialist,1,1 - Adminstration,1 - Personnel,,Bethany Xerxes Johnson,2011-05.csv
MGS0974,2010-01-12,0.0,0.0,0.0,0.0,2.0,1.0,1.0,0.0,1.0,2.0,0.0,2.0,1.0,0.0,0.0,0.0,0.0,0.0,0.0,0.0,0.0,0.0,0.0,0.0,0.0,0.0,0.0,0.0,15,USB activity detected,1,0.2257817351181608,0,0.04079469693806441,0.697005956229538,0,15,low,USB activity detected,Mari Gretchen Shaw,Mari.Gretchen.Shaw@dtaa.com,HumanResourceSpecialist,1,1 - Adminstration,1 - Personnel,,Bethany Xerxes Johnson,2011-05.csv
MKW0441,2010-01-04,2.0,1.0,0.0,1.0,6.0,3.0,3.0,0.0,1.0,0.0,0.0,0.0,0.0,0.0,0.0,0.0,0.0,0.0,3.0,0.0,104525.0,34841.666666666664,3.0,1.0,5.0,1.0,2.0,1.0,15,USB activity detected,1,0.14674149126207325,0,0.12071623483608557,0.697005956229538,0,15,low,USB activity detected,Macy Karleigh Winters,Macy.Karleigh.Winters@dtaa.com,Technician,1,2 - ResearchAndEngineering,3 - Engineering,7 - TestAndEvalualtion,Cameron Noel Elliott,2011-05.csv
MKW0441,2010-01-05,2.0,1.0,0.0,1.0,4.0,2.0,2.0,0.0,1.0,0.0,0.0,0.0,0.0,0.0,0.0,0.0,0.0,0.0,0.0,0.0,0.0,0.0,0.0,0.0,0.0,0.0,0.0,0.0,15,USB activity detected,1,0.2439084768615084,0,0.08670116150714335,0.697005956229538,0,15,low,USB activity detected,Macy Karleigh Winters,Macy.Karleigh.Winters@dtaa.com,Technician,1,2 - ResearchAndEngineering,3 - Engineering,7 - TestAndEvalualtion,Cameron Noel Elliott,2011-05.csv
MKW0441,2010-01-06,1.0,1.0,0.0,1.0,4.0,2.0,2.0,0.0,1.0,1.0,0.0,1.0,1.0,0.0,0.0,0.0,0.0,0.0,0.0,0.0,0.0,0.0,0.0,0.0,0.0,0.0,0.0,0.0,15,USB activity detected,1,0.23342072694348898,0,0.06455822996799723,0.697005956229538,0,15,low,USB activity detected,Macy Karleigh Winters,Macy.Karleigh.Winters@dtaa.com,Technician,1,2 - ResearchAndEngineering,3 - Engineering,7 - TestAndEvalualtion,Cameron Noel Elliott,2011-05.csv
MKW0441,2010-01-07,2.0,1.0,0.0,1.0,4.0,2.0,2.0,0.0,1.0,0.0,0.0,0.0,0.0,0.0,0.0,0.0,0.0,0.0,0.0,0.0,0.0,0.0,0.0,0.0,0.0,0.0,0.0,0.0,15,USB activity detected,1,0.2439084768615084,0,0.0867011637765672,0.697005956229538,0,15,low,USB activity detected,Macy Karleigh Winters,Macy.Karleigh.Winters@dtaa.com,Technician,1,2 - ResearchAndEngineering,3 - Engineering,7 - TestAndEvalualtion,Cameron Noel Elliott,2011-05.csv
MKW0441,2010-01-08,0.0,0.0,0.0,0.0,2.0,1.0,1.0,0.0,1.0,0.0,0.0,0.0,0.0,0.0,0.0,0.0,0.0,0.0,0.0,0.0,0.0,0.0,0.0,0.0,0.0,0.0,0.0,0.0,15,USB activity detected,1,0.24138913393585137,0,0.034578884745784924,0.697005956229538,0,15,low,USB activity detected,Macy Karleigh Winters,Macy.Karleigh.Winters@dtaa.com,Technician,1,2 - ResearchAndEngineering,3 - Engineering,7 - TestAndEvalualtion,Cameron Noel Elliott,2011-05.csv
MKW0441,2010-01-11,0.0,0.0,0.0,0.0,2.0,1.0,1.0,0.0,1.0,2.0,0.0,2.0,1.0,0.0,0.0,0.0,0.0,0.0,0.0,0.0,0.0,0.0,0.0,0.0,0.0,0.0,0.0,0.0,15,USB activity detected,1,0.2257817351181608,0,0.0407946951664791,0.697005956229538,0,15,low,USB activity detected,Macy Karleigh Winters,Macy.Karleigh.Winters@dtaa.com,Technician,1,2 - ResearchAndEngineering,3 - Engineering,7 - TestAndEvalualtion,Cameron Noel Elliott,2011-05.csv
MKW0441,2010-01-12,0.0,0.0,0.0,0.0,4.0,2.0,2.0,0.0,1.0,2.0,0.0,2.0,1.0,0.0,0.0,0.0,0.0,0.0,0.0,0.0,0.0,0.0,0.0,0.0,0.0,0.0,0.0,0.0,15,USB activity detected,1,0.2290339102880541,0,0.037354675290764694,0.697005956229538,0,15,low,USB activity detected,Macy Karleigh Winters,Macy.Karleigh.Winters@dtaa.com,Technician,1,2 - ResearchAndEngineering,3 - Engineering,7 - TestAndEvalualtion,Cameron Noel Elliott,2011-05.csv
MKW0441,2010-01-13,0.0,0.0,0.0,0.0,4.0,2.0,2.0,0.0,1.0,0.0,0.0,0.0,0.0,0.0,0.0,0.0,0.0,0.0,0.0,0.0,0.0,0.0,0.0,0.0,0.0,0.0,0.0,0.0,15,USB activity detected,1,0.24050968498880276,0,0.029387747032837967,0.697005956229538,0,15,low,USB activity detected,Macy Karleigh Winters,Macy.Karleigh.Winters@dtaa.com,Technician,1,2 - ResearchAndEngineering,3 - Engineering,7 - TestAndEvalualtion,Cameron Noel Elliott,2011-05.csv
MLL0598,2010-01-04,1.0,1.0,0.0,1.0,14.0,7.0,7.0,0.0,1.0,0.0,0.0,0.0,0.0,0.0,0.0,0.0,0.0,0.0,1.0,0.0,17908.0,17908.0,0.0,0.0,1.0,1.0,0.0,1.0,15,USB activity detected,1,0.1467472912665152,0,0.11509121695235688,0.697005956229538,0,15,low,USB activity detected,Marcia Lillian Lynn,Marcia.Lillian.Lynn@dtaa.com,ProductionLineWorker,1,3 - Manufacturing,3 - Assembly,3 - AssemblyDept,Whilemina Pandora England,2011-05.csv
MLL0598,2010-01-05,1.0,1.0,0.0,1.0,16.0,8.0,8.0,0.0,1.0,3.0,0.0,3.0,1.0,0.0,0.0,0.0,0.0,0.0,0.0,0.0,0.0,0.0,0.0,0.0,0.0,0.0,0.0,0.0,15,USB activity detected,1,0.15998472017131643,0,0.06550127098375598,0.697005956229538,0,15,low,USB activity detected,Marcia Lillian Lynn,Marcia.Lillian.Lynn@dtaa.com,ProductionLineWorker,1,3 - Manufacturing,3 - Assembly,3 - AssemblyDept,Whilemina Pandora England,2011-05.csv
MLL0598,2010-01-06,1.0,1.0,0.0,1.0,14.0,7.0,7.0,0.0,1.0,0.0,0.0,0.0,0.0,0.0,0.0,0.0,0.0,0.0,0.0,0.0,0.0,0.0,0.0,0.0,0.0,0.0,0.0,0.0,15,USB activity detected,1,0.17502136404926227,0,0.052662041527491196,0.697005956229538,0,15,low,USB activity detected,Marcia Lillian Lynn,Marcia.Lillian.Lynn@dtaa.com,ProductionLineWorker,1,3 - Manufacturing,3 - Assembly,3 - AssemblyDept,Whilemina Pandora England,2011-05.csv
MLL0598,2010-01-07,1.0,0.0,0.0,1.0,18.0,9.0,9.0,0.0,1.0,0.0,0.0,0.0,0.0,0.0,0.0,0.0,0.0,0.0,0.0,0.0,0.0,0.0,0.0,0.0,0.0,0.0,0.0,0.0,15,USB activity detected,1,0.14161833329740547,0,0.06695621110806102,0.697005956229538,0,15,low,USB activity detected,Marcia Lillian Lynn,Marcia.Lillian.Lynn@dtaa.com,ProductionLineWorker,1,3 - Manufacturing,3 - Assembly,3 - AssemblyDept,Whilemina Pandora England,2011-05.csv
MLL0598,2010-01-08,0.0,0.0,0.0,0.0,16.0,8.0,8.0,0.0,1.0,0.0,0.0,0.0,0.0,0.0,0.0,0.0,0.0,0.0,0.0,0.0,0.0,0.0,0.0,0.0,0.0,0.0,0.0,0.0,15,USB activity detected,1,0.1503712295256983,0,0.029066476541412846,0.697005956229538,0,15,low,USB activity detected,Marcia Lillian Lynn,Marcia.Lillian.Lynn@dtaa.com,ProductionLineWorker,1,3 - Manufacturing,3 - Assembly,3 - AssemblyDept,Whilemina Pandora England,2011-05.csv
MLL0598,2010-01-11,0.0,0.0,0.0,0.0,16.0,8.0,8.0,0.0,1.0,0.0,0.0,0.0,0.0,0.0,0.0,0.0,0.0,0.0,0.0,0.0,0.0,0.0,0.0,0.0,0.0,0.0,0.0,0.0,15,USB activity detected,1,0.1503712295256983,0,0.029066476541412846,0.697005956229538,0,15,low,USB activity detected,Marcia Lillian Lynn,Marcia.Lillian.Lynn@dtaa.com,ProductionLineWorker,1,3 - Manufacturing,3 - Assembly,3 - AssemblyDept,Whilemina Pandora England,2011-05.csv
MLL0598,2010-01-12,0.0,0.0,0.0,0.0,14.0,7.0,7.0,0.0,1.0,0.0,0.0,0.0,0.0,0.0,0.0,0.0,0.0,0.0,0.0,0.0,0.0,0.0,0.0,0.0,0.0,0.0,0.0,0.0,15,USB activity detected,1,0.15757970960448348,0,0.02795770502625191,0.697005956229538,0,15,low,USB activity detected,Marcia Lillian Lynn,Marcia.Lillian.Lynn@dtaa.com,ProductionLineWorker,1,3 - Manufacturing,3 - Assembly,3 - AssemblyDept,Whilemina Pandora England,2011-05.csv
MLL0598,2010-01-13,0.0,0.0,0.0,0.0,13.0,7.0,6.0,0.0,1.0,0.0,0.0,0.0,0.0,0.0,0.0,0.0,0.0,0.0,0.0,0.0,0.0,0.0,0.0,0.0,0.0,0.0,0.0,0.0,15,USB activity detected,1,0.16040036517451867,0,0.029549205612785,0.697005956229538,0,15,low,USB activity detected,Marcia Lillian Lynn,Marcia.Lillian.Lynn@dtaa.com,ProductionLineWorker,1,3 - Manufacturing,3 - Assembly,3 - AssemblyDept,Whilemina Pandora England,2011-05.csv
MLM0950,2010-01-03,2.0,1.0,0.0,1.0,4.0,2.0,2.0,0.0,1.0,12.0,0.0,12.0,1.0,10.0,0.0,9.0,9.0,1.0,1.0,0.0,18882.0,18882.0,0.0,0.0,3.0,0.0,1.0,1.0,15,USB activity detected,1,0.0672971342605464,0,0.33821325104233374,0.697005956229538,0,15,low,USB activity detected,Madison Lydia Morrison,Madison.Lydia.Morrison@dtaa.com,ProductionLineWorker,1,3 - Manufacturing,3 - Assembly,6 - AssemblyDept,Sandra Beverly Diaz,2011-05.csv
MLM0950,2010-01-05,2.0,2.0,0.0,2.0,4.0,2.0,2.0,0.0,1.0,6.0,0.0,6.0,1.0,0.0,0.0,0.0,0.0,0.0,1.0,0.0,26618.0,26618.0,0.0,0.0,1.0,0.0,1.0,1.0,15,USB activity detected,1,0.12665896670098753,0,0.14717877335653667,0.697005956229538,0,15,low,USB activity detected,Madison Lydia Morrison,Madison.Lydia.Morrison@dtaa.com,ProductionLineWorker,1,3 - Manufacturing,3 - Assembly,6 - AssemblyDept,Sandra Beverly Diaz,2011-05.csv
MLM0950,2010-01-06,2.0,1.0,0.0,1.0,4.0,2.0,2.0,0.0,1.0,6.0,0.0,6.0,1.0,0.0,0.0,0.0,0.0,0.0,0.0,0.0,0.0,0.0,0.0,0.0,0.0,0.0,0.0,0.0,15,USB activity detected,1,0.22362125449090492,0,0.07501713039595022,0.697005956229538,0,15,low,USB activity detected,Madison Lydia Morrison,Madison.Lydia.Morrison@dtaa.com,ProductionLineWorker,1,3 - Manufacturing,3 - Assembly,6 - AssemblyDept,Sandra Beverly Diaz,2011-05.csv
MLM0950,2010-01-07,2.0,1.0,0.0,1.0,4.0,2.0,2.0,0.0,1.0,10.0,0.0,10.0,1.0,0.0,0.0,0.0,0.0,0.0,0.0,0.0,0.0,0.0,0.0,0.0,0.0,0.0,0.0,0.0,15,USB activity detected,1,0.2010667544191752,0,0.07031001826332883,0.697005956229538,0,15,low,USB activity detected,Madison Lydia Morrison,Madison.Lydia.Morrison@dtaa.com,ProductionLineWorker,1,3 - Manufacturing,3 - Assembly,6 - AssemblyDept,Sandra Beverly Diaz,2011-05.csv
MLM0950,2010-01-08,0.0,0.0,0.0,0.0,4.0,2.0,2.0,2.0,1.0,9.0,2.0,9.0,1.0,0.0,0.0,0.0,0.0,0.0,0.0,0.0,0.0,0.0,0.0,0.0,0.0,0.0,0.0,0.0,65,USB activity detected; USB activity outside working hours; File copy activity outside working hours,1,0.11301219534272178,0,0.32418922054360344,0.697005956229538,0,65,high,USB activity detected; USB activity outside working hours; File copy activity outside working hours,Madison Lydia Morrison,Madison.Lydia.Morrison@dtaa.com,ProductionLineWorker,1,3 - Manufacturing,3 - Assembly,6 - AssemblyDept,Sandra Beverly Diaz,2011-05.csv
MLM0950,2010-01-09,0.0,0.0,0.0,0.0,10.0,5.0,5.0,0.0,1.0,8.0,0.0,8.0,1.0,0.0,0.0,0.0,0.0,0.0,0.0,0.0,0.0,0.0,0.0,0.0,0.0,0.0,0.0,0.0,15,USB activity detected,1,0.17616756949141532,0,0.024701904604821898,0.697005956229538,0,15,low,USB activity detected,Madison Lydia Morrison,Madison.Lydia.Morrison@dtaa.com,ProductionLineWorker,1,3 - Manufacturing,3 - Assembly,6 - AssemblyDept,Sandra Beverly Diaz,2011-05.csv
MLM0950,2010-01-10,0.0,0.0,0.0,0.0,6.0,3.0,3.0,0.0,1.0,7.0,0.0,7.0,1.0,0.0,0.0,0.0,0.0,0.0,0.0,0.0,0.0,0.0,0.0,0.0,0.0,0.0,0.0,0.0,15,USB activity detected,1,0.20675515137252387,0,0.02416830699504809,0.697005956229538,0,15,low,USB activity detected,Madison Lydia Morrison,Madison.Lydia.Morrison@dtaa.com,ProductionLineWorker,1,3 - Manufacturing,3 - Assembly,6 - AssemblyDept,Sandra Beverly Diaz,2011-05.csv
MLM0950,2010-01-11,0.0,0.0,0.0,0.0,6.0,3.0,3.0,0.0,1.0,3.0,0.0,3.0,1.0,0.0,0.0,0.0,0.0,0.0,0.0,0.0,0.0,0.0,0.0,0.0,0.0,0.0,0.0,0.0,15,USB activity detected,1,0.2141777637312171,0,0.03250715148939502,0.697005956229538,0,15,low,USB activity detected,Madison Lydia Morrison,Madison.Lydia.Morrison@dtaa.com,ProductionLineWorker,1,3 - Manufacturing,3 - Assembly,6 - AssemblyDept,Sandra Beverly Diaz,2011-05.csv
MLM0950,2010-01-12,0.0,0.0,0.0,0.0,5.0,3.0,2.0,0.0,1.0,12.0,0.0,12.0,1.0,0.0,0.0,0.0,0.0,0.0,0.0,0.0,0.0,0.0,0.0,0.0,0.0,0.0,0.0,0.0,15,USB activity detected,1,0.18662463271823237,0,0.030680354619031163,0.697005956229538,0,15,low,USB activity detected,Madison Lydia Morrison,Madison.Lydia.Morrison@dtaa.com,ProductionLineWorker,1,3 - Manufacturing,3 - Assembly,6 - AssemblyDept,Sandra Beverly Diaz,2011-05.csv
MNS0224,2010-01-04,3.0,3.0,2.0,3.0,0.0,0.0,0.0,0.0,0.0,0.0,0.0,0.0,0.0,2.0,0.0,2.0,2.0,1.0,11.0,0.0,301517.0,27410.636363636364,4.0,2.0,18.0,6.0,0.0,1.0,35,Logon activity outside working hours; Multiple PCs used for logon,1,0.06258886934513697,0,0.13806106668673626,0.697005956229538,0,35,medium,Logon activity outside working hours; Multiple PCs used for logon,Medge Nichole Sims,Medge.Nichole.Sims@dtaa.com,ITAdmin,1,1 - Adminstration,6 - Security,2 - ElectronicSecurity,Frances Alisa Wiggins,2011-05.csv
MNS0224,2010-01-05,4.0,4.0,6.0,4.0,0.0,0.0,0.0,0.0,0.0,0.0,0.0,0.0,0.0,0.0,0.0,0.0,0.0,0.0,6.0,0.0,179732.0,29955.333333333332,1.0,1.0,11.0,1.0,0.0,1.0,35,Logon activity outside working hours; Multiple PCs used for logon,1,0.04288734069964195,0,0.3656736375081732,0.697005956229538,0,35,medium,Logon activity outside working hours; Multiple PCs used for logon,Medge Nichole Sims,Medge.Nichole.Sims@dtaa.com,ITAdmin,1,1 - Adminstration,6 - Security,2 - ElectronicSecurity,Frances Alisa Wiggins,2011-05.csv
MNS0224,2010-01-06,2.0,2.0,2.0,2.0,0.0,0.0,0.0,0.0,0.0,0.0,0.0,0.0,0.0,0.0,0.0,0.0,0.0,0.0,0.0,0.0,0.0,0.0,0.0,0.0,0.0,0.0,0.0,0.0,20,Logon activity outside working hours,1,0.20806636614290203,0,0.03031814517863815,0.697005956229538,0,20,low,Logon activity outside working hours,Medge Nichole Sims,Medge.Nichole.Sims@dtaa.com,ITAdmin,1,1 - Adminstration,6 - Security,2 - ElectronicSecurity,Frances Alisa Wiggins,2011-05.csv
MNS0224,2010-01-07,3.0,3.0,4.0,3.0,0.0,0.0,0.0,0.0,0.0,0.0,0.0,0.0,0.0,0.0,0.0,0.0,0.0,0.0,0.0,0.0,0.0,0.0,0.0,0.0,0.0,0.0,0.0,0.0,35,Logon activity outside working hours; Multiple PCs used for logon,1,0.1341275347966155,0,0.12118637963412873,0.697005956229538,0,35,medium,Logon activity outside working hours; Multiple PCs used for logon,Medge Nichole Sims,Medge.Nichole.Sims@dtaa.com,ITAdmin,1,1 - Adminstration,6 - Security,2 - ElectronicSecurity,Frances Alisa Wiggins,2011-05.csv
MOH0273,2010-01-02,1.0,1.0,0.0,1.0,14.0,7.0,7.0,0.0,1.0,23.0,0.0,23.0,1.0,95.0,0.0,22.0,22.0,1.0,9.0,0.0,255153.0,28350.333333333332,2.0,1.0,17.0,8.0,4.0,1.0,45,USB activity detected; High file copy activity,-1,-0.03161575768189684,1,0.2628742236998925,0.697005956229538,0,85,critical,USB activity detected; High file copy activity; AI anomaly detected by Isolation Forest,Macaulay Otto Hopkins,Macaulay.Otto.Hopkins@dtaa.com,HardwareEngineer,1,2 - ResearchAndEngineering,3 - Engineering,4 - SystemsEngineering,Gage Kaden Odonnell,2011-05.csv
MOH0273,2010-01-04,1.0,1.0,0.0,1.0,18.0,9.0,9.0,0.0,1.0,16.0,0.0,16.0,1.0,5.0,0.0,5.0,5.0,1.0,5.0,0.0,127045.0,25409.0,0.0,0.0,7.0,5.0,1.0,1.0,15,USB activity detected,1,0.016592902589998793,0,0.3797942539394161,0.697005956229538,0,15,low,USB activity detected,Macaulay Otto Hopkins,Macaulay.Otto.Hopkins@dtaa.com,HardwareEngineer,1,2 - ResearchAndEngineering,3 - Engineering,4 - SystemsEngineering,Gage Kaden Odonnell,2011-05.csv
MOH0273,2010-01-05,1.0,1.0,0.0,1.0,14.0,7.0,7.0,0.0,1.0,27.0,0.0,27.0,1.0,0.0,0.0,0.0,0.0,0.0,0.0,0.0,0.0,0.0,0.0,0.0,0.0,0.0,0.0,0.0,45,USB activity detected; High file copy activity,1,0.09155121461741211,0,0.06383581264320504,0.697005956229538,0,45,medium,USB activity detected; High file copy activity,Macaulay Otto Hopkins,Macaulay.Otto.Hopkins@dtaa.com,HardwareEngineer,1,2 - ResearchAndEngineering,3 - Engineering,4 - SystemsEngineering,Gage Kaden Odonnell,2011-05.csv
MOH0273,2010-01-06,1.0,1.0,0.0,1.0,14.0,7.0,7.0,0.0,1.0,27.0,0.0,27.0,1.0,0.0,0.0,0.0,0.0,0.0,0.0,0.0,0.0,0.0,0.0,0.0,0.0,0.0,0.0,0.0,45,USB activity detected; High file copy activity,1,0.09155121461741211,0,0.06383581264320504,0.697005956229538,0,45,medium,USB activity detected; High file copy activity,Macaulay Otto Hopkins,Macaulay.Otto.Hopkins@dtaa.com,HardwareEngineer,1,2 - ResearchAndEngineering,3 - Engineering,4 - SystemsEngineering,Gage Kaden Odonnell,2011-05.csv
MOH0273,2010-01-07,1.0,0.0,0.0,1.0,18.0,9.0,9.0,0.0,1.0,27.0,0.0,27.0,1.0,0.0,0.0,0.0,0.0,0.0,0.0,0.0,0.0,0.0,0.0,0.0,0.0,0.0,0.0,0.0,45,USB activity detected; High file copy activity,1,0.06971875468120237,0,0.08881209692628077,0.697005956229538,0,45,medium,USB activity detected; High file copy activity,Macaulay Otto Hopkins,Macaulay.Otto.Hopkins@dtaa.com,HardwareEngineer,1,2 - ResearchAndEngineering,3 - Engineering,4 - SystemsEngineering,Gage Kaden Odonnell,2011-05.csv
MOH0273,2010-01-08,0.0,0.0,0.0,0.0,18.0,9.0,9.0,0.0,1.0,22.0,0.0,22.0,1.0,0.0,0.0,0.0,0.0,0.0,0.0,0.0,0.0,0.0,0.0,0.0,0.0,0.0,0.0,0.0,45,USB activity detected; High file copy activity,1,0.09791650625471582,0,0.06480323387949001,0.697005956229538,0,45,medium,USB activity detected; High file copy activity,Macaulay Otto Hopkins,Macaulay.Otto.Hopkins@dtaa.com,HardwareEngineer,1,2 - ResearchAndEngineering,3 - Engineering,4 - SystemsEngineering,Gage Kaden Odonnell,2011-05.csv
MOH0273,2010-01-09,0.0,0.0,0.0,0.0,18.0,9.0,9.0,0.0,1.0,21.0,0.0,21.0,1.0,0.0,0.0,0.0,0.0,0.0,0.0,0.0,0.0,0.0,0.0,0.0,0.0,0.0,0.0,0.0,45,USB activity detected; High file copy activity,1,0.0978113826816005,0,0.06432733598608809,0.697005956229538,0,45,medium,USB activity detected; High file copy activity,Macaulay Otto Hopkins,Macaulay.Otto.Hopkins@dtaa.com,HardwareEngineer,1,2 - ResearchAndEngineering,3 - Engineering,4 - SystemsEngineering,Gage Kaden Odonnell,2011-05.csv
MOH0273,2010-01-11,0.0,0.0,0.0,0.0,18.0,9.0,9.0,0.0,1.0,27.0,0.0,27.0,1.0,0.0,0.0,0.0,0.0,0.0,0.0,0.0,0.0,0.0,0.0,0.0,0.0,0.0,0.0,0.0,45,USB activity detected; High file copy activity,1,0.07587931229607192,0,0.07597268567036625,0.697005956229538,0,45,medium,USB activity detected; High file copy activity,Macaulay Otto Hopkins,Macaulay.Otto.Hopkins@dtaa.com,HardwareEngineer,1,2 - ResearchAndEngineering,3 - Engineering,4 - SystemsEngineering,Gage Kaden Odonnell,2011-05.csv
MOH0273,2010-01-12,0.0,0.0,0.0,0.0,13.0,7.0,6.0,0.0,1.0,16.0,0.0,16.0,1.0,0.0,0.0,0.0,0.0,0.0,0.0,0.0,0.0,0.0,0.0,0.0,0.0,0.0,0.0,0.0,15,USB activity detected,1,0.12565671212523966,0,0.05378619800371347,0.697005956229538,0,15,low,USB activity detected,Macaulay Otto Hopkins,Macaulay.Otto.Hopkins@dtaa.com,HardwareEngineer,1,2 - ResearchAndEngineering,3 - Engineering,4 - SystemsEngineering,Gage Kaden Odonnell,2011-05.csv
MOH0273,2010-01-13,0.0,0.0,0.0,0.0,12.0,6.0,6.0,0.0,1.0,0.0,0.0,0.0,0.0,0.0,0.0,0.0,0.0,0.0,0.0,0.0,0.0,0.0,0.0,0.0,0.0,0.0,0.0,0.0,15,USB activity detected,1,0.17167815582073637,0,0.026522230613821432,0.697005956229538,0,15,low,USB activity detected,Macaulay Otto Hopkins,Macaulay.Otto.Hopkins@dtaa.com,HardwareEngineer,1,2 - ResearchAndEngineering,3 - Engineering,4 - SystemsEngineering,Gage Kaden Odonnell,2011-05.csv
MOS0047,2010-01-04,8.0,7.0,10.0,7.0,14.0,7.0,7.0,10.0,6.0,13.0,12.0,13.0,4.0,2.0,0.0,2.0,2.0,1.0,9.0,0.0,371054.0,41228.22222222222,8.0,4.0,18.0,2.0,0.0,1.0,100,Logon activity outside working hours; USB activity detected; USB activity outside working hours; File copy activity outside working hours; Multiple PCs used for logon,-1,-0.15844892472161798,1,2.1172448621325755,0.697005956229538,1,100,critical,Logon activity outside working hours; USB activity detected; USB activity outside working hours; File copy activity outside working hours; Multiple PCs used for logon; AI anomaly detected by Isolation Forest; AI anomaly detected by TensorFlow Autoencoder,Mariko Olga Snyder,Mariko.Olga.Snyder@dtaa.com,ITAdmin,1,1 - Adminstration,6 - Security,2 - ElectronicSecurity,Frances Alisa Wiggins,2010-08.csv
MOS0047,2010-01-05,7.0,6.0,5.0,6.0,14.0,7.0,7.0,4.0,6.0,12.0,10.0,12.0,3.0,0.0,0.0,0.0,0.0,0.0,6.0,0.0,168726.0,28121.0,8.0,3.0,9.0,4.0,0.0,1.0,100,Logon activity outside working hours; USB activity detected; USB activity outside working hours; File copy activity outside working hours; Multiple PCs used for logon,-1,-0.11746022355451069,1,1.507577649851154,0.697005956229538,1,100,critical,Logon activity outside working hours; USB activity detected; USB activity outside working hours; File copy activity outside working hours; Multiple PCs used for logon; AI anomaly detected by Isolation Forest; AI anomaly detected by TensorFlow Autoencoder,Mariko Olga Snyder,Mariko.Olga.Snyder@dtaa.com,ITAdmin,1,1 - Adminstration,6 - Security,2 - ElectronicSecurity,Frances Alisa Wiggins,2010-08.csv
MOS0047,2010-01-06,3.0,3.0,2.0,3.0,4.0,2.0,2.0,2.0,2.0,0.0,0.0,0.0,0.0,0.0,0.0,0.0,0.0,0.0,0.0,0.0,0.0,0.0,0.0,0.0,0.0,0.0,0.0,0.0,75,Logon activity outside working hours; USB activity detected; USB activity outside working hours; Multiple PCs used for logon,1,0.0659137189433251,0,0.5792562732573004,0.697005956229538,0,75,high,Logon activity outside working hours; USB activity detected; USB activity outside working hours; Multiple PCs used for logon,Mariko Olga Snyder,Mariko.Olga.Snyder@dtaa.com,ITAdmin,1,1 - Adminstration,6 - Security,2 - ElectronicSecurity,Frances Alisa Wiggins,2010-08.csv
MOS0047,2010-01-07,4.0,3.0,2.0,3.0,12.0,6.0,6.0,4.0,4.0,4.0,3.0,4.0,2.0,0.0,0.0,0.0,0.0,0.0,0.0,0.0,0.0,0.0,0.0,0.0,0.0,0.0,0.0,0.0,100,Logon activity outside working hours; USB activity detected; USB activity outside working hours; File copy activity outside working hours; Multiple PCs used for logon,-1,-0.0012981798781477316,1,0.8739090593513228,0.697005956229538,1,100,critical,Logon activity outside working hours; USB activity detected; USB activity outside working hours; File copy activity outside working hours; Multiple PCs used for logon; AI anomaly detected by Isolation Forest; AI anomaly detected by TensorFlow Autoencoder,Mariko Olga Snyder,Mariko.Olga.Snyder@dtaa.com,ITAdmin,1,1 - Adminstration,6 - Security,2 - ElectronicSecurity,Frances Alisa Wiggins,2010-08.csv
MOS0047,2010-01-08,0.0,0.0,0.0,0.0,10.0,5.0,5.0,4.0,3.0,8.0,8.0,8.0,1.0,0.0,0.0,0.0,0.0,0.0,0.0,0.0,0.0,0.0,0.0,0.0,0.0,0.0,0.0,0.0,65,USB activity detected; USB activity outside working hours; File copy activity outside working hours,1,0.01761826240047837,0,0.9971465147467111,0.697005956229538,1,95,critical,USB activity detected; USB activity outside working hours; File copy activity outside working hours; AI anomaly detected by TensorFlow Autoencoder,Mariko Olga Snyder,Mariko.Olga.Snyder@dtaa.com,ITAdmin,1,1 - Adminstration,6 - Security,2 - ElectronicSecurity,Frances Alisa Wiggins,2010-08.csv
MOS0047,2010-01-11,0.0,0.0,0.0,0.0,6.0,3.0,3.0,2.0,2.0,7.0,7.0,7.0,1.0,0.0,0.0,0.0,0.0,0.0,0.0,0.0,0.0,0.0,0.0,0.0,0.0,0.0,0.0,0.0,65,USB activity detected; USB activity outside working hours; File copy activity outside working hours,1,0.05749943112741884,0,1.0118311104748594,0.697005956229538,1,95,critical,USB activity detected; USB activity outside working hours; File copy activity outside working hours; AI anomaly detected by TensorFlow Autoencoder,Mariko Olga Snyder,Mariko.Olga.Snyder@dtaa.com,ITAdmin,1,1 - Adminstration,6 - Security,2 - ElectronicSecurity,Frances Alisa Wiggins,2010-08.csv
MOS0047,2010-01-12,0.0,0.0,0.0,0.0,14.0,7.0,7.0,8.0,6.0,12.0,10.0,12.0,4.0,0.0,0.0,0.0,0.0,0.0,0.0,0.0,0.0,0.0,0.0,0.0,0.0,0.0,0.0,0.0,65,USB activity detected; USB activity outside working hours; File copy activity outside working hours,-1,-0.06293385259567885,1,0.3888106090300508,0.697005956229538,0,100,critical,USB activity detected; USB activity outside working hours; File copy activity outside working hours; AI anomaly detected by Isolation Forest,Mariko Olga Snyder,Mariko.Olga.Snyder@dtaa.com,ITAdmin,1,1 - Adminstration,6 - Security,2 - ElectronicSecurity,Frances Alisa Wiggins,2010-08.csv
MOS0047,2010-01-13,0.0,0.0,0.0,0.0,8.0,4.0,4.0,0.0,2.0,0.0,0.0,0.0,0.0,0.0,0.0,0.0,0.0,0.0,0.0,0.0,0.0,0.0,0.0,0.0,0.0,0.0,0.0,0.0,15,USB activity detected,1,0.17529380104299302,0,0.10932105996043676,0.697005956229538,0,15,low,USB activity detected,Mariko Olga Snyder,Mariko.Olga.Snyder@dtaa.com,ITAdmin,1,1 - Adminstration,6 - Security,2 - ElectronicSecurity,Frances Alisa Wiggins,2010-08.csv
MPM0220,2010-01-04,5.0,4.0,4.0,4.0,24.0,12.0,12.0,4.0,4.0,26.0,0.0,26.0,2.0,8.0,0.0,4.0,4.0,1.0,11.0,0.0,368635.0,33512.27272727273,8.0,3.0,15.0,1.0,0.0,1.0,100,Logon activity outside working hours; USB activity detected; USB activity outside working hours; High file copy activity; Multiple PCs used for logon; Possible data exfiltration pattern,-1,-0.12922735541938657,1,1.8874935292241486,0.697005956229538,1,100,critical,Logon activity outside working hours; USB activity detected; USB activity outside working hours; High file copy activity; Multiple PCs used for logon; Possible data exfiltration pattern; AI anomaly detected by Isolation Forest; AI anomaly detected by TensorFlow Autoencoder,Meghan Phoebe Macias,Meghan.Phoebe.Macias@dtaa.com,ITAdmin,1,1 - Adminstration,6 - Security,2 - ElectronicSecurity,Frances Alisa Wiggins,2010-10.csv
MPM0220,2010-01-05,3.0,2.0,2.0,2.0,20.0,10.0,10.0,2.0,2.0,36.0,9.0,36.0,2.0,0.0,0.0,0.0,0.0,0.0,2.0,0.0,69905.0,34952.5,0.0,0.0,3.0,2.0,0.0,1.0,100,Logon activity outside working hours; USB activity detected; USB activity outside working hours; High file copy activity; File copy activity outside working hours; Possible data exfiltration pattern,-1,-0.08320346313939031,1,1.9709208793339803,0.697005956229538,1,100,critical,Logon activity outside working hours; USB activity detected; USB activity outside working hours; High file copy activity; File copy activity outside working hours; Possible data exfiltration pattern; AI anomaly detected by Isolation Forest; AI anomaly detected by TensorFlow Autoencoder,Meghan Phoebe Macias,Meghan.Phoebe.Macias@dtaa.com,ITAdmin,1,1 - Adminstration,6 - Security,2 - ElectronicSecurity,Frances Alisa Wiggins,2010-10.csv
MPM0220,2010-01-06,5.0,5.0,4.0,5.0,26.0,13.0,13.0,4.0,5.0,34.0,3.0,34.0,4.0,0.0,0.0,0.0,0.0,0.0,0.0,0.0,0.0,0.0,0.0,0.0,0.0,0.0,0.0,0.0,100,Logon activity outside working hours; USB activity detected; USB activity outside working hours; High file copy activity; File copy activity outside working hours; Multiple PCs used for logon; Possible data exfiltration pattern,-1,-0.10521886544855141,1,0.685804797643229,0.697005956229538,0,100,critical,Logon activity outside working hours; USB activity detected; USB activity outside working hours; High file copy activity; File copy activity outside working hours; Multiple PCs used for logon; Possible data exfiltration pattern; AI anomaly detected by Isolation Forest,Meghan Phoebe Macias,Meghan.Phoebe.Macias@dtaa.com,ITAdmin,1,1 - Adminstration,6 - Security,2 - ElectronicSecurity,Frances Alisa Wiggins,2010-10.csv
MPM0220,2010-01-07,6.0,5.0,6.0,5.0,26.0,13.0,13.0,6.0,5.0,33.0,6.0,33.0,2.0,0.0,0.0,0.0,0.0,0.0,0.0,0.0,0.0,0.0,0.0,0.0,0.0,0.0,0.0,0.0,100,Logon activity outside working hours; USB activity detected; USB activity outside working hours; High file copy activity; File copy activity outside working hours; Multiple PCs used for logon; Possible data exfiltration pattern,-1,-0.11054592036097177,1,0.5932145549431829,0.697005956229538,0,100,critical,Logon activity outside working hours; USB activity detected; USB activity outside working hours; High file copy activity; File copy activity outside working hours; Multiple PCs used for logon; Possible data exfiltration pattern; AI anomaly detected by Isolation Forest,Meghan Phoebe Macias,Meghan.Phoebe.Macias@dtaa.com,ITAdmin,1,1 - Adminstration,6 - Security,2 - ElectronicSecurity,Frances Alisa Wiggins,2010-10.csv
MPM0220,2010-01-08,0.0,0.0,0.0,0.0,20.0,10.0,10.0,2.0,3.0,36.0,9.0,36.0,2.0,0.0,0.0,0.0,0.0,0.0,0.0,0.0,0.0,0.0,0.0,0.0,0.0,0.0,0.0,0.0,95,USB activity detected; USB activity outside working hours; High file copy activity; File copy activity outside working hours,-1,-0.043292911618580066,1,1.6019093287282327,0.697005956229538,1,100,critical,USB activity detected; USB activity outside working hours; High file copy activity; File copy activity outside working hours; AI anomaly detected by Isolation Forest; AI anomaly detected by TensorFlow Autoencoder,Meghan Phoebe Macias,Meghan.Phoebe.Macias@dtaa.com,ITAdmin,1,1 - Adminstration,6 - Security,2 - ElectronicSecurity,Frances Alisa Wiggins,2010-10.csv
MPM0220,2010-01-11,0.0,0.0,0.0,0.0,24.0,12.0,12.0,6.0,5.0,31.0,7.0,31.0,4.0,0.0,0.0,0.0,0.0,0.0,0.0,0.0,0.0,0.0,0.0,0.0,0.0,0.0,0.0,0.0,95,USB activity detected; USB activity outside working hours; High file copy activity; File copy activity outside working hours,-1,-0.09294341954455976,1,0.16187464720464534,0.697005956229538,0,100,critical,USB activity detected; USB activity outside working hours; High file copy activity; File copy activity outside working hours; AI anomaly detected by Isolation Forest,Meghan Phoebe Macias,Meghan.Phoebe.Macias@dtaa.com,ITAdmin,1,1 - Adminstration,6 - Security,2 - ElectronicSecurity,Frances Alisa Wiggins,2010-10.csv
MPM0220,2010-01-12,0.0,0.0,0.0,0.0,26.0,13.0,13.0,6.0,5.0,27.0,0.0,27.0,1.0,0.0,0.0,0.0,0.0,0.0,0.0,0.0,0.0,0.0,0.0,0.0,0.0,0.0,0.0,0.0,70,USB activity detected; USB activity outside working hours; High file copy activity,-1,-0.05168874554239,1,2.4626156782023756,0.697005956229538,1,100,critical,USB activity detected; USB activity outside working hours; High file copy activity; AI anomaly detected by Isolation Forest; AI anomaly detected by TensorFlow Autoencoder,Meghan Phoebe Macias,Meghan.Phoebe.Macias@dtaa.com,ITAdmin,1,1 - Adminstration,6 - Security,2 - ElectronicSecurity,Frances Alisa Wiggins,2010-10.csv
MPM0220,2010-01-13,0.0,0.0,0.0,0.0,16.0,8.0,8.0,0.0,1.0,0.0,0.0,0.0,0.0,0.0,0.0,0.0,0.0,0.0,0.0,0.0,0.0,0.0,0.0,0.0,0.0,0.0,0.0,0.0,15,USB activity detected,1,0.1503712295256983,0,0.029066476541412846,0.697005956229538,0,15,low,USB activity detected,Meghan Phoebe Macias,Meghan.Phoebe.Macias@dtaa.com,ITAdmin,1,1 - Adminstration,6 - Security,2 - ElectronicSecurity,Frances Alisa Wiggins,2010-10.csv
MPT0376,2010-01-06,2.0,2.0,0.0,2.0,4.0,2.0,2.0,0.0,1.0,7.0,0.0,7.0,1.0,0.0,0.0,0.0,0.0,0.0,0.0,0.0,0.0,0.0,0.0,0.0,0.0,0.0,0.0,0.0,15,USB activity detected,1,0.1855186736220092,0,0.1287666074784689,0.697005956229538,0,15,low,USB activity detected,Meredith Pamela Tanner,Meredith.Pamela.Tanner@dtaa.com,Mathematician,1,2 - ResearchAndEngineering,1 - Research,2 - Lab,Kim Dara Sullivan,2011-05.csv
MPT0376,2010-01-07,2.0,1.0,0.0,1.0,2.0,1.0,1.0,0.0,1.0,7.0,0.0,7.0,1.0,0.0,0.0,0.0,0.0,0.0,0.0,0.0,0.0,0.0,0.0,0.0,0.0,0.0,0.0,0.0,15,USB activity detected,1,0.21921125095374405,0,0.06903675003224116,0.697005956229538,0,15,low,USB activity detected,Meredith Pamela Tanner,Meredith.Pamela.Tanner@dtaa.com,Mathematician,1,2 - ResearchAndEngineering,1 - Research,2 - Lab,Kim Dara Sullivan,2011-05.csv
MPT0376,2010-01-08,0.0,0.0,0.0,0.0,4.0,2.0,2.0,0.0,1.0,6.0,0.0,6.0,1.0,0.0,0.0,0.0,0.0,0.0,0.0,0.0,0.0,0.0,0.0,0.0,0.0,0.0,0.0,0.0,15,USB activity detected,1,0.2250858456824696,0,0.025796192594961513,0.697005956229538,0,15,low,USB activity detected,Meredith Pamela Tanner,Meredith.Pamela.Tanner@dtaa.com,Mathematician,1,2 - ResearchAndEngineering,1 - Research,2 - Lab,Kim Dara Sullivan,2011-05.csv
MPT0376,2010-01-12,0.0,0.0,0.0,0.0,2.0,1.0,1.0,0.0,1.0,0.0,0.0,0.0,0.0,0.0,0.0,0.0,0.0,0.0,0.0,0.0,0.0,0.0,0.0,0.0,0.0,0.0,0.0,0.0,15,USB activity detected,1,0.24138913393585137,0,0.034578884745784924,0.697005956229538,0,15,low,USB activity detected,Meredith Pamela Tanner,Meredith.Pamela.Tanner@dtaa.com,Mathematician,1,2 - ResearchAndEngineering,1 - Research,2 - Lab,Kim Dara Sullivan,2011-05.csv
MPT0376,2010-01-13,0.0,0.0,0.0,0.0,6.0,3.0,3.0,0.0,1.0,0.0,0.0,0.0,0.0,0.0,0.0,0.0,0.0,0.0,0.0,0.0,0.0,0.0,0.0,0.0,0.0,0.0,0.0,0.0,15,USB activity detected,1,0.21255883227265943,0,0.027228099363080988,0.697005956229538,0,15,low,USB activity detected,Meredith Pamela Tanner,Meredith.Pamela.Tanner@dtaa.com,Mathematician,1,2 - ResearchAndEngineering,1 - Research,2 - Lab,Kim Dara Sullivan,2011-05.csv
MSH0040,2010-01-04,4.0,4.0,4.0,4.0,0.0,0.0,0.0,0.0,0.0,0.0,0.0,0.0,0.0,6.0,0.0,6.0,6.0,1.0,10.0,0.0,292840.0,29284.0,7.0,4.0,16.0,2.0,0.0,1.0,35,Logon activity outside working hours; Multiple PCs used for logon,1,0.019235934855448944,0,0.1401114344360757,0.697005956229538,0,35,medium,Logon activity outside working hours; Multiple PCs used for logon,Megan Simone Hess,Megan.Simone.Hess@dtaa.com,ITAdmin,1,1 - Adminstration,6 - Security,2 - ElectronicSecurity,Frances Alisa Wiggins,2010-12.csv
MSH0040,2010-01-05,4.0,4.0,2.0,4.0,0.0,0.0,0.0,0.0,0.0,0.0,0.0,0.0,0.0,0.0,0.0,0.0,0.0,0.0,4.0,0.0,127400.0,31850.0,1.0,1.0,6.0,2.0,0.0,1.0,35,Logon activity outside working hours; Multiple PCs used for logon,1,0.09944345683091294,0,0.08599818136703494,0.697005956229538,0,35,medium,Logon activity outside working hours; Multiple PCs used for logon,Megan Simone Hess,Megan.Simone.Hess@dtaa.com,ITAdmin,1,1 - Adminstration,6 - Security,2 - ElectronicSecurity,Frances Alisa Wiggins,2010-12.csv
MSH0040,2010-01-06,2.0,2.0,2.0,2.0,0.0,0.0,0.0,0.0,0.0,0.0,0.0,0.0,0.0,0.0,0.0,0.0,0.0,0.0,0.0,0.0,0.0,0.0,0.0,0.0,0.0,0.0,0.0,0.0,20,Logon activity outside working hours,1,0.20806636614290203,0,0.03031814517863815,0.697005956229538,0,20,low,Logon activity outside working hours,Megan Simone Hess,Megan.Simone.Hess@dtaa.com,ITAdmin,1,1 - Adminstration,6 - Security,2 - ElectronicSecurity,Frances Alisa Wiggins,2010-12.csv
MSO0222,2010-01-04,3.0,3.0,4.0,3.0,0.0,0.0,0.0,0.0,0.0,0.0,0.0,0.0,0.0,3.0,0.0,3.0,3.0,1.0,11.0,0.0,385477.0,35043.36363636364,0.0,0.0,20.0,5.0,0.0,1.0,35,Logon activity outside working hours; Multiple PCs used for logon,1,0.038926762833787376,0,0.228823557064056,0.697005956229538,0,35,medium,Logon activity outside working hours; Multiple PCs used for logon,Medge Serina Obrien,Medge.Serina.Obrien@dtaa.com,ITAdmin,1,1 - Adminstration,6 - Security,2 - ElectronicSecurity,Frances Alisa Wiggins,2010-11.csv
MSO0222,2010-01-05,5.0,5.0,5.0,5.0,0.0,0.0,0.0,0.0,0.0,0.0,0.0,0.0,0.0,0.0,0.0,0.0,0.0,0.0,0.0,0.0,0.0,0.0,0.0,0.0,0.0,0.0,0.0,0.0,35,Logon activity outside working hours; Multiple PCs used for logon,1,0.06083340991568764,0,0.05953904636050148,0.697005956229538,0,35,medium,Logon activity outside working hours; Multiple PCs used for logon,Medge Serina Obrien,Medge.Serina.Obrien@dtaa.com,ITAdmin,1,1 - Adminstration,6 - Security,2 - ElectronicSecurity,Frances Alisa Wiggins,2010-11.csv
MSO0222,2010-01-06,3.0,3.0,2.0,3.0,0.0,0.0,0.0,0.0,0.0,0.0,0.0,0.0,0.0,0.0,0.0,0.0,0.0,0.0,0.0,0.0,0.0,0.0,0.0,0.0,0.0,0.0,0.0,0.0,35,Logon activity outside working hours; Multiple PCs used for logon,1,0.15936437867987246,0,0.04913809881525685,0.697005956229538,0,35,medium,Logon activity outside working hours; Multiple PCs used for logon,Medge Serina Obrien,Medge.Serina.Obrien@dtaa.com,ITAdmin,1,1 - Adminstration,6 - Security,2 - ElectronicSecurity,Frances Alisa Wiggins,2010-11.csv
MSO0222,2010-01-07,2.0,2.0,2.0,2.0,0.0,0.0,0.0,0.0,0.0,0.0,0.0,0.0,0.0,0.0,0.0,0.0,0.0,0.0,0.0,0.0,0.0,0.0,0.0,0.0,0.0,0.0,0.0,0.0,20,Logon activity outside working hours,1,0.20806636614290203,0,0.03031814517863815,0.697005956229538,0,20,low,Logon activity outside working hours,Medge Serina Obrien,Medge.Serina.Obrien@dtaa.com,ITAdmin,1,1 - Adminstration,6 - Security,2 - ElectronicSecurity,Frances Alisa Wiggins,2010-11.csv
MSS0001,2010-01-04,1.0,1.0,0.0,1.0,0.0,0.0,0.0,0.0,0.0,0.0,0.0,0.0,0.0,0.0,0.0,0.0,0.0,0.0,36.0,0.0,1140515.0,31680.972222222223,3.0,2.0,55.0,16.0,0.0,1.0,0,,1,0.11115479102859471,0,1.1467900432892104,0.697005956229538,1,30,low,AI anomaly detected by TensorFlow Autoencoder,Mona Susan Shannon,Mona.Susan.Shannon@dtaa.com,President,1,,,,,2011-05.csv
MTB0620,2010-01-04,1.0,1.0,0.0,1.0,6.0,3.0,3.0,0.0,1.0,0.0,0.0,0.0,0.0,0.0,0.0,0.0,0.0,0.0,14.0,0.0,425537.0,30395.5,14.0,8.0,23.0,16.0,7.0,1.0,15,USB activity detected,1,0.04486156173951894,0,0.2528525196131825,0.697005956229538,0,15,low,USB activity detected,Malachi Thor Butler,Malachi.Thor.Butler@dtaa.com,Salesman,1,5 - SalesAndMarketing,2 - Sales,3 - RegionalSales,Winter Veda Burks,2011-05.csv
MTB0620,2010-01-05,2.0,1.0,0.0,1.0,4.0,2.0,2.0,0.0,1.0,7.0,0.0,7.0,1.0,0.0,0.0,0.0,0.0,0.0,15.0,0.0,486736.0,32449.066666666666,9.0,5.0,23.0,12.0,5.0,1.0,15,USB activity detected,1,0.03108575825293436,0,0.11603714708875557,0.697005956229538,0,15,low,USB activity detected,Malachi Thor Butler,Malachi.Thor.Butler@dtaa.com,Salesman,1,5 - SalesAndMarketing,2 - Sales,3 - RegionalSales,Winter Veda Burks,2011-05.csv
MTB0620,2010-01-06,1.0,1.0,0.0,1.0,6.0,3.0,3.0,0.0,1.0,3.0,0.0,3.0,1.0,0.0,0.0,0.0,0.0,0.0,0.0,0.0,0.0,0.0,0.0,0.0,0.0,0.0,0.0,0.0,15,USB activity detected,1,0.22533945786541815,0,0.0576221367679816,0.697005956229538,0,15,low,USB activity detected,Malachi Thor Butler,Malachi.Thor.Butler@dtaa.com,Salesman,1,5 - SalesAndMarketing,2 - Sales,3 - RegionalSales,Winter Veda Burks,2011-05.csv
MTB0620,2010-01-07,2.0,1.0,0.0,1.0,8.0,4.0,4.0,0.0,1.0,7.0,0.0,7.0,1.0,0.0,0.0,0.0,0.0,0.0,0.0,0.0,0.0,0.0,0.0,0.0,0.0,0.0,0.0,0.0,15,USB activity detected,1,0.19240122016069122,0,0.07757628770008887,0.697005956229538,0,15,low,USB activity detected,Malachi Thor Butler,Malachi.Thor.Butler@dtaa.com,Salesman,1,5 - SalesAndMarketing,2 - Sales,3 - RegionalSales,Winter Veda Burks,2011-05.csv
MTB0620,2010-01-08,0.0,0.0,0.0,0.0,6.0,3.0,3.0,0.0,1.0,5.0,0.0,5.0,1.0,0.0,0.0,0.0,0.0,0.0,0.0,0.0,0.0,0.0,0.0,0.0,0.0,0.0,0.0,0.0,15,USB activity detected,1,0.20928348233701916,0,0.026955186769781456,0.697005956229538,0,15,low,USB activity detected,Malachi Thor Butler,Malachi.Thor.Butler@dtaa.com,Salesman,1,5 - SalesAndMarketing,2 - Sales,3 - RegionalSales,Winter Veda Burks,2011-05.csv
MTB0620,2010-01-11,0.0,0.0,0.0,0.0,6.0,3.0,3.0,0.0,1.0,1.0,0.0,1.0,1.0,0.0,0.0,0.0,0.0,0.0,0.0,0.0,0.0,0.0,0.0,0.0,0.0,0.0,0.0,0.0,15,USB activity detected,1,0.2092469980224541,0,0.04111771016119977,0.697005956229538,0,15,low,USB activity detected,Malachi Thor Butler,Malachi.Thor.Butler@dtaa.com,Salesman,1,5 - SalesAndMarketing,2 - Sales,3 - RegionalSales,Winter Veda Burks,2011-05.csv
MTB0620,2010-01-12,0.0,0.0,0.0,0.0,2.0,1.0,1.0,0.0,1.0,13.0,0.0,13.0,1.0,0.0,0.0,0.0,0.0,0.0,0.0,0.0,0.0,0.0,0.0,0.0,0.0,0.0,0.0,0.0,15,USB activity detected,1,0.18926105802907128,0,0.03792932947851822,0.697005956229538,0,15,low,USB activity detected,Malachi Thor Butler,Malachi.Thor.Butler@dtaa.com,Salesman,1,5 - SalesAndMarketing,2 - Sales,3 - RegionalSales,Winter Veda Burks,2011-05.csv
MTB0620,2010-01-13,0.0,0.0,0.0,0.0,4.0,2.0,2.0,0.0,1.0,0.0,0.0,0.0,0.0,0.0,0.0,0.0,0.0,0.0,0.0,0.0,0.0,0.0,0.0,0.0,0.0,0.0,0.0,0.0,15,USB activity detected,1,0.24050968498880276,0,0.029387747032837967,0.697005956229538,0,15,low,USB activity detected,Malachi Thor Butler,Malachi.Thor.Butler@dtaa.com,Salesman,1,5 - SalesAndMarketing,2 - Sales,3 - RegionalSales,Winter Veda Burks,2011-05.csv
MTT0901,2010-01-04,2.0,1.0,0.0,1.0,4.0,2.0,2.0,0.0,1.0,5.0,0.0,5.0,1.0,0.0,0.0,0.0,0.0,0.0,3.0,0.0,78978.0,26326.0,3.0,1.0,4.0,4.0,1.0,1.0,15,USB activity detected,1,0.1409081921541701,0,0.08190718218803977,0.697005956229538,0,15,low,USB activity detected,Mohammad Taylor Terrell,Mohammad.Taylor.Terrell@dtaa.com,Technician,1,5 - SalesAndMarketing,3 - FieldService,5 - RegionalFieldService,Blythe Veda Cooke,2010-01.csv
MTT0901,2010-01-05,2.0,1.0,0.0,1.0,4.0,2.0,2.0,0.0,1.0,3.0,0.0,3.0,1.0,0.0,0.0,0.0,0.0,0.0,0.0,0.0,0.0,0.0,0.0,0.0,0.0,0.0,0.0,0.0,15,USB activity detected,1,0.2310312203707111,0,0.08434180734293042,0.697005956229538,0,15,low,USB activity detected,Mohammad Taylor Terrell,Mohammad.Taylor.Terrell@dtaa.com,Technician,1,5 - SalesAndMarketing,3 - FieldService,5 - RegionalFieldService,Blythe Veda Cooke,2010-01.csv
MTT0901,2010-01-06,1.0,1.0,0.0,1.0,6.0,3.0,3.0,0.0,1.0,9.0,0.0,9.0,1.0,0.0,0.0,0.0,0.0,0.0,0.0,0.0,0.0,0.0,0.0,0.0,0.0,0.0,0.0,0.0,15,USB activity detected,1,0.20091544644365522,0,0.045542378007171966,0.697005956229538,0,15,low,USB activity detected,Mohammad Taylor Terrell,Mohammad.Taylor.Terrell@dtaa.com,Technician,1,5 - SalesAndMarketing,3 - FieldService,5 - RegionalFieldService,Blythe Veda Cooke,2010-01.csv
MTT0901,2010-01-07,2.0,0.0,0.0,1.0,6.0,3.0,3.0,0.0,1.0,6.0,0.0,6.0,1.0,0.0,0.0,0.0,0.0,0.0,0.0,0.0,0.0,0.0,0.0,0.0,0.0,0.0,0.0,0.0,15,USB activity detected,1,0.20254629531480262,0,0.104222705051986,0.697005956229538,0,15,low,USB activity detected,Mohammad Taylor Terrell,Mohammad.Taylor.Terrell@dtaa.com,Technician,1,5 - SalesAndMarketing,3 - FieldService,5 - RegionalFieldService,Blythe Veda Cooke,2010-01.csv
MTT0901,2010-01-08,0.0,0.0,0.0,0.0,6.0,3.0,3.0,0.0,1.0,8.0,0.0,8.0,1.0,0.0,0.0,0.0,0.0,0.0,0.0,0.0,0.0,0.0,0.0,0.0,0.0,0.0,0.0,0.0,15,USB activity detected,1,0.2009822118465318,0,0.02325692333870463,0.697005956229538,0,15,low,USB activity detected,Mohammad Taylor Terrell,Mohammad.Taylor.Terrell@dtaa.com,Technician,1,5 - SalesAndMarketing,3 - FieldService,5 - RegionalFieldService,Blythe Veda Cooke,2010-01.csv
MTT0901,2010-01-11,0.0,0.0,0.0,0.0,6.0,3.0,3.0,0.0,1.0,3.0,0.0,3.0,1.0,0.0,0.0,0.0,0.0,0.0,0.0,0.0,0.0,0.0,0.0,0.0,0.0,0.0,0.0,0.0,15,USB activity detected,1,0.2141777637312171,0,0.03250715148939502,0.697005956229538,0,15,low,USB activity detected,Mohammad Taylor Terrell,Mohammad.Taylor.Terrell@dtaa.com,Technician,1,5 - SalesAndMarketing,3 - FieldService,5 - RegionalFieldService,Blythe Veda Cooke,2010-01.csv
MTT0901,2010-01-12,0.0,0.0,0.0,0.0,8.0,4.0,4.0,0.0,1.0,13.0,0.0,13.0,1.0,0.0,0.0,0.0,0.0,0.0,0.0,0.0,0.0,0.0,0.0,0.0,0.0,0.0,0.0,0.0,15,USB activity detected,1,0.1605641592439283,0,0.03307783229536071,0.697005956229538,0,15,low,USB activity detected,Mohammad Taylor Terrell,Mohammad.Taylor.Terrell@dtaa.com,Technician,1,5 - SalesAndMarketing,3 - FieldService,5 - RegionalFieldService,Blythe Veda Cooke,2010-01.csv
MTT0901,2010-01-13,0.0,0.0,0.0,0.0,2.0,1.0,1.0,0.0,1.0,0.0,0.0,0.0,0.0,0.0,0.0,0.0,0.0,0.0,0.0,0.0,0.0,0.0,0.0,0.0,0.0,0.0,0.0,0.0,15,USB activity detected,1,0.24138913393585137,0,0.034578884745784924,0.697005956229538,0,15,low,USB activity detected,Mohammad Taylor Terrell,Mohammad.Taylor.Terrell@dtaa.com,Technician,1,5 - SalesAndMarketing,3 - FieldService,5 - RegionalFieldService,Blythe Veda Cooke,2010-01.csv
MVB0515,2010-01-04,1.0,1.0,0.0,1.0,2.0,1.0,1.0,0.0,1.0,8.0,0.0,8.0,1.0,0.0,0.0,0.0,0.0,0.0,3.0,0.0,71378.0,23792.666666666668,3.0,2.0,7.0,2.0,2.0,1.0,15,USB activity detected,1,0.12144289887721071,0,0.08786598752304751,0.697005956229538,0,15,low,USB activity detected,Mallory Virginia Bender,Mallory.Virginia.Bender@dtaa.com,Technician,1,5 - SalesAndMarketing,3 - FieldService,2 - RegionalFieldService,Burke Randall Burnett,2011-05.csv
MVB0515,2010-01-06,3.0,2.0,0.0,2.0,4.0,2.0,2.0,0.0,1.0,1.0,0.0,1.0,1.0,0.0,0.0,0.0,0.0,0.0,0.0,0.0,0.0,0.0,0.0,0.0,0.0,0.0,0.0,0.0,15,USB activity detected,1,0.18941676894499038,0,0.18874572473673104,0.697005956229538,0,15,low,USB activity detected,Mallory Virginia Bender,Mallory.Virginia.Bender@dtaa.com,Technician,1,5 - SalesAndMarketing,3 - FieldService,2 - RegionalFieldService,Burke Randall Burnett,2011-05.csv
MVB0515,2010-01-07,2.0,1.0,0.0,1.0,4.0,2.0,2.0,0.0,1.0,11.0,0.0,11.0,1.0,0.0,0.0,0.0,0.0,0.0,0.0,0.0,0.0,0.0,0.0,0.0,0.0,0.0,0.0,0.0,15,USB activity detected,1,0.19629670113133302,0,0.0716400498918334,0.697005956229538,0,15,low,USB activity detected,Mallory Virginia Bender,Mallory.Virginia.Bender@dtaa.com,Technician,1,5 - SalesAndMarketing,3 - FieldService,2 - RegionalFieldService,Burke Randall Burnett,2011-05.csv
MVB0515,2010-01-08,0.0,0.0,0.0,0.0,2.0,1.0,1.0,0.0,1.0,10.0,0.0,10.0,1.0,0.0,0.0,0.0,0.0,0.0,0.0,0.0,0.0,0.0,0.0,0.0,0.0,0.0,0.0,0.0,15,USB activity detected,1,0.20245630119777924,0,0.029128186525574334,0.697005956229538,0,15,low,USB activity detected,Mallory Virginia Bender,Mallory.Virginia.Bender@dtaa.com,Technician,1,5 - SalesAndMarketing,3 - FieldService,2 - RegionalFieldService,Burke Randall Burnett,2011-05.csv
MVB0515,2010-01-11,0.0,0.0,0.0,0.0,2.0,1.0,1.0,0.0,1.0,5.0,0.0,5.0,1.0,0.0,0.0,0.0,0.0,0.0,0.0,0.0,0.0,0.0,0.0,0.0,0.0,0.0,0.0,0.0,15,USB activity detected,1,0.2213894973586028,0,0.02906544660483747,0.697005956229538,0,15,low,USB activity detected,Mallory Virginia Bender,Mallory.Virginia.Bender@dtaa.com,Technician,1,5 - SalesAndMarketing,3 - FieldService,2 - RegionalFieldService,Burke Randall Burnett,2011-05.csv
MVB0515,2010-01-12,0.0,0.0,0.0,0.0,4.0,2.0,2.0,0.0,1.0,6.0,0.0,6.0,1.0,0.0,0.0,0.0,0.0,0.0,0.0,0.0,0.0,0.0,0.0,0.0,0.0,0.0,0.0,0.0,15,USB activity detected,1,0.2250858456824696,0,0.025796192594961513,0.697005956229538,0,15,low,USB activity detected,Mallory Virginia Bender,Mallory.Virginia.Bender@dtaa.com,Technician,1,5 - SalesAndMarketing,3 - FieldService,2 - RegionalFieldService,Burke Randall Burnett,2011-05.csv
MVB0515,2010-01-13,0.0,0.0,0.0,0.0,3.0,2.0,1.0,0.0,1.0,0.0,0.0,0.0,0.0,0.0,0.0,0.0,0.0,0.0,0.0,0.0,0.0,0.0,0.0,0.0,0.0,0.0,0.0,0.0,15,USB activity detected,1,0.23826932337468903,0,0.034015706009011604,0.697005956229538,0,15,low,USB activity detected,Mallory Virginia Bender,Mallory.Virginia.Bender@dtaa.com,Technician,1,5 - SalesAndMarketing,3 - FieldService,2 - RegionalFieldService,Burke Randall Burnett,2011-05.csv
MVH0373,2010-01-04,4.0,4.0,4.0,4.0,0.0,0.0,0.0,0.0,0.0,0.0,0.0,0.0,0.0,0.0,0.0,0.0,0.0,0.0,11.0,0.0,358224.0,32565.81818181818,12.0,3.0,19.0,5.0,0.0,1.0,35,Logon activity outside working hours; Multiple PCs used for logon,1,0.022686337414880242,0,0.2045049648839074,0.697005956229538,0,35,medium,Logon activity outside working hours; Multiple PCs used for logon,Madonna Veronica Hardy,Madonna.Veronica.Hardy@dtaa.com,ITAdmin,1,1 - Adminstration,6 - Security,3 - ElectronicSecurity,Francis Brian Armstrong,2010-03.csv
MVH0373,2010-01-05,5.0,5.0,6.0,5.0,0.0,0.0,0.0,0.0,0.0,0.0,0.0,0.0,0.0,0.0,0.0,0.0,0.0,0.0,0.0,0.0,0.0,0.0,0.0,0.0,0.0,0.0,0.0,0.0,35,Logon activity outside working hours; Multiple PCs used for logon,1,0.050495914488157156,0,0.14905574540898395,0.697005956229538,0,35,medium,Logon activity outside working hours; Multiple PCs used for logon,Madonna Veronica Hardy,Madonna.Veronica.Hardy@dtaa.com,ITAdmin,1,1 - Adminstration,6 - Security,3 - ElectronicSecurity,Francis Brian Armstrong,2010-03.csv
MVH0373,2010-01-06,5.0,5.0,5.0,5.0,0.0,0.0,0.0,0.0,0.0,0.0,0.0,0.0,0.0,0.0,0.0,0.0,0.0,0.0,0.0,0.0,0.0,0.0,0.0,0.0,0.0,0.0,0.0,0.0,35,Logon activity outside working hours; Multiple PCs used for logon,1,0.06083340991568764,0,0.05953904636050148,0.697005956229538,0,35,medium,Logon activity outside working hours; Multiple PCs used for logon,Madonna Veronica Hardy,Madonna.Veronica.Hardy@dtaa.com,ITAdmin,1,1 - Adminstration,6 - Security,3 - ElectronicSecurity,Francis Brian Armstrong,2010-03.csv
NAF0326,2010-01-03,2.0,1.0,0.0,1.0,6.0,3.0,3.0,0.0,1.0,1.0,0.0,1.0,1.0,162.0,0.0,30.0,29.0,1.0,16.0,0.0,471726.0,29482.875,18.0,6.0,25.0,14.0,9.0,1.0,15,USB activity detected,-1,-0.05083438596907852,1,0.7386291720356826,0.697005956229538,1,85,critical,USB activity detected; AI anomaly detected by Isolation Forest; AI anomaly detected by TensorFlow Autoencoder,Nichole Azalia Frye,Nichole.Azalia.Frye@dtaa.com,Salesman,1,5 - SalesAndMarketing,2 - Sales,1 - RegionalSales,Meredith Ainsley Wolf,2011-05.csv
NAF0326,2010-01-04,2.0,1.0,0.0,1.0,2.0,1.0,1.0,0.0,1.0,11.0,0.0,11.0,1.0,10.0,0.0,6.0,6.0,1.0,16.0,0.0,482524.0,30157.75,7.0,3.0,26.0,15.0,3.0,1.0,15,USB activity detected,1,0.010312488098341177,0,0.5285207537656071,0.697005956229538,0,15,low,USB activity detected,Nichole Azalia Frye,Nichole.Azalia.Frye@dtaa.com,Salesman,1,5 - SalesAndMarketing,2 - Sales,1 - RegionalSales,Meredith Ainsley Wolf,2011-05.csv
NAF0326,2010-01-05,2.0,2.0,0.0,2.0,2.0,1.0,1.0,0.0,1.0,3.0,0.0,3.0,1.0,0.0,0.0,0.0,0.0,0.0,0.0,0.0,0.0,0.0,0.0,0.0,0.0,0.0,0.0,0.0,15,USB activity detected,1,0.2072536573115259,0,0.14391998105461756,0.697005956229538,0,15,low,USB activity detected,Nichole Azalia Frye,Nichole.Azalia.Frye@dtaa.com,Salesman,1,5 - SalesAndMarketing,2 - Sales,1 - RegionalSales,Meredith Ainsley Wolf,2011-05.csv
NAF0326,2010-01-06,2.0,1.0,0.0,1.0,6.0,3.0,3.0,0.0,1.0,4.0,0.0,4.0,1.0,0.0,0.0,0.0,0.0,0.0,0.0,0.0,0.0,0.0,0.0,0.0,0.0,0.0,0.0,0.0,15,USB activity detected,1,0.21948360944329492,0,0.08411583777348663,0.697005956229538,0,15,low,USB activity detected,Nichole Azalia Frye,Nichole.Azalia.Frye@dtaa.com,Salesman,1,5 - SalesAndMarketing,2 - Sales,1 - RegionalSales,Meredith Ainsley Wolf,2011-05.csv
NAF0326,2010-01-07,2.0,1.0,0.0,1.0,4.0,2.0,2.0,0.0,1.0,8.0,0.0,8.0,1.0,0.0,0.0,0.0,0.0,0.0,0.0,0.0,0.0,0.0,0.0,0.0,0.0,0.0,0.0,0.0,15,USB activity detected,1,0.20834606483817963,0,0.06971705233930384,0.697005956229538,0,15,low,USB activity detected,Nichole Azalia Frye,Nichole.Azalia.Frye@dtaa.com,Salesman,1,5 - SalesAndMarketing,2 - Sales,1 - RegionalSales,Meredith Ainsley Wolf,2011-05.csv
NAF0326,2010-01-08,0.0,0.0,0.0,0.0,6.0,3.0,3.0,0.0,1.0,5.0,0.0,5.0,1.0,0.0,0.0,0.0,0.0,0.0,0.0,0.0,0.0,0.0,0.0,0.0,0.0,0.0,0.0,0.0,15,USB activity detected,1,0.20928348233701916,0,0.026955186769781456,0.697005956229538,0,15,low,USB activity detected,Nichole Azalia Frye,Nichole.Azalia.Frye@dtaa.com,Salesman,1,5 - SalesAndMarketing,2 - Sales,1 - RegionalSales,Meredith Ainsley Wolf,2011-05.csv
NAF0326,2010-01-10,0.0,0.0,0.0,0.0,2.0,1.0,1.0,0.0,1.0,4.0,0.0,4.0,1.0,0.0,0.0,0.0,0.0,0.0,0.0,0.0,0.0,0.0,0.0,0.0,0.0,0.0,0.0,0.0,15,USB activity detected,1,0.2255480598108977,0,0.03194264222559186,0.697005956229538,0,15,low,USB activity detected,Nichole Azalia Frye,Nichole.Azalia.Frye@dtaa.com,Salesman,1,5 - SalesAndMarketing,2 - Sales,1 - RegionalSales,Meredith Ainsley Wolf,2011-05.csv
NAF0326,2010-01-11,0.0,0.0,0.0,0.0,4.0,2.0,2.0,0.0,1.0,3.0,0.0,3.0,1.0,0.0,0.0,0.0,0.0,0.0,0.0,0.0,0.0,0.0,0.0,0.0,0.0,0.0,0.0,0.0,15,USB activity detected,1,0.2308861893688779,0,0.03367677648907804,0.697005956229538,0,15,low,USB activity detected,Nichole Azalia Frye,Nichole.Azalia.Frye@dtaa.com,Salesman,1,5 - SalesAndMarketing,2 - Sales,1 - RegionalSales,Meredith Ainsley Wolf,2011-05.csv
NAF0326,2010-01-12,0.0,0.0,0.0,0.0,4.0,2.0,2.0,0.0,1.0,6.0,0.0,6.0,1.0,0.0,0.0,0.0,0.0,0.0,0.0,0.0,0.0,0.0,0.0,0.0,0.0,0.0,0.0,0.0,15,USB activity detected,1,0.2250858456824696,0,0.025796192594961513,0.697005956229538,0,15,low,USB activity detected,Nichole Azalia Frye,Nichole.Azalia.Frye@dtaa.com,Salesman,1,5 - SalesAndMarketing,2 - Sales,1 - RegionalSales,Meredith Ainsley Wolf,2011-05.csv
NAF0326,2010-01-13,0.0,0.0,0.0,0.0,6.0,3.0,3.0,0.0,1.0,0.0,0.0,0.0,0.0,0.0,0.0,0.0,0.0,0.0,0.0,0.0,0.0,0.0,0.0,0.0,0.0,0.0,0.0,0.0,15,USB activity detected,1,0.21255883227265943,0,0.027228099363080988,0.697005956229538,0,15,low,USB activity detected,Nichole Azalia Frye,Nichole.Azalia.Frye@dtaa.com,Salesman,1,5 - SalesAndMarketing,2 - Sales,1 - RegionalSales,Meredith Ainsley Wolf,2011-05.csv
NAH0503,2010-01-02,1.0,1.0,0.0,1.0,0.0,0.0,0.0,0.0,0.0,0.0,0.0,0.0,0.0,162.0,0.0,32.0,32.0,1.0,15.0,0.0,456644.0,30442.933333333334,8.0,3.0,29.0,6.0,0.0,1.0,0,,1,0.04531013787513838,0,1.0746809076017154,0.697005956229538,1,30,low,AI anomaly detected by TensorFlow Autoencoder,Nicole Aurelia Hanson,Nicole.Aurelia.Hanson@dtaa.com,Salesman,1,5 - SalesAndMarketing,2 - Sales,2 - RegionalSales,Bert Jason Henderson,2011-05.csv
NDM0417,2010-01-04,2.0,1.0,0.0,1.0,4.0,2.0,2.0,0.0,1.0,5.0,0.0,5.0,1.0,0.0,0.0,0.0,0.0,0.0,9.0,0.0,243704.0,27078.222222222223,10.0,5.0,15.0,10.0,10.0,1.0,15,USB activity detected,1,0.07158714610500871,0,0.1863110948245438,0.697005956229538,0,15,low,USB activity detected,Noble Devin Mack,Noble.Devin.Mack@dtaa.com,ComputerScientist,1,2 - ResearchAndEngineering,3 - Engineering,6 - SystemsEngineering,Hadassah Riley Baker,2011-05.csv
NDM0417,2010-01-05,2.0,1.0,0.0,1.0,4.0,2.0,2.0,0.0,1.0,11.0,0.0,11.0,1.0,0.0,0.0,0.0,0.0,0.0,2.0,0.0,57601.0,28800.5,3.0,1.0,3.0,1.0,3.0,1.0,15,USB activity detected,1,0.1045137474381943,0,0.13125057656644568,0.697005956229538,0,15,low,USB activity detected,Noble Devin Mack,Noble.Devin.Mack@dtaa.com,ComputerScientist,1,2 - ResearchAndEngineering,3 - Engineering,6 - SystemsEngineering,Hadassah Riley Baker,2011-05.csv
NDM0417,2010-01-06,3.0,2.0,0.0,2.0,4.0,2.0,2.0,0.0,1.0,2.0,0.0,2.0,1.0,0.0,0.0,0.0,0.0,0.0,0.0,0.0,0.0,0.0,0.0,0.0,0.0,0.0,0.0,0.0,15,USB activity detected,1,0.19138825187410907,0,0.18577183922784707,0.697005956229538,0,15,low,USB activity detected,Noble Devin Mack,Noble.Devin.Mack@dtaa.com,ComputerScientist,1,2 - ResearchAndEngineering,3 - Engineering,6 - SystemsEngineering,Hadassah Riley Baker,2011-05.csv
NDM0417,2010-01-07,2.0,0.0,0.0,1.0,6.0,3.0,3.0,0.0,1.0,4.0,0.0,4.0,1.0,0.0,0.0,0.0,0.0,0.0,0.0,0.0,0.0,0.0,0.0,0.0,0.0,0.0,0.0,0.0,15,USB activity detected,1,0.20738787053043606,0,0.10883897900865391,0.697005956229538,0,15,low,USB activity detected,Noble Devin Mack,Noble.Devin.Mack@dtaa.com,ComputerScientist,1,2 - ResearchAndEngineering,3 - Engineering,6 - SystemsEngineering,Hadassah Riley Baker,2011-05.csv
NDM0417,2010-01-08,0.0,0.0,0.0,0.0,2.0,1.0,1.0,0.0,1.0,8.0,0.0,8.0,1.0,0.0,0.0,0.0,0.0,0.0,0.0,0.0,0.0,0.0,0.0,0.0,0.0,0.0,0.0,0.0,15,USB activity detected,1,0.21152895624851709,0,0.02736644932722874,0.697005956229538,0,15,low,USB activity detected,Noble Devin Mack,Noble.Devin.Mack@dtaa.com,ComputerScientist,1,2 - ResearchAndEngineering,3 - Engineering,6 - SystemsEngineering,Hadassah Riley Baker,2011-05.csv
NDM0417,2010-01-11,0.0,0.0,0.0,0.0,6.0,3.0,3.0,0.0,1.0,3.0,0.0,3.0,1.0,0.0,0.0,0.0,0.0,0.0,0.0,0.0,0.0,0.0,0.0,0.0,0.0,0.0,0.0,0.0,15,USB activity detected,1,0.2141777637312171,0,0.03250715148939502,0.697005956229538,0,15,low,USB activity detected,Noble Devin Mack,Noble.Devin.Mack@dtaa.com,ComputerScientist,1,2 - ResearchAndEngineering,3 - Engineering,6 - SystemsEngineering,Hadassah Riley Baker,2011-05.csv
NDM0417,2010-01-12,0.0,0.0,0.0,0.0,2.0,1.0,1.0,0.0,1.0,0.0,0.0,0.0,0.0,0.0,0.0,0.0,0.0,0.0,0.0,0.0,0.0,0.0,0.0,0.0,0.0,0.0,0.0,0.0,15,USB activity detected,1,0.24138913393585137,0,0.034578884745784924,0.697005956229538,0,15,low,USB activity detected,Noble Devin Mack,Noble.Devin.Mack@dtaa.com,ComputerScientist,1,2 - ResearchAndEngineering,3 - Engineering,6 - SystemsEngineering,Hadassah Riley Baker,2011-05.csv
NGC0058,2010-01-05,2.0,2.0,0.0,2.0,2.0,1.0,1.0,0.0,1.0,0.0,0.0,0.0,0.0,0.0,0.0,0.0,0.0,0.0,0.0,0.0,0.0,0.0,0.0,0.0,0.0,0.0,0.0,0.0,15,USB activity detected,1,0.2163218181556023,0,0.1321273230480209,0.697005956229538,0,15,low,USB activity detected,Nadine Gay Cross,Nadine.Gay.Cross@dtaa.com,Mathematician,1,2 - ResearchAndEngineering,1 - Research,1 - Lab,Jackson Linus Wilkerson,2011-05.csv
NGC0058,2010-01-07,1.0,0.0,0.0,1.0,2.0,1.0,1.0,0.0,1.0,3.0,0.0,3.0,1.0,0.0,0.0,0.0,0.0,0.0,0.0,0.0,0.0,0.0,0.0,0.0,0.0,0.0,0.0,0.0,15,USB activity detected,1,0.22750671119489602,0,0.06102201868994327,0.697005956229538,0,15,low,USB activity detected,Nadine Gay Cross,Nadine.Gay.Cross@dtaa.com,Mathematician,1,2 - ResearchAndEngineering,1 - Research,1 - Lab,Jackson Linus Wilkerson,2011-05.csv
NGF0157,2010-01-02,2.0,1.0,1.0,1.0,0.0,0.0,0.0,0.0,0.0,0.0,0.0,0.0,0.0,90.0,0.0,47.0,44.0,1.0,9.0,0.0,212335.0,23592.777777777777,5.0,4.0,15.0,10.0,5.0,1.0,20,Logon activity outside working hours,1,0.019591399528605002,0,0.5224626698732395,0.697005956229538,0,20,low,Logon activity outside working hours,Nissim Gil French,Nissim.Gil.French@dtaa.com,FinancialAnalyst,1,4 - Finance,3 - FinancialPlanning,,Libby Rosalyn Richard,2011-05.csv
NGF0157,2010-01-05,2.0,1.0,1.0,1.0,4.0,2.0,2.0,0.0,1.0,2.0,0.0,2.0,1.0,0.0,0.0,0.0,0.0,0.0,4.0,0.0,78045.0,19511.25,1.0,1.0,6.0,3.0,1.0,1.0,35,Logon activity outside working hours; USB activity detected,1,0.11379911517070018,0,0.09376149731055153,0.697005956229538,0,35,medium,Logon activity outside working hours; USB activity detected,Nissim Gil French,Nissim.Gil.French@dtaa.com,FinancialAnalyst,1,4 - Finance,3 - FinancialPlanning,,Libby Rosalyn Richard,2011-05.csv
NGF0157,2010-01-06,3.0,2.0,2.0,1.0,0.0,0.0,0.0,0.0,0.0,0.0,0.0,0.0,0.0,0.0,0.0,0.0,0.0,0.0,0.0,0.0,0.0,0.0,0.0,0.0,0.0,0.0,0.0,0.0,20,Logon activity outside working hours,1,0.21080028385880267,0,0.10719355742630612,0.697005956229538,0,20,low,Logon activity outside working hours,Nissim Gil French,Nissim.Gil.French@dtaa.com,FinancialAnalyst,1,4 - Finance,3 - FinancialPlanning,,Libby Rosalyn Richard,2011-05.csv
NGF0157,2010-01-12,0.0,0.0,0.0,0.0,2.0,1.0,1.0,0.0,1.0,7.0,0.0,7.0,1.0,0.0,0.0,0.0,0.0,0.0,0.0,0.0,0.0,0.0,0.0,0.0,0.0,0.0,0.0,0.0,15,USB activity detected,1,0.21587164789847074,0,0.02690292616353593,0.697005956229538,0,15,low,USB activity detected,Nissim Gil French,Nissim.Gil.French@dtaa.com,FinancialAnalyst,1,4 - Finance,3 - FinancialPlanning,,Libby Rosalyn Richard,2011-05.csv
NKP0236,2010-01-08,0.0,0.0,0.0,0.0,2.0,1.0,1.0,0.0,1.0,0.0,0.0,0.0,0.0,0.0,0.0,0.0,0.0,0.0,0.0,0.0,0.0,0.0,0.0,0.0,0.0,0.0,0.0,0.0,15,USB activity detected,1,0.24138913393585137,0,0.034578884745784924,0.697005956229538,0,15,low,USB activity detected,Nicholas Kato Pennington,Nicholas.Kato.Pennington@dtaa.com,ComputerProgrammer,1,2 - ResearchAndEngineering,2 - SoftwareManagement,1 - Software,Vance Ira Alston,2011-05.csv
NKP0236,2010-01-11,0.0,0.0,0.0,0.0,2.0,1.0,1.0,0.0,1.0,8.0,0.0,8.0,1.0,0.0,0.0,0.0,0.0,0.0,0.0,0.0,0.0,0.0,0.0,0.0,0.0,0.0,0.0,0.0,15,USB activity detected,1,0.21152895624851709,0,0.02736644932722874,0.697005956229538,0,15,low,USB activity detected,Nicholas Kato Pennington,Nicholas.Kato.Pennington@dtaa.com,ComputerProgrammer,1,2 - ResearchAndEngineering,2 - SoftwareManagement,1 - Software,Vance Ira Alston,2011-05.csv
NKP0236,2010-01-13,0.0,0.0,0.0,0.0,2.0,1.0,1.0,0.0,1.0,0.0,0.0,0.0,0.0,0.0,0.0,0.0,0.0,0.0,0.0,0.0,0.0,0.0,0.0,0.0,0.0,0.0,0.0,0.0,15,USB activity detected,1,0.24138913393585137,0,0.034578884745784924,0.697005956229538,0,15,low,USB activity detected,Nicholas Kato Pennington,Nicholas.Kato.Pennington@dtaa.com,ComputerProgrammer,1,2 - ResearchAndEngineering,2 - SoftwareManagement,1 - Software,Vance Ira Alston,2011-05.csv
NMS0280,2010-01-03,1.0,1.0,0.0,1.0,2.0,1.0,1.0,0.0,1.0,10.0,0.0,10.0,1.0,30.0,0.0,21.0,21.0,1.0,2.0,0.0,45897.0,22948.5,3.0,2.0,2.0,1.0,0.0,1.0,15,USB activity detected,1,0.042935369648864685,0,0.2830522452546332,0.697005956229538,0,15,low,USB activity detected,Nell Mari Schneider,Nell.Mari.Schneider@dtaa.com,Technician,1,2 - ResearchAndEngineering,3 - Engineering,5 - TestAndEvalualtion,Rose Hanae Yates,2011-05.csv
NMS0280,2010-01-04,1.0,1.0,0.0,1.0,2.0,1.0,1.0,0.0,1.0,3.0,0.0,3.0,1.0,0.0,0.0,0.0,0.0,0.0,3.0,0.0,101709.0,33903.0,2.0,1.0,4.0,0.0,0.0,1.0,15,USB activity detected,1,0.16508003034402724,0,0.11601986398164998,0.697005956229538,0,15,low,USB activity detected,Nell Mari Schneider,Nell.Mari.Schneider@dtaa.com,Technician,1,2 - ResearchAndEngineering,3 - Engineering,5 - TestAndEvalualtion,Rose Hanae Yates,2011-05.csv
NMS0280,2010-01-05,1.0,1.0,0.0,1.0,4.0,2.0,2.0,0.0,1.0,4.0,0.0,4.0,1.0,0.0,0.0,0.0,0.0,0.0,0.0,0.0,0.0,0.0,0.0,0.0,0.0,0.0,0.0,0.0,15,USB activity detected,1,0.23385938496812753,0,0.0531843198153473,0.697005956229538,0,15,low,USB activity detected,Nell Mari Schneider,Nell.Mari.Schneider@dtaa.com,Technician,1,2 - ResearchAndEngineering,3 - Engineering,5 - TestAndEvalualtion,Rose Hanae Yates,2011-05.csv
NMS0280,2010-01-07,1.0,0.0,0.0,1.0,2.0,1.0,1.0,0.0,1.0,0.0,0.0,0.0,0.0,0.0,0.0,0.0,0.0,0.0,0.0,0.0,0.0,0.0,0.0,0.0,0.0,0.0,0.0,0.0,15,USB activity detected,1,0.24448354080955492,0,0.06493989712332376,0.697005956229538,0,15,low,USB activity detected,Nell Mari Schneider,Nell.Mari.Schneider@dtaa.com,Technician,1,2 - ResearchAndEngineering,3 - Engineering,5 - TestAndEvalualtion,Rose Hanae Yates,2011-05.csv
NOB0181,2010-01-02,3.0,2.0,0.0,2.0,4.0,2.0,2.0,0.0,1.0,4.0,0.0,4.0,1.0,27.0,0.0,8.0,8.0,1.0,3.0,0.0,81285.0,27095.0,3.0,2.0,7.0,2.0,2.0,1.0,15,USB activity detected,1,0.02716006134627691,0,0.37453209662758463,0.697005956229538,0,15,low,USB activity detected,Nevada Odette Bass,Nevada.Odette.Bass@dtaa.com,Technician,1,5 - SalesAndMarketing,3 - FieldService,1 - RegionalFieldService,Garrett Nicholas Solomon,2011-05.csv
NOB0181,2010-01-05,2.0,1.0,0.0,1.0,2.0,1.0,1.0,0.0,1.0,7.0,0.0,7.0,1.0,0.0,0.0,0.0,0.0,0.0,3.0,0.0,58479.0,19493.0,2.0,1.0,5.0,3.0,2.0,1.0,15,USB activity detected,1,0.13095076219393154,0,0.0785370715166607,0.697005956229538,0,15,low,USB activity detected,Nevada Odette Bass,Nevada.Odette.Bass@dtaa.com,Technician,1,5 - SalesAndMarketing,3 - FieldService,1 - RegionalFieldService,Garrett Nicholas Solomon,2011-05.csv
NOB0181,2010-01-06,2.0,1.0,0.0,1.0,4.0,2.0,2.0,0.0,1.0,8.0,0.0,8.0,1.0,0.0,0.0,0.0,0.0,0.0,0.0,0.0,0.0,0.0,0.0,0.0,0.0,0.0,0.0,0.0,15,USB activity detected,1,0.20834606483817963,0,0.06971705233930384,0.697005956229538,0,15,low,USB activity detected,Nevada Odette Bass,Nevada.Odette.Bass@dtaa.com,Technician,1,5 - SalesAndMarketing,3 - FieldService,1 - RegionalFieldService,Garrett Nicholas Solomon,2011-05.csv
NOB0181,2010-01-07,2.0,1.0,0.0,2.0,2.0,1.0,1.0,0.0,1.0,8.0,0.0,8.0,1.0,0.0,0.0,0.0,0.0,0.0,0.0,0.0,0.0,0.0,0.0,0.0,0.0,0.0,0.0,0.0,15,USB activity detected,1,0.19422539898383295,0,0.11072103424064528,0.697005956229538,0,15,low,USB activity detected,Nevada Odette Bass,Nevada.Odette.Bass@dtaa.com,Technician,1,5 - SalesAndMarketing,3 - FieldService,1 - RegionalFieldService,Garrett Nicholas Solomon,2011-05.csv
NOB0181,2010-01-08,0.0,0.0,0.0,0.0,2.0,1.0,1.0,0.0,1.0,7.0,0.0,7.0,1.0,0.0,0.0,0.0,0.0,0.0,0.0,0.0,0.0,0.0,0.0,0.0,0.0,0.0,0.0,0.0,15,USB activity detected,1,0.21587164789847074,0,0.02690292616353593,0.697005956229538,0,15,low,USB activity detected,Nevada Odette Bass,Nevada.Odette.Bass@dtaa.com,Technician,1,5 - SalesAndMarketing,3 - FieldService,1 - RegionalFieldService,Garrett Nicholas Solomon,2011-05.csv
NOB0181,2010-01-09,0.0,0.0,0.0,0.0,3.0,2.0,1.0,0.0,1.0,5.0,0.0,5.0,1.0,0.0,0.0,0.0,0.0,0.0,0.0,0.0,0.0,0.0,0.0,0.0,0.0,0.0,0.0,0.0,15,USB activity detected,1,0.22151858414279313,0,0.030715241480509164,0.697005956229538,0,15,low,USB activity detected,Nevada Odette Bass,Nevada.Odette.Bass@dtaa.com,Technician,1,5 - SalesAndMarketing,3 - FieldService,1 - RegionalFieldService,Garrett Nicholas Solomon,2011-05.csv
NOB0181,2010-01-10,0.0,0.0,0.0,0.0,4.0,2.0,2.0,0.0,1.0,2.0,0.0,2.0,1.0,0.0,0.0,0.0,0.0,0.0,0.0,0.0,0.0,0.0,0.0,0.0,0.0,0.0,0.0,0.0,15,USB activity detected,1,0.2290339102880541,0,0.037354675290764694,0.697005956229538,0,15,low,USB activity detected,Nevada Odette Bass,Nevada.Odette.Bass@dtaa.com,Technician,1,5 - SalesAndMarketing,3 - FieldService,1 - RegionalFieldService,Garrett Nicholas Solomon,2011-05.csv
NOB0181,2010-01-11,0.0,0.0,0.0,0.0,2.0,1.0,1.0,0.0,1.0,4.0,0.0,4.0,1.0,0.0,0.0,0.0,0.0,0.0,0.0,0.0,0.0,0.0,0.0,0.0,0.0,0.0,0.0,0.0,15,USB activity detected,1,0.2255480598108977,0,0.03194264222559186,0.697005956229538,0,15,low,USB activity detected,Nevada Odette Bass,Nevada.Odette.Bass@dtaa.com,Technician,1,5 - SalesAndMarketing,3 - FieldService,1 - RegionalFieldService,Garrett Nicholas Solomon,2011-05.csv
NOB0181,2010-01-12,0.0,0.0,0.0,0.0,3.0,2.0,1.0,0.0,1.0,5.0,0.0,5.0,1.0,0.0,0.0,0.0,0.0,0.0,0.0,0.0,0.0,0.0,0.0,0.0,0.0,0.0,0.0,0.0,15,USB activity detected,1,0.22151858414279313,0,0.030715241480509164,0.697005956229538,0,15,low,USB activity detected,Nevada Odette Bass,Nevada.Odette.Bass@dtaa.com,Technician,1,5 - SalesAndMarketing,3 - FieldService,1 - RegionalFieldService,Garrett Nicholas Solomon,2011-05.csv
NOB0181,2010-01-13,0.0,0.0,0.0,0.0,2.0,1.0,1.0,0.0,1.0,0.0,0.0,0.0,0.0,0.0,0.0,0.0,0.0,0.0,0.0,0.0,0.0,0.0,0.0,0.0,0.0,0.0,0.0,0.0,15,USB activity detected,1,0.24138913393585137,0,0.034578884745784924,0.697005956229538,0,15,low,USB activity detected,Nevada Odette Bass,Nevada.Odette.Bass@dtaa.com,Technician,1,5 - SalesAndMarketing,3 - FieldService,1 - RegionalFieldService,Garrett Nicholas Solomon,2011-05.csv
NWT0098,2010-01-04,1.0,1.0,0.0,1.0,6.0,3.0,3.0,0.0,1.0,4.0,0.0,4.0,1.0,7.0,0.0,5.0,5.0,1.0,9.0,0.0,235204.0,26133.777777777777,3.0,1.0,16.0,4.0,0.0,1.0,15,USB activity detected,1,0.0738339350689704,0,0.19744099665096246,0.697005956229538,0,15,low,USB activity detected,Nehru Wyatt Tate,Nehru.Wyatt.Tate@dtaa.com,HardwareEngineer,1,2 - ResearchAndEngineering,3 - Engineering,4 - SystemsEngineering,Gage Kaden Odonnell,2011-03.csv
NWT0098,2010-01-05,1.0,1.0,0.0,1.0,4.0,2.0,2.0,0.0,1.0,0.0,0.0,0.0,0.0,0.0,0.0,0.0,0.0,0.0,5.0,0.0,152257.0,30451.4,2.0,2.0,6.0,3.0,0.0,1.0,15,USB activity detected,1,0.1629951137089276,0,0.08725385251089973,0.697005956229538,0,15,low,USB activity detected,Nehru Wyatt Tate,Nehru.Wyatt.Tate@dtaa.com,HardwareEngineer,1,2 - ResearchAndEngineering,3 - Engineering,4 - SystemsEngineering,Gage Kaden Odonnell,2011-03.csv
NWT0098,2010-01-06,1.0,1.0,0.0,1.0,4.0,2.0,2.0,0.0,1.0,0.0,0.0,0.0,0.0,0.0,0.0,0.0,0.0,0.0,0.0,0.0,0.0,0.0,0.0,0.0,0.0,0.0,0.0,0.0,15,USB activity detected,1,0.25267871115825713,0,0.056063175244408625,0.697005956229538,0,15,low,USB activity detected,Nehru Wyatt Tate,Nehru.Wyatt.Tate@dtaa.com,HardwareEngineer,1,2 - ResearchAndEngineering,3 - Engineering,4 - SystemsEngineering,Gage Kaden Odonnell,2011-03.csv
NWT0098,2010-01-07,1.0,0.0,0.0,1.0,6.0,3.0,3.0,0.0,1.0,2.0,0.0,2.0,1.0,0.0,0.0,0.0,0.0,0.0,0.0,0.0,0.0,0.0,0.0,0.0,0.0,0.0,0.0,0.0,15,USB activity detected,1,0.21600253077772041,0,0.06484031676236493,0.697005956229538,0,15,low,USB activity detected,Nehru Wyatt Tate,Nehru.Wyatt.Tate@dtaa.com,HardwareEngineer,1,2 - ResearchAndEngineering,3 - Engineering,4 - SystemsEngineering,Gage Kaden Odonnell,2011-03.csv
NWT0098,2010-01-08,0.0,0.0,0.0,0.0,4.0,2.0,2.0,0.0,1.0,1.0,0.0,1.0,1.0,0.0,0.0,0.0,0.0,0.0,0.0,0.0,0.0,0.0,0.0,0.0,0.0,0.0,0.0,0.0,15,USB activity detected,1,0.22508479258999203,0,0.041893755833660756,0.697005956229538,0,15,low,USB activity detected,Nehru Wyatt Tate,Nehru.Wyatt.Tate@dtaa.com,HardwareEngineer,1,2 - ResearchAndEngineering,3 - Engineering,4 - SystemsEngineering,Gage Kaden Odonnell,2011-03.csv
NWT0098,2010-01-11,0.0,0.0,0.0,0.0,2.0,1.0,1.0,0.0,1.0,2.0,0.0,2.0,1.0,0.0,0.0,0.0,0.0,0.0,0.0,0.0,0.0,0.0,0.0,0.0,0.0,0.0,0.0,0.0,15,USB activity detected,1,0.2257817351181608,0,0.0407946951664791,0.697005956229538,0,15,low,USB activity detected,Nehru Wyatt Tate,Nehru.Wyatt.Tate@dtaa.com,HardwareEngineer,1,2 - ResearchAndEngineering,3 - Engineering,4 - SystemsEngineering,Gage Kaden Odonnell,2011-03.csv
NWT0098,2010-01-12,0.0,0.0,0.0,0.0,6.0,3.0,3.0,0.0,1.0,0.0,0.0,0.0,0.0,0.0,0.0,0.0,0.0,0.0,0.0,0.0,0.0,0.0,0.0,0.0,0.0,0.0,0.0,0.0,15,USB activity detected,1,0.21255883227265943,0,0.027228099363080988,0.697005956229538,0,15,low,USB activity detected,Nehru Wyatt Tate,Nehru.Wyatt.Tate@dtaa.com,HardwareEngineer,1,2 - ResearchAndEngineering,3 - Engineering,4 - SystemsEngineering,Gage Kaden Odonnell,2011-03.csv
OBH0499,2010-01-03,2.0,1.0,0.0,1.0,16.0,8.0,8.0,0.0,1.0,2.0,0.0,2.0,1.0,162.0,0.0,52.0,48.0,1.0,15.0,0.0,441332.0,29422.133333333335,11.0,6.0,22.0,3.0,0.0,1.0,15,USB activity detected,-1,-0.0587362409220068,1,1.1720336281202848,0.697005956229538,1,85,critical,USB activity detected; AI anomaly detected by Isolation Forest; AI anomaly detected by TensorFlow Autoencoder,Orson Barrett Houston,Orson.Barrett.Houston@dtaa.com,Salesman,1,5 - SalesAndMarketing,2 - Sales,2 - RegionalSales,Bert Jason Henderson,2011-05.csv
OBH0499,2010-01-04,2.0,1.0,0.0,1.0,18.0,9.0,9.0,0.0,1.0,0.0,0.0,0.0,0.0,0.0,0.0,0.0,0.0,0.0,15.0,0.0,420672.0,28044.8,3.0,2.0,26.0,7.0,0.0,1.0,15,USB activity detected,1,0.04947716730719298,0,0.33654557811940755,0.697005956229538,0,15,low,USB activity detected,Orson Barrett Houston,Orson.Barrett.Houston@dtaa.com,Salesman,1,5 - SalesAndMarketing,2 - Sales,2 - RegionalSales,Bert Jason Henderson,2011-05.csv
OBH0499,2010-01-05,3.0,1.0,1.0,1.0,18.0,9.0,9.0,2.0,1.0,3.0,0.0,3.0,1.0,0.0,0.0,0.0,0.0,0.0,0.0,0.0,0.0,0.0,0.0,0.0,0.0,0.0,0.0,0.0,60,Logon activity outside working hours; USB activity detected; USB activity outside working hours,1,0.04866194813875746,0,0.43575115730131964,0.697005956229538,0,60,medium,Logon activity outside working hours; USB activity detected; USB activity outside working hours,Orson Barrett Houston,Orson.Barrett.Houston@dtaa.com,Salesman,1,5 - SalesAndMarketing,2 - Sales,2 - RegionalSales,Bert Jason Henderson,2011-05.csv
OBH0499,2010-01-06,2.0,2.0,1.0,1.0,16.0,8.0,8.0,0.0,1.0,1.0,0.0,1.0,1.0,0.0,0.0,0.0,0.0,0.0,0.0,0.0,0.0,0.0,0.0,0.0,0.0,0.0,0.0,0.0,35,Logon activity outside working hours; USB activity detected,1,0.10703297642694187,0,0.10234440552943058,0.697005956229538,0,35,medium,Logon activity outside working hours; USB activity detected,Orson Barrett Houston,Orson.Barrett.Houston@dtaa.com,Salesman,1,5 - SalesAndMarketing,2 - Sales,2 - RegionalSales,Bert Jason Henderson,2011-05.csv
OBH0499,2010-01-07,2.0,0.0,0.0,1.0,18.0,9.0,9.0,0.0,1.0,9.0,0.0,9.0,1.0,0.0,0.0,0.0,0.0,0.0,0.0,0.0,0.0,0.0,0.0,0.0,0.0,0.0,0.0,0.0,15,USB activity detected,1,0.1225793015727451,0,0.14001283034441686,0.697005956229538,0,15,low,USB activity detected,Orson Barrett Houston,Orson.Barrett.Houston@dtaa.com,Salesman,1,5 - SalesAndMarketing,2 - Sales,2 - RegionalSales,Bert Jason Henderson,2011-05.csv
OBH0499,2010-01-08,0.0,0.0,0.0,0.0,14.0,7.0,7.0,0.0,1.0,0.0,0.0,0.0,0.0,0.0,0.0,0.0,0.0,0.0,0.0,0.0,0.0,0.0,0.0,0.0,0.0,0.0,0.0,0.0,15,USB activity detected,1,0.15757970960448348,0,0.02795770502625191,0.697005956229538,0,15,low,USB activity detected,Orson Barrett Houston,Orson.Barrett.Houston@dtaa.com,Salesman,1,5 - SalesAndMarketing,2 - Sales,2 - RegionalSales,Bert Jason Henderson,2011-05.csv
OBH0499,2010-01-09,0.0,0.0,0.0,0.0,18.0,9.0,9.0,0.0,1.0,0.0,0.0,0.0,0.0,0.0,0.0,0.0,0.0,0.0,0.0,0.0,0.0,0.0,0.0,0.0,0.0,0.0,0.0,0.0,15,USB activity detected,1,0.1353685565527865,0,0.0331418890848386,0.697005956229538,0,15,low,USB activity detected,Orson Barrett Houston,Orson.Barrett.Houston@dtaa.com,Salesman,1,5 - SalesAndMarketing,2 - Sales,2 - RegionalSales,Bert Jason Henderson,2011-05.csv
OBH0499,2010-01-10,0.0,0.0,0.0,0.0,14.0,7.0,7.0,0.0,1.0,4.0,0.0,4.0,1.0,0.0,0.0,0.0,0.0,0.0,0.0,0.0,0.0,0.0,0.0,0.0,0.0,0.0,0.0,0.0,15,USB activity detected,1,0.15600894884373834,0,0.03599252659242299,0.697005956229538,0,15,low,USB activity detected,Orson Barrett Houston,Orson.Barrett.Houston@dtaa.com,Salesman,1,5 - SalesAndMarketing,2 - Sales,2 - RegionalSales,Bert Jason Henderson,2011-05.csv
OBH0499,2010-01-11,0.0,0.0,0.0,0.0,18.0,9.0,9.0,0.0,1.0,0.0,0.0,0.0,0.0,0.0,0.0,0.0,0.0,0.0,0.0,0.0,0.0,0.0,0.0,0.0,0.0,0.0,0.0,0.0,15,USB activity detected,1,0.1353685565527865,0,0.0331418890848386,0.697005956229538,0,15,low,USB activity detected,Orson Barrett Houston,Orson.Barrett.Houston@dtaa.com,Salesman,1,5 - SalesAndMarketing,2 - Sales,2 - RegionalSales,Bert Jason Henderson,2011-05.csv
OBH0499,2010-01-12,0.0,0.0,0.0,0.0,18.0,9.0,9.0,0.0,1.0,0.0,0.0,0.0,0.0,0.0,0.0,0.0,0.0,0.0,0.0,0.0,0.0,0.0,0.0,0.0,0.0,0.0,0.0,0.0,15,USB activity detected,1,0.1353685565527865,0,0.0331418890848386,0.697005956229538,0,15,low,USB activity detected,Orson Barrett Houston,Orson.Barrett.Houston@dtaa.com,Salesman,1,5 - SalesAndMarketing,2 - Sales,2 - RegionalSales,Bert Jason Henderson,2011-05.csv
OBH0499,2010-01-13,0.0,0.0,0.0,0.0,16.0,8.0,8.0,0.0,1.0,0.0,0.0,0.0,0.0,0.0,0.0,0.0,0.0,0.0,0.0,0.0,0.0,0.0,0.0,0.0,0.0,0.0,0.0,0.0,15,USB activity detected,1,0.1503712295256983,0,0.029066476541412846,0.697005956229538,0,15,low,USB activity detected,Orson Barrett Houston,Orson.Barrett.Houston@dtaa.com,Salesman,1,5 - SalesAndMarketing,2 - Sales,2 - RegionalSales,Bert Jason Henderson,2011-05.csv
OCS0865,2010-01-04,1.0,1.0,0.0,1.0,6.0,3.0,3.0,0.0,1.0,4.0,0.0,4.0,1.0,0.0,0.0,0.0,0.0,0.0,15.0,0.0,405580.0,27038.666666666668,15.0,8.0,23.0,12.0,8.0,1.0,15,USB activity detected,1,0.033068387824980006,0,0.14740500724794697,0.697005956229538,0,15,low,USB activity detected,Oren Clinton Sharpe,Oren.Clinton.Sharpe@dtaa.com,Salesman,1,5 - SalesAndMarketing,2 - Sales,5 - RegionalSales,Hashim Damon Dudley,2011-05.csv
OCS0865,2010-01-06,2.0,1.0,0.0,1.0,2.0,1.0,1.0,0.0,1.0,2.0,0.0,2.0,1.0,0.0,0.0,0.0,0.0,0.0,0.0,0.0,0.0,0.0,0.0,0.0,0.0,0.0,0.0,0.0,15,USB activity detected,1,0.23144825240705325,0,0.08529971320585997,0.697005956229538,0,15,low,USB activity detected,Oren Clinton Sharpe,Oren.Clinton.Sharpe@dtaa.com,Salesman,1,5 - SalesAndMarketing,2 - Sales,5 - RegionalSales,Hashim Damon Dudley,2011-05.csv
OCS0865,2010-01-07,2.0,0.0,0.0,1.0,7.0,4.0,3.0,0.0,1.0,6.0,0.0,6.0,1.0,0.0,0.0,0.0,0.0,0.0,0.0,0.0,0.0,0.0,0.0,0.0,0.0,0.0,0.0,0.0,15,USB activity detected,1,0.18985635111770155,0,0.10840104852436572,0.697005956229538,0,15,low,USB activity detected,Oren Clinton Sharpe,Oren.Clinton.Sharpe@dtaa.com,Salesman,1,5 - SalesAndMarketing,2 - Sales,5 - RegionalSales,Hashim Damon Dudley,2011-05.csv
OCS0865,2010-01-08,0.0,0.0,0.0,0.0,4.0,2.0,2.0,0.0,1.0,3.0,0.0,3.0,1.0,0.0,0.0,0.0,0.0,0.0,0.0,0.0,0.0,0.0,0.0,0.0,0.0,0.0,0.0,0.0,15,USB activity detected,1,0.2308861893688779,0,0.03367677648907804,0.697005956229538,0,15,low,USB activity detected,Oren Clinton Sharpe,Oren.Clinton.Sharpe@dtaa.com,Salesman,1,5 - SalesAndMarketing,2 - Sales,5 - RegionalSales,Hashim Damon Dudley,2011-05.csv
OCS0865,2010-01-11,0.0,0.0,0.0,0.0,4.0,2.0,2.0,0.0,1.0,0.0,0.0,0.0,0.0,0.0,0.0,0.0,0.0,0.0,0.0,0.0,0.0,0.0,0.0,0.0,0.0,0.0,0.0,0.0,15,USB activity detected,1,0.24050968498880276,0,0.029387747032837967,0.697005956229538,0,15,low,USB activity detected,Oren Clinton Sharpe,Oren.Clinton.Sharpe@dtaa.com,Salesman,1,5 - SalesAndMarketing,2 - Sales,5 - RegionalSales,Hashim Damon Dudley,2011-05.csv
OCS0865,2010-01-12,0.0,0.0,0.0,0.0,2.0,1.0,1.0,0.0,1.0,2.0,0.0,2.0,1.0,0.0,0.0,0.0,0.0,0.0,0.0,0.0,0.0,0.0,0.0,0.0,0.0,0.0,0.0,0.0,15,USB activity detected,1,0.2257817351181608,0,0.0407946951664791,0.697005956229538,0,15,low,USB activity detected,Oren Clinton Sharpe,Oren.Clinton.Sharpe@dtaa.com,Salesman,1,5 - SalesAndMarketing,2 - Sales,5 - RegionalSales,Hashim Damon Dudley,2011-05.csv
OCS0865,2010-01-13,0.0,0.0,0.0,0.0,2.0,1.0,1.0,0.0,1.0,0.0,0.0,0.0,0.0,0.0,0.0,0.0,0.0,0.0,0.0,0.0,0.0,0.0,0.0,0.0,0.0,0.0,0.0,0.0,15,USB activity detected,1,0.24138913393585137,0,0.034578884745784924,0.697005956229538,0,15,low,USB activity detected,Oren Clinton Sharpe,Oren.Clinton.Sharpe@dtaa.com,Salesman,1,5 - SalesAndMarketing,2 - Sales,5 - RegionalSales,Hashim Damon Dudley,2011-05.csv
OLW0689,2010-01-05,2.0,1.0,0.0,1.0,4.0,2.0,2.0,0.0,1.0,7.0,0.0,7.0,1.0,0.0,0.0,0.0,0.0,0.0,0.0,0.0,0.0,0.0,0.0,0.0,0.0,0.0,0.0,0.0,15,USB activity detected,1,0.21468339674424075,0,0.0714195786664864,0.697005956229538,0,15,low,USB activity detected,Owen Len Wheeler,Owen.Len.Wheeler@dtaa.com,SoftwareEngineer,1,2 - ResearchAndEngineering,2 - SoftwareManagement,4 - Software,Aurora Tatiana Payne,2011-05.csv
OLW0689,2010-01-06,1.0,1.0,0.0,1.0,6.0,3.0,3.0,0.0,1.0,8.0,0.0,8.0,1.0,0.0,0.0,0.0,0.0,0.0,0.0,0.0,0.0,0.0,0.0,0.0,0.0,0.0,0.0,0.0,15,USB activity detected,1,0.20481181902241324,0,0.04538958355413336,0.697005956229538,0,15,low,USB activity detected,Owen Len Wheeler,Owen.Len.Wheeler@dtaa.com,SoftwareEngineer,1,2 - ResearchAndEngineering,2 - SoftwareManagement,4 - Software,Aurora Tatiana Payne,2011-05.csv
OLW0689,2010-01-07,2.0,0.0,0.0,1.0,4.0,2.0,2.0,0.0,1.0,5.0,0.0,5.0,1.0,0.0,0.0,0.0,0.0,0.0,0.0,0.0,0.0,0.0,0.0,0.0,0.0,0.0,0.0,0.0,15,USB activity detected,1,0.2156681294907566,0,0.10351644880688704,0.697005956229538,0,15,low,USB activity detected,Owen Len Wheeler,Owen.Len.Wheeler@dtaa.com,SoftwareEngineer,1,2 - ResearchAndEngineering,2 - SoftwareManagement,4 - Software,Aurora Tatiana Payne,2011-05.csv
OLW0689,2010-01-08,0.0,0.0,0.0,0.0,6.0,3.0,3.0,0.0,1.0,3.0,0.0,3.0,1.0,0.0,0.0,0.0,0.0,0.0,0.0,0.0,0.0,0.0,0.0,0.0,0.0,0.0,0.0,0.0,15,USB activity detected,1,0.2141777637312171,0,0.03250715148939502,0.697005956229538,0,15,low,USB activity detected,Owen Len Wheeler,Owen.Len.Wheeler@dtaa.com,SoftwareEngineer,1,2 - ResearchAndEngineering,2 - SoftwareManagement,4 - Software,Aurora Tatiana Payne,2011-05.csv
OLW0689,2010-01-11,0.0,0.0,0.0,0.0,2.0,1.0,1.0,0.0,1.0,2.0,0.0,2.0,1.0,0.0,0.0,0.0,0.0,0.0,0.0,0.0,0.0,0.0,0.0,0.0,0.0,0.0,0.0,0.0,15,USB activity detected,1,0.2257817351181608,0,0.0407946951664791,0.697005956229538,0,15,low,USB activity detected,Owen Len Wheeler,Owen.Len.Wheeler@dtaa.com,SoftwareEngineer,1,2 - ResearchAndEngineering,2 - SoftwareManagement,4 - Software,Aurora Tatiana Payne,2011-05.csv
OLW0689,2010-01-12,0.0,0.0,0.0,0.0,2.0,1.0,1.0,0.0,1.0,0.0,0.0,0.0,0.0,0.0,0.0,0.0,0.0,0.0,0.0,0.0,0.0,0.0,0.0,0.0,0.0,0.0,0.0,0.0,15,USB activity detected,1,0.24138913393585137,0,0.034578884745784924,0.697005956229538,0,15,low,USB activity detected,Owen Len Wheeler,Owen.Len.Wheeler@dtaa.com,SoftwareEngineer,1,2 - ResearchAndEngineering,2 - SoftwareManagement,4 - Software,Aurora Tatiana Payne,2011-05.csv
OLW0689,2010-01-13,0.0,0.0,0.0,0.0,2.0,1.0,1.0,0.0,1.0,0.0,0.0,0.0,0.0,0.0,0.0,0.0,0.0,0.0,0.0,0.0,0.0,0.0,0.0,0.0,0.0,0.0,0.0,0.0,15,USB activity detected,1,0.24138913393585137,0,0.034578884745784924,0.697005956229538,0,15,low,USB activity detected,Owen Len Wheeler,Owen.Len.Wheeler@dtaa.com,SoftwareEngineer,1,2 - ResearchAndEngineering,2 - SoftwareManagement,4 - Software,Aurora Tatiana Payne,2011-05.csv
OSH0655,2010-01-04,1.0,1.0,1.0,1.0,0.0,0.0,0.0,0.0,0.0,0.0,0.0,0.0,0.0,0.0,0.0,0.0,0.0,0.0,3.0,0.0,80616.0,26872.0,0.0,0.0,3.0,1.0,0.0,1.0,20,Logon activity outside working hours,1,0.20666253927730166,0,0.06631606850701362,0.697005956229538,0,20,low,Logon activity outside working hours,Olympia Shafira Harrison,Olympia.Shafira.Harrison@dtaa.com,Technician,1,5 - SalesAndMarketing,3 - FieldService,3 - RegionalFieldService,Hedwig Regina Livingston,2011-05.csv
OSH0655,2010-01-05,1.0,1.0,1.0,1.0,0.0,0.0,0.0,0.0,0.0,0.0,0.0,0.0,0.0,0.0,0.0,0.0,0.0,0.0,0.0,0.0,0.0,0.0,0.0,0.0,0.0,0.0,0.0,0.0,20,Logon activity outside working hours,1,0.2543368308857394,0,0.04029176788212439,0.697005956229538,0,20,low,Logon activity outside working hours,Olympia Shafira Harrison,Olympia.Shafira.Harrison@dtaa.com,Technician,1,5 - SalesAndMarketing,3 - FieldService,3 - RegionalFieldService,Hedwig Regina Livingston,2011-05.csv
OSH0655,2010-01-06,1.0,1.0,1.0,1.0,0.0,0.0,0.0,0.0,0.0,0.0,0.0,0.0,0.0,0.0,0.0,0.0,0.0,0.0,0.0,0.0,0.0,0.0,0.0,0.0,0.0,0.0,0.0,0.0,20,Logon activity outside working hours,1,0.2543368308857394,0,0.04029176788212439,0.697005956229538,0,20,low,Logon activity outside working hours,Olympia Shafira Harrison,Olympia.Shafira.Harrison@dtaa.com,Technician,1,5 - SalesAndMarketing,3 - FieldService,3 - RegionalFieldService,Hedwig Regina Livingston,2011-05.csv
PAD0773,2010-01-05,2.0,1.0,0.0,1.0,6.0,3.0,3.0,0.0,1.0,26.0,0.0,26.0,1.0,0.0,0.0,0.0,0.0,0.0,3.0,0.0,89656.0,29885.333333333332,0.0,0.0,4.0,3.0,4.0,1.0,45,USB activity detected; High file copy activity,1,0.03564637897036527,0,0.34797036343577115,0.697005956229538,0,45,medium,USB activity detected; High file copy activity,Patience Audrey Douglas,Patience.Audrey.Douglas@dtaa.com,Technician,1,5 - SalesAndMarketing,3 - FieldService,4 - RegionalFieldService,Blaine Helen Cervantes,2011-05.csv
PAD0773,2010-01-13,0.0,0.0,0.0,0.0,2.0,1.0,1.0,0.0,1.0,0.0,0.0,0.0,0.0,0.0,0.0,0.0,0.0,0.0,0.0,0.0,0.0,0.0,0.0,0.0,0.0,0.0,0.0,0.0,15,USB activity detected,1,0.24138913393585137,0,0.034578884745784924,0.697005956229538,0,15,low,USB activity detected,Patience Audrey Douglas,Patience.Audrey.Douglas@dtaa.com,Technician,1,5 - SalesAndMarketing,3 - FieldService,4 - RegionalFieldService,Blaine Helen Cervantes,2011-05.csv
PDH0716,2010-01-04,2.0,1.0,0.0,1.0,4.0,2.0,2.0,0.0,1.0,5.0,0.0,5.0,1.0,0.0,0.0,0.0,0.0,0.0,1.0,0.0,32710.0,32710.0,3.0,1.0,1.0,1.0,1.0,1.0,15,USB activity detected,1,0.13622554314951485,0,0.12488827184634811,0.697005956229538,0,15,low,USB activity detected,Phelan Dieter Hendricks,Phelan.Dieter.Hendricks@dtaa.com,ProductionLineWorker,1,3 - Manufacturing,3 - Assembly,4 - AssemblyDept,Alan Benjamin Holder,2011-05.csv
PDH0716,2010-01-05,2.0,1.0,0.0,1.0,6.0,3.0,3.0,0.0,1.0,9.0,0.0,9.0,1.0,0.0,0.0,0.0,0.0,0.0,0.0,0.0,0.0,0.0,0.0,0.0,0.0,0.0,0.0,0.0,15,USB activity detected,1,0.19660901425412802,0,0.0740601444465661,0.697005956229538,0,15,low,USB activity detected,Phelan Dieter Hendricks,Phelan.Dieter.Hendricks@dtaa.com,ProductionLineWorker,1,3 - Manufacturing,3 - Assembly,4 - AssemblyDept,Alan Benjamin Holder,2011-05.csv
PDH0716,2010-01-06,1.0,1.0,0.0,1.0,6.0,3.0,3.0,0.0,1.0,2.0,0.0,2.0,1.0,0.0,0.0,0.0,0.0,0.0,0.0,0.0,0.0,0.0,0.0,0.0,0.0,0.0,0.0,0.0,15,USB activity detected,1,0.22347714679580627,0,0.060328303397269106,0.697005956229538,0,15,low,USB activity detected,Phelan Dieter Hendricks,Phelan.Dieter.Hendricks@dtaa.com,ProductionLineWorker,1,3 - Manufacturing,3 - Assembly,4 - AssemblyDept,Alan Benjamin Holder,2011-05.csv
PDH0716,2010-01-07,2.0,1.0,0.0,1.0,4.0,2.0,2.0,0.0,1.0,6.0,0.0,6.0,1.0,0.0,0.0,0.0,0.0,0.0,0.0,0.0,0.0,0.0,0.0,0.0,0.0,0.0,0.0,0.0,15,USB activity detected,1,0.22362125449090492,0,0.07501713039595022,0.697005956229538,0,15,low,USB activity detected,Phelan Dieter Hendricks,Phelan.Dieter.Hendricks@dtaa.com,ProductionLineWorker,1,3 - Manufacturing,3 - Assembly,4 - AssemblyDept,Alan Benjamin Holder,2011-05.csv
PDH0716,2010-01-08,0.0,0.0,0.0,0.0,4.0,2.0,2.0,0.0,1.0,7.0,0.0,7.0,1.0,0.0,0.0,0.0,0.0,0.0,0.0,0.0,0.0,0.0,0.0,0.0,0.0,0.0,0.0,0.0,15,USB activity detected,1,0.22151117415156107,0,0.02464864816691023,0.697005956229538,0,15,low,USB activity detected,Phelan Dieter Hendricks,Phelan.Dieter.Hendricks@dtaa.com,ProductionLineWorker,1,3 - Manufacturing,3 - Assembly,4 - AssemblyDept,Alan Benjamin Holder,2011-05.csv
PDH0716,2010-01-11,0.0,0.0,0.0,0.0,4.0,2.0,2.0,0.0,1.0,3.0,0.0,3.0,1.0,0.0,0.0,0.0,0.0,0.0,0.0,0.0,0.0,0.0,0.0,0.0,0.0,0.0,0.0,0.0,15,USB activity detected,1,0.2308861893688779,0,0.03367677648907804,0.697005956229538,0,15,low,USB activity detected,Phelan Dieter Hendricks,Phelan.Dieter.Hendricks@dtaa.com,ProductionLineWorker,1,3 - Manufacturing,3 - Assembly,4 - AssemblyDept,Alan Benjamin Holder,2011-05.csv
PDH0716,2010-01-12,0.0,0.0,0.0,0.0,2.0,1.0,1.0,0.0,1.0,6.0,0.0,6.0,1.0,0.0,0.0,0.0,0.0,0.0,0.0,0.0,0.0,0.0,0.0,0.0,0.0,0.0,0.0,0.0,15,USB activity detected,1,0.2188288303391091,0,0.0274749014302764,0.697005956229538,0,15,low,USB activity detected,Phelan Dieter Hendricks,Phelan.Dieter.Hendricks@dtaa.com,ProductionLineWorker,1,3 - Manufacturing,3 - Assembly,4 - AssemblyDept,Alan Benjamin Holder,2011-05.csv
PDH0716,2010-01-13,0.0,0.0,0.0,0.0,3.0,2.0,1.0,0.0,1.0,0.0,0.0,0.0,0.0,0.0,0.0,0.0,0.0,0.0,0.0,0.0,0.0,0.0,0.0,0.0,0.0,0.0,0.0,0.0,15,USB activity detected,1,0.23826932337468903,0,0.034015706009011604,0.697005956229538,0,15,low,USB activity detected,Phelan Dieter Hendricks,Phelan.Dieter.Hendricks@dtaa.com,ProductionLineWorker,1,3 - Manufacturing,3 - Assembly,4 - AssemblyDept,Alan Benjamin Holder,2011-05.csv
PEV0323,2010-01-07,2.0,2.0,1.0,1.0,0.0,0.0,0.0,0.0,0.0,0.0,0.0,0.0,0.0,0.0,0.0,0.0,0.0,0.0,0.0,0.0,0.0,0.0,0.0,0.0,0.0,0.0,0.0,0.0,20,Logon activity outside working hours,1,0.23665349964814697,0,0.054021668395954556,0.697005956229538,0,20,low,Logon activity outside working hours,Plato Ethan Valdez,Plato.Ethan.Valdez@dtaa.com,Salesman,1,5 - SalesAndMarketing,2 - Sales,1 - RegionalSales,Meredith Ainsley Wolf,2011-05.csv
PID0426,2010-01-07,2.0,2.0,1.0,1.0,0.0,0.0,0.0,0.0,0.0,0.0,0.0,0.0,0.0,0.0,0.0,0.0,0.0,0.0,0.0,0.0,0.0,0.0,0.0,0.0,0.0,0.0,0.0,0.0,20,Logon activity outside working hours,1,0.23665349964814697,0,0.054021668395954556,0.697005956229538,0,20,low,Logon activity outside working hours,Portia Illana David,Portia.Illana.David@dtaa.com,TestEngineer,1,2 - ResearchAndEngineering,3 - Engineering,7 - TestAndEvalualtion,Cameron Noel Elliott,2011-05.csv
PMC0328,2010-01-04,2.0,1.0,0.0,1.0,4.0,2.0,2.0,0.0,1.0,5.0,0.0,5.0,1.0,3.0,0.0,3.0,3.0,1.0,3.0,0.0,122029.0,40676.333333333336,0.0,0.0,6.0,5.0,3.0,1.0,15,USB activity detected,1,0.08244241246086148,0,0.5889002480565613,0.697005956229538,0,15,low,USB activity detected,Penelope Montana Colon,Penelope.Montana.Colon@dtaa.com,Technician,1,5 - SalesAndMarketing,3 - FieldService,1 - RegionalFieldService,Garrett Nicholas Solomon,2011-05.csv
PMC0328,2010-01-05,2.0,1.0,0.0,1.0,6.0,3.0,3.0,0.0,1.0,4.0,0.0,4.0,1.0,0.0,0.0,0.0,0.0,0.0,0.0,0.0,0.0,0.0,0.0,0.0,0.0,0.0,0.0,0.0,15,USB activity detected,1,0.21948360944329492,0,0.08411583613675727,0.697005956229538,0,15,low,USB activity detected,Penelope Montana Colon,Penelope.Montana.Colon@dtaa.com,Technician,1,5 - SalesAndMarketing,3 - FieldService,1 - RegionalFieldService,Garrett Nicholas Solomon,2011-05.csv
PMC0328,2010-01-06,2.0,1.0,0.0,1.0,4.0,2.0,2.0,0.0,1.0,4.0,0.0,4.0,1.0,0.0,0.0,0.0,0.0,0.0,0.0,0.0,0.0,0.0,0.0,0.0,0.0,0.0,0.0,0.0,15,USB activity detected,1,0.22819276313157616,0,0.08029068817451894,0.697005956229538,0,15,low,USB activity detected,Penelope Montana Colon,Penelope.Montana.Colon@dtaa.com,Technician,1,5 - SalesAndMarketing,3 - FieldService,1 - RegionalFieldService,Garrett Nicholas Solomon,2011-05.csv
PMC0328,2010-01-08,0.0,0.0,0.0,0.0,2.0,1.0,1.0,0.0,1.0,2.0,0.0,2.0,1.0,0.0,0.0,0.0,0.0,0.0,0.0,0.0,0.0,0.0,0.0,0.0,0.0,0.0,0.0,0.0,15,USB activity detected,1,0.2257817351181608,0,0.0407946951664791,0.697005956229538,0,15,low,USB activity detected,Penelope Montana Colon,Penelope.Montana.Colon@dtaa.com,Technician,1,5 - SalesAndMarketing,3 - FieldService,1 - RegionalFieldService,Garrett Nicholas Solomon,2011-05.csv
PMC0328,2010-01-11,0.0,0.0,0.0,0.0,2.0,1.0,1.0,0.0,1.0,2.0,0.0,2.0,1.0,0.0,0.0,0.0,0.0,0.0,0.0,0.0,0.0,0.0,0.0,0.0,0.0,0.0,0.0,0.0,15,USB activity detected,1,0.2257817351181608,0,0.0407946951664791,0.697005956229538,0,15,low,USB activity detected,Penelope Montana Colon,Penelope.Montana.Colon@dtaa.com,Technician,1,5 - SalesAndMarketing,3 - FieldService,1 - RegionalFieldService,Garrett Nicholas Solomon,2011-05.csv
PMC0328,2010-01-12,0.0,0.0,0.0,0.0,2.0,1.0,1.0,0.0,1.0,0.0,0.0,0.0,0.0,0.0,0.0,0.0,0.0,0.0,0.0,0.0,0.0,0.0,0.0,0.0,0.0,0.0,0.0,0.0,15,USB activity detected,1,0.24138913393585137,0,0.034578884745784924,0.697005956229538,0,15,low,USB activity detected,Penelope Montana Colon,Penelope.Montana.Colon@dtaa.com,Technician,1,5 - SalesAndMarketing,3 - FieldService,1 - RegionalFieldService,Garrett Nicholas Solomon,2011-05.csv
PMC0328,2010-01-13,0.0,0.0,0.0,0.0,2.0,1.0,1.0,0.0,1.0,0.0,0.0,0.0,0.0,0.0,0.0,0.0,0.0,0.0,0.0,0.0,0.0,0.0,0.0,0.0,0.0,0.0,0.0,0.0,15,USB activity detected,1,0.24138913393585137,0,0.034578884745784924,0.697005956229538,0,15,low,USB activity detected,Penelope Montana Colon,Penelope.Montana.Colon@dtaa.com,Technician,1,5 - SalesAndMarketing,3 - FieldService,1 - RegionalFieldService,Garrett Nicholas Solomon,2011-05.csv
PMV0850,2010-01-04,2.0,2.0,0.0,2.0,4.0,2.0,2.0,0.0,1.0,2.0,0.0,2.0,1.0,0.0,0.0,0.0,0.0,0.0,1.0,0.0,34108.0,34108.0,0.0,0.0,2.0,1.0,1.0,1.0,15,USB activity detected,1,0.13116504118277267,0,0.15455904327243225,0.697005956229538,0,15,low,USB activity detected,Priscilla Martha Vinson,Priscilla.Martha.Vinson@dtaa.com,ProductionLineWorker,1,3 - Manufacturing,3 - Assembly,5 - AssemblyDept,Amy Lucy Chen,2011-05.csv
PMV0850,2010-01-05,2.0,1.0,0.0,1.0,4.0,2.0,2.0,0.0,1.0,1.0,0.0,1.0,1.0,0.0,0.0,0.0,0.0,0.0,0.0,0.0,0.0,0.0,0.0,0.0,0.0,0.0,0.0,0.0,15,USB activity detected,1,0.22731760031876658,0,0.09158833162034291,0.697005956229538,0,15,low,USB activity detected,Priscilla Martha Vinson,Priscilla.Martha.Vinson@dtaa.com,ProductionLineWorker,1,3 - Manufacturing,3 - Assembly,5 - AssemblyDept,Amy Lucy Chen,2011-05.csv
PMV0850,2010-01-07,2.0,0.0,0.0,1.0,2.0,1.0,1.0,0.0,1.0,0.0,0.0,0.0,0.0,0.0,0.0,0.0,0.0,0.0,0.0,0.0,0.0,0.0,0.0,0.0,0.0,0.0,0.0,0.0,15,USB activity detected,1,0.23528827694787885,0,0.11345561541037855,0.697005956229538,0,15,low,USB activity detected,Priscilla Martha Vinson,Priscilla.Martha.Vinson@dtaa.com,ProductionLineWorker,1,3 - Manufacturing,3 - Assembly,5 - AssemblyDept,Amy Lucy Chen,2011-05.csv
PMV0850,2010-01-11,0.0,0.0,0.0,0.0,2.0,1.0,1.0,0.0,1.0,0.0,0.0,0.0,0.0,0.0,0.0,0.0,0.0,0.0,0.0,0.0,0.0,0.0,0.0,0.0,0.0,0.0,0.0,0.0,15,USB activity detected,1,0.24138913393585137,0,0.034578884745784924,0.697005956229538,0,15,low,USB activity detected,Priscilla Martha Vinson,Priscilla.Martha.Vinson@dtaa.com,ProductionLineWorker,1,3 - Manufacturing,3 - Assembly,5 - AssemblyDept,Amy Lucy Chen,2011-05.csv
PMV0850,2010-01-12,0.0,0.0,0.0,0.0,2.0,1.0,1.0,0.0,1.0,2.0,0.0,2.0,1.0,0.0,0.0,0.0,0.0,0.0,0.0,0.0,0.0,0.0,0.0,0.0,0.0,0.0,0.0,0.0,15,USB activity detected,1,0.2257817351181608,0,0.0407946951664791,0.697005956229538,0,15,low,USB activity detected,Priscilla Martha Vinson,Priscilla.Martha.Vinson@dtaa.com,ProductionLineWorker,1,3 - Manufacturing,3 - Assembly,5 - AssemblyDept,Amy Lucy Chen,2011-05.csv
PNH0761,2010-01-05,1.0,1.0,0.0,1.0,2.0,1.0,1.0,0.0,1.0,26.0,0.0,26.0,1.0,0.0,0.0,0.0,0.0,0.0,3.0,0.0,81237.0,27079.0,2.0,1.0,4.0,1.0,2.0,1.0,45,USB activity detected; High file copy activity,1,0.07247980113184638,0,0.2790034412953881,0.697005956229538,0,45,medium,USB activity detected; High file copy activity,Phelan Nissim Howell,Phelan.Nissim.Howell@dtaa.com,Technician,1,5 - SalesAndMarketing,3 - FieldService,4 - RegionalFieldService,Blaine Helen Cervantes,2011-05.csv
PNH0761,2010-01-06,1.0,1.0,0.0,1.0,2.0,1.0,1.0,0.0,1.0,25.0,0.0,25.0,1.0,0.0,0.0,0.0,0.0,0.0,0.0,0.0,0.0,0.0,0.0,0.0,0.0,0.0,0.0,0.0,45,USB activity detected; High file copy activity,1,0.13791903859638616,0,0.045011141698302545,0.697005956229538,0,45,medium,USB activity detected; High file copy activity,Phelan Nissim Howell,Phelan.Nissim.Howell@dtaa.com,Technician,1,5 - SalesAndMarketing,3 - FieldService,4 - RegionalFieldService,Blaine Helen Cervantes,2011-05.csv
PNH0761,2010-01-12,0.0,0.0,0.0,0.0,2.0,1.0,1.0,0.0,1.0,22.0,0.0,22.0,1.0,0.0,0.0,0.0,0.0,0.0,0.0,0.0,0.0,0.0,0.0,0.0,0.0,0.0,0.0,0.0,45,USB activity detected; High file copy activity,1,0.14347283501135943,0,0.04449722466385517,0.697005956229538,0,45,medium,USB activity detected; High file copy activity,Phelan Nissim Howell,Phelan.Nissim.Howell@dtaa.com,Technician,1,5 - SalesAndMarketing,3 - FieldService,4 - RegionalFieldService,Blaine Helen Cervantes,2011-05.csv
PNL0301,2010-01-04,1.0,1.0,0.0,1.0,4.0,2.0,2.0,0.0,1.0,0.0,0.0,0.0,0.0,0.0,0.0,0.0,0.0,0.0,1.0,0.0,36536.0,36536.0,0.0,0.0,1.0,1.0,0.0,1.0,15,USB activity detected,1,0.18991029411351135,0,0.1346552640505444,0.697005956229538,0,15,low,USB activity detected,Philip Nathan Logan,Philip.Nathan.Logan@dtaa.com,ProductionLineWorker,1,3 - Manufacturing,3 - Assembly,1 - AssemblyDept,Shannon Chantale Price,2010-07.csv
PNL0301,2010-01-05,1.0,1.0,0.0,1.0,6.0,3.0,3.0,0.0,1.0,0.0,0.0,0.0,0.0,0.0,0.0,0.0,0.0,0.0,0.0,0.0,0.0,0.0,0.0,0.0,0.0,0.0,0.0,0.0,15,USB activity detected,1,0.23077637295118797,0,0.05025018539244101,0.697005956229538,0,15,low,USB activity detected,Philip Nathan Logan,Philip.Nathan.Logan@dtaa.com,ProductionLineWorker,1,3 - Manufacturing,3 - Assembly,1 - AssemblyDept,Shannon Chantale Price,2010-07.csv
PNL0301,2010-01-06,1.0,1.0,0.0,1.0,3.0,2.0,1.0,0.0,1.0,0.0,0.0,0.0,0.0,0.0,0.0,0.0,0.0,0.0,0.0,0.0,0.0,0.0,0.0,0.0,0.0,0.0,0.0,0.0,15,USB activity detected,1,0.25668639453502484,0,0.06205243828251384,0.697005956229538,0,15,low,USB activity detected,Philip Nathan Logan,Philip.Nathan.Logan@dtaa.com,ProductionLineWorker,1,3 - Manufacturing,3 - Assembly,1 - AssemblyDept,Shannon Chantale Price,2010-07.csv
PNL0301,2010-01-07,1.0,0.0,0.0,1.0,6.0,3.0,3.0,0.0,1.0,5.0,0.0,5.0,1.0,0.0,0.0,0.0,0.0,0.0,0.0,0.0,0.0,0.0,0.0,0.0,0.0,0.0,0.0,0.0,15,USB activity detected,1,0.2133865775356834,0,0.055817262952321645,0.697005956229538,0,15,low,USB activity detected,Philip Nathan Logan,Philip.Nathan.Logan@dtaa.com,ProductionLineWorker,1,3 - Manufacturing,3 - Assembly,1 - AssemblyDept,Shannon Chantale Price,2010-07.csv
PNL0301,2010-01-08,0.0,0.0,0.0,0.0,6.0,3.0,3.0,0.0,1.0,3.0,0.0,3.0,1.0,0.0,0.0,0.0,0.0,0.0,0.0,0.0,0.0,0.0,0.0,0.0,0.0,0.0,0.0,0.0,15,USB activity detected,1,0.2141777637312171,0,0.03250715148939502,0.697005956229538,0,15,low,USB activity detected,Philip Nathan Logan,Philip.Nathan.Logan@dtaa.com,ProductionLineWorker,1,3 - Manufacturing,3 - Assembly,1 - AssemblyDept,Shannon Chantale Price,2010-07.csv
PNL0301,2010-01-11,0.0,0.0,0.0,0.0,5.0,3.0,2.0,0.0,1.0,0.0,0.0,0.0,0.0,0.0,0.0,0.0,0.0,0.0,0.0,0.0,0.0,0.0,0.0,0.0,0.0,0.0,0.0,0.0,15,USB activity detected,1,0.22176579270827157,0,0.030713852136763323,0.697005956229538,0,15,low,USB activity detected,Philip Nathan Logan,Philip.Nathan.Logan@dtaa.com,ProductionLineWorker,1,3 - Manufacturing,3 - Assembly,1 - AssemblyDept,Shannon Chantale Price,2010-07.csv
PNL0301,2010-01-12,0.0,0.0,0.0,0.0,4.0,2.0,2.0,0.0,1.0,0.0,0.0,0.0,0.0,0.0,0.0,0.0,0.0,0.0,0.0,0.0,0.0,0.0,0.0,0.0,0.0,0.0,0.0,0.0,15,USB activity detected,1,0.24050968498880276,0,0.029387747032837967,0.697005956229538,0,15,low,USB activity detected,Philip Nathan Logan,Philip.Nathan.Logan@dtaa.com,ProductionLineWorker,1,3 - Manufacturing,3 - Assembly,1 - AssemblyDept,Shannon Chantale Price,2010-07.csv
PNL0301,2010-01-13,0.0,0.0,0.0,0.0,2.0,1.0,1.0,0.0,1.0,0.0,0.0,0.0,0.0,0.0,0.0,0.0,0.0,0.0,0.0,0.0,0.0,0.0,0.0,0.0,0.0,0.0,0.0,0.0,15,USB activity detected,1,0.24138913393585137,0,0.034578884745784924,0.697005956229538,0,15,low,USB activity detected,Philip Nathan Logan,Philip.Nathan.Logan@dtaa.com,ProductionLineWorker,1,3 - Manufacturing,3 - Assembly,1 - AssemblyDept,Shannon Chantale Price,2010-07.csv
PSF0133,2010-01-04,1.0,1.0,0.0,1.0,4.0,2.0,2.0,0.0,1.0,1.0,0.0,1.0,1.0,0.0,0.0,0.0,0.0,0.0,1.0,0.0,24345.0,24345.0,0.0,0.0,2.0,1.0,0.0,1.0,15,USB activity detected,1,0.18532708859555214,0,0.09004552041993595,0.697005956229538,0,15,low,USB activity detected,Piper Sasha Fuentes,Piper.Sasha.Fuentes@dtaa.com,ProductionLineWorker,1,3 - Manufacturing,3 - Assembly,1 - AssemblyDept,Shannon Chantale Price,2010-08.csv
PSF0133,2010-01-05,1.0,1.0,0.0,1.0,4.0,2.0,2.0,0.0,1.0,0.0,0.0,0.0,0.0,0.0,0.0,0.0,0.0,0.0,0.0,0.0,0.0,0.0,0.0,0.0,0.0,0.0,0.0,0.0,15,USB activity detected,1,0.25267871115825713,0,0.056063175244408625,0.697005956229538,0,15,low,USB activity detected,Piper Sasha Fuentes,Piper.Sasha.Fuentes@dtaa.com,ProductionLineWorker,1,3 - Manufacturing,3 - Assembly,1 - AssemblyDept,Shannon Chantale Price,2010-08.csv
PSF0133,2010-01-06,1.0,1.0,0.0,1.0,4.0,2.0,2.0,0.0,1.0,1.0,0.0,1.0,1.0,0.0,0.0,0.0,0.0,0.0,0.0,0.0,0.0,0.0,0.0,0.0,0.0,0.0,0.0,0.0,15,USB activity detected,1,0.23342072694348898,0,0.06455823920665618,0.697005956229538,0,15,low,USB activity detected,Piper Sasha Fuentes,Piper.Sasha.Fuentes@dtaa.com,ProductionLineWorker,1,3 - Manufacturing,3 - Assembly,1 - AssemblyDept,Shannon Chantale Price,2010-08.csv
PSF0133,2010-01-07,1.0,0.0,0.0,1.0,4.0,2.0,2.0,0.0,1.0,3.0,0.0,3.0,1.0,0.0,0.0,0.0,0.0,0.0,0.0,0.0,0.0,0.0,0.0,0.0,0.0,0.0,0.0,0.0,15,USB activity detected,1,0.2299783633989277,0,0.06159705975860641,0.697005956229538,0,15,low,USB activity detected,Piper Sasha Fuentes,Piper.Sasha.Fuentes@dtaa.com,ProductionLineWorker,1,3 - Manufacturing,3 - Assembly,1 - AssemblyDept,Shannon Chantale Price,2010-08.csv
PSF0133,2010-01-08,0.0,0.0,0.0,0.0,4.0,2.0,2.0,0.0,1.0,5.0,0.0,5.0,1.0,0.0,0.0,0.0,0.0,0.0,0.0,0.0,0.0,0.0,0.0,0.0,0.0,0.0,0.0,0.0,15,USB activity detected,1,0.22467427013337,0,0.027613971130823235,0.697005956229538,0,15,low,USB activity detected,Piper Sasha Fuentes,Piper.Sasha.Fuentes@dtaa.com,ProductionLineWorker,1,3 - Manufacturing,3 - Assembly,1 - AssemblyDept,Shannon Chantale Price,2010-08.csv
PSF0133,2010-01-11,0.0,0.0,0.0,0.0,2.0,1.0,1.0,0.0,1.0,0.0,0.0,0.0,0.0,0.0,0.0,0.0,0.0,0.0,0.0,0.0,0.0,0.0,0.0,0.0,0.0,0.0,0.0,0.0,15,USB activity detected,1,0.24138913393585137,0,0.034578884745784924,0.697005956229538,0,15,low,USB activity detected,Piper Sasha Fuentes,Piper.Sasha.Fuentes@dtaa.com,ProductionLineWorker,1,3 - Manufacturing,3 - Assembly,1 - AssemblyDept,Shannon Chantale Price,2010-08.csv
PSF0133,2010-01-12,0.0,0.0,0.0,0.0,6.0,3.0,3.0,0.0,1.0,0.0,0.0,0.0,0.0,0.0,0.0,0.0,0.0,0.0,0.0,0.0,0.0,0.0,0.0,0.0,0.0,0.0,0.0,0.0,15,USB activity detected,1,0.21255883227265943,0,0.027228099363080988,0.697005956229538,0,15,low,USB activity detected,Piper Sasha Fuentes,Piper.Sasha.Fuentes@dtaa.com,ProductionLineWorker,1,3 - Manufacturing,3 - Assembly,1 - AssemblyDept,Shannon Chantale Price,2010-08.csv
PSF0133,2010-01-13,0.0,0.0,0.0,0.0,6.0,3.0,3.0,0.0,1.0,0.0,0.0,0.0,0.0,0.0,0.0,0.0,0.0,0.0,0.0,0.0,0.0,0.0,0.0,0.0,0.0,0.0,0.0,0.0,15,USB activity detected,1,0.21255883227265943,0,0.027228099363080988,0.697005956229538,0,15,low,USB activity detected,Piper Sasha Fuentes,Piper.Sasha.Fuentes@dtaa.com,ProductionLineWorker,1,3 - Manufacturing,3 - Assembly,1 - AssemblyDept,Shannon Chantale Price,2010-08.csv
QJR0688,2010-01-05,1.0,1.0,0.0,1.0,4.0,2.0,2.0,0.0,1.0,7.0,0.0,7.0,1.0,0.0,0.0,0.0,0.0,0.0,0.0,0.0,0.0,0.0,0.0,0.0,0.0,0.0,0.0,0.0,15,USB activity detected,1,0.22135902882286546,0,0.04482780007215341,0.697005956229538,0,15,low,USB activity detected,Quyn Jolie Rosario,Quyn.Jolie.Rosario@dtaa.com,ComputerProgrammer,1,2 - ResearchAndEngineering,2 - SoftwareManagement,4 - Software,Aurora Tatiana Payne,2011-05.csv
QJR0688,2010-01-07,1.0,0.0,0.0,1.0,2.0,1.0,1.0,0.0,1.0,2.0,0.0,2.0,1.0,0.0,0.0,0.0,0.0,0.0,0.0,0.0,0.0,0.0,0.0,0.0,0.0,0.0,0.0,0.0,15,USB activity detected,1,0.22537258864477228,0,0.06481599975297624,0.697005956229538,0,15,low,USB activity detected,Quyn Jolie Rosario,Quyn.Jolie.Rosario@dtaa.com,ComputerProgrammer,1,2 - ResearchAndEngineering,2 - SoftwareManagement,4 - Software,Aurora Tatiana Payne,2011-05.csv
QJR0688,2010-01-08,0.0,0.0,0.0,0.0,2.0,1.0,1.0,0.0,1.0,0.0,0.0,0.0,0.0,0.0,0.0,0.0,0.0,0.0,0.0,0.0,0.0,0.0,0.0,0.0,0.0,0.0,0.0,0.0,15,USB activity detected,1,0.24138913393585137,0,0.034578884745784924,0.697005956229538,0,15,low,USB activity detected,Quyn Jolie Rosario,Quyn.Jolie.Rosario@dtaa.com,ComputerProgrammer,1,2 - ResearchAndEngineering,2 - SoftwareManagement,4 - Software,Aurora Tatiana Payne,2011-05.csv
QJR0688,2010-01-11,0.0,0.0,0.0,0.0,2.0,1.0,1.0,0.0,1.0,0.0,0.0,0.0,0.0,0.0,0.0,0.0,0.0,0.0,0.0,0.0,0.0,0.0,0.0,0.0,0.0,0.0,0.0,0.0,15,USB activity detected,1,0.24138913393585137,0,0.034578884745784924,0.697005956229538,0,15,low,USB activity detected,Quyn Jolie Rosario,Quyn.Jolie.Rosario@dtaa.com,ComputerProgrammer,1,2 - ResearchAndEngineering,2 - SoftwareManagement,4 - Software,Aurora Tatiana Payne,2011-05.csv
QJR0688,2010-01-12,0.0,0.0,0.0,0.0,4.0,2.0,2.0,0.0,1.0,3.0,0.0,3.0,1.0,0.0,0.0,0.0,0.0,0.0,0.0,0.0,0.0,0.0,0.0,0.0,0.0,0.0,0.0,0.0,15,USB activity detected,1,0.2308861893688779,0,0.03367677648907804,0.697005956229538,0,15,low,USB activity detected,Quyn Jolie Rosario,Quyn.Jolie.Rosario@dtaa.com,ComputerProgrammer,1,2 - ResearchAndEngineering,2 - SoftwareManagement,4 - Software,Aurora Tatiana Payne,2011-05.csv
QJR0688,2010-01-13,0.0,0.0,0.0,0.0,4.0,2.0,2.0,0.0,1.0,0.0,0.0,0.0,0.0,0.0,0.0,0.0,0.0,0.0,0.0,0.0,0.0,0.0,0.0,0.0,0.0,0.0,0.0,0.0,15,USB activity detected,1,0.24050968498880276,0,0.029387747032837967,0.697005956229538,0,15,low,USB activity detected,Quyn Jolie Rosario,Quyn.Jolie.Rosario@dtaa.com,ComputerProgrammer,1,2 - ResearchAndEngineering,2 - SoftwareManagement,4 - Software,Aurora Tatiana Payne,2011-05.csv
QNP0216,2010-01-04,4.0,4.0,2.0,4.0,0.0,0.0,0.0,0.0,0.0,0.0,0.0,0.0,0.0,3.0,0.0,2.0,2.0,1.0,11.0,0.0,330834.0,30075.81818181818,0.0,0.0,20.0,7.0,0.0,1.0,35,Logon activity outside working hours; Multiple PCs used for logon,1,0.05344054505046014,0,0.25494506423158936,0.697005956229538,0,35,medium,Logon activity outside working hours; Multiple PCs used for logon,Quemby Nita Pollard,Quemby.Nita.Pollard@dtaa.com,ITAdmin,1,1 - Adminstration,6 - Security,2 - ElectronicSecurity,Frances Alisa Wiggins,2011-05.csv
QNP0216,2010-01-05,2.0,2.0,1.0,2.0,0.0,0.0,0.0,0.0,0.0,0.0,0.0,0.0,0.0,0.0,0.0,0.0,0.0,0.0,0.0,0.0,0.0,0.0,0.0,0.0,0.0,0.0,0.0,0.0,20,Logon activity outside working hours,1,0.21662464548829008,0,0.026066570652919927,0.697005956229538,0,20,low,Logon activity outside working hours,Quemby Nita Pollard,Quemby.Nita.Pollard@dtaa.com,ITAdmin,1,1 - Adminstration,6 - Security,2 - ElectronicSecurity,Frances Alisa Wiggins,2011-05.csv
QNP0216,2010-01-06,3.0,3.0,2.0,3.0,0.0,0.0,0.0,0.0,0.0,0.0,0.0,0.0,0.0,0.0,0.0,0.0,0.0,0.0,0.0,0.0,0.0,0.0,0.0,0.0,0.0,0.0,0.0,0.0,35,Logon activity outside working hours; Multiple PCs used for logon,1,0.15936437867987246,0,0.04913809881525685,0.697005956229538,0,35,medium,Logon activity outside working hours; Multiple PCs used for logon,Quemby Nita Pollard,Quemby.Nita.Pollard@dtaa.com,ITAdmin,1,1 - Adminstration,6 - Security,2 - ElectronicSecurity,Frances Alisa Wiggins,2011-05.csv
QOS0878,2010-01-03,2.0,1.0,0.0,1.0,2.0,1.0,1.0,0.0,1.0,0.0,0.0,0.0,0.0,162.0,0.0,38.0,37.0,1.0,14.0,0.0,431243.0,30803.071428571428,5.0,4.0,21.0,13.0,7.0,1.0,15,USB activity detected,-1,-0.004764133632264578,1,0.5972899169203614,0.697005956229538,0,55,medium,USB activity detected; AI anomaly detected by Isolation Forest,Quynn Odessa Sanford,Quynn.Odessa.Sanford@dtaa.com,Salesman,1,5 - SalesAndMarketing,2 - Sales,5 - RegionalSales,Hashim Damon Dudley,2010-04.csv
QOS0878,2010-01-04,2.0,1.0,0.0,1.0,2.0,1.0,1.0,0.0,1.0,0.0,0.0,0.0,0.0,0.0,0.0,0.0,0.0,0.0,13.0,0.0,433381.0,33337.0,9.0,5.0,20.0,12.0,5.0,1.0,15,USB activity detected,1,0.09697671385859308,0,0.08739742504537457,0.697005956229538,0,15,low,USB activity detected,Quynn Odessa Sanford,Quynn.Odessa.Sanford@dtaa.com,Salesman,1,5 - SalesAndMarketing,2 - Sales,5 - RegionalSales,Hashim Damon Dudley,2010-04.csv
QOS0878,2010-01-05,3.0,2.0,0.0,2.0,10.0,5.0,5.0,0.0,1.0,0.0,0.0,0.0,0.0,0.0,0.0,0.0,0.0,0.0,2.0,0.0,39534.0,19767.0,1.0,1.0,4.0,1.0,2.0,1.0,15,USB activity detected,1,0.0995723499404444,0,0.20886111661282886,0.697005956229538,0,15,low,USB activity detected,Quynn Odessa Sanford,Quynn.Odessa.Sanford@dtaa.com,Salesman,1,5 - SalesAndMarketing,2 - Sales,5 - RegionalSales,Hashim Damon Dudley,2010-04.csv
QOS0878,2010-01-06,2.0,1.0,0.0,1.0,6.0,3.0,3.0,0.0,1.0,1.0,0.0,1.0,1.0,0.0,0.0,0.0,0.0,0.0,0.0,0.0,0.0,0.0,0.0,0.0,0.0,0.0,0.0,0.0,15,USB activity detected,1,0.21676812848822535,0,0.0938853465461576,0.697005956229538,0,15,low,USB activity detected,Quynn Odessa Sanford,Quynn.Odessa.Sanford@dtaa.com,Salesman,1,5 - SalesAndMarketing,2 - Sales,5 - RegionalSales,Hashim Damon Dudley,2010-04.csv
QOS0878,2010-01-07,2.0,0.0,0.0,1.0,6.0,3.0,3.0,0.0,1.0,0.0,0.0,0.0,0.0,0.0,0.0,0.0,0.0,0.0,0.0,0.0,0.0,0.0,0.0,0.0,0.0,0.0,0.0,0.0,15,USB activity detected,1,0.20975722071244612,0,0.11390465247516658,0.697005956229538,0,15,low,USB activity detected,Quynn Odessa Sanford,Quynn.Odessa.Sanford@dtaa.com,Salesman,1,5 - SalesAndMarketing,2 - Sales,5 - RegionalSales,Hashim Damon Dudley,2010-04.csv
QOS0878,2010-01-08,0.0,0.0,0.0,0.0,4.0,2.0,2.0,0.0,1.0,1.0,0.0,1.0,1.0,0.0,0.0,0.0,0.0,0.0,0.0,0.0,0.0,0.0,0.0,0.0,0.0,0.0,0.0,0.0,15,USB activity detected,1,0.22508479258999203,0,0.041893755833660756,0.697005956229538,0,15,low,USB activity detected,Quynn Odessa Sanford,Quynn.Odessa.Sanford@dtaa.com,Salesman,1,5 - SalesAndMarketing,2 - Sales,5 - RegionalSales,Hashim Damon Dudley,2010-04.csv
QOS0878,2010-01-09,0.0,0.0,0.0,0.0,4.0,2.0,2.0,0.0,1.0,0.0,0.0,0.0,0.0,0.0,0.0,0.0,0.0,0.0,0.0,0.0,0.0,0.0,0.0,0.0,0.0,0.0,0.0,0.0,15,USB activity detected,1,0.24050968498880276,0,0.029387747032837967,0.697005956229538,0,15,low,USB activity detected,Quynn Odessa Sanford,Quynn.Odessa.Sanford@dtaa.com,Salesman,1,5 - SalesAndMarketing,2 - Sales,5 - RegionalSales,Hashim Damon Dudley,2010-04.csv
QOS0878,2010-01-10,0.0,0.0,0.0,0.0,2.0,1.0,1.0,0.0,1.0,0.0,0.0,0.0,0.0,0.0,0.0,0.0,0.0,0.0,0.0,0.0,0.0,0.0,0.0,0.0,0.0,0.0,0.0,0.0,15,USB activity detected,1,0.24138913393585137,0,0.034578884745784924,0.697005956229538,0,15,low,USB activity detected,Quynn Odessa Sanford,Quynn.Odessa.Sanford@dtaa.com,Salesman,1,5 - SalesAndMarketing,2 - Sales,5 - RegionalSales,Hashim Damon Dudley,2010-04.csv
QOS0878,2010-01-11,0.0,0.0,0.0,0.0,4.0,2.0,2.0,0.0,1.0,0.0,0.0,0.0,0.0,0.0,0.0,0.0,0.0,0.0,0.0,0.0,0.0,0.0,0.0,0.0,0.0,0.0,0.0,0.0,15,USB activity detected,1,0.24050968498880276,0,0.029387747032837967,0.697005956229538,0,15,low,USB activity detected,Quynn Odessa Sanford,Quynn.Odessa.Sanford@dtaa.com,Salesman,1,5 - SalesAndMarketing,2 - Sales,5 - RegionalSales,Hashim Damon Dudley,2010-04.csv
QOS0878,2010-01-12,0.0,0.0,0.0,0.0,8.0,4.0,4.0,0.0,1.0,0.0,0.0,0.0,0.0,0.0,0.0,0.0,0.0,0.0,0.0,0.0,0.0,0.0,0.0,0.0,0.0,0.0,0.0,0.0,15,USB activity detected,1,0.19727497896406737,0,0.026766841620095603,0.697005956229538,0,15,low,USB activity detected,Quynn Odessa Sanford,Quynn.Odessa.Sanford@dtaa.com,Salesman,1,5 - SalesAndMarketing,2 - Sales,5 - RegionalSales,Hashim Damon Dudley,2010-04.csv
QOS0878,2010-01-13,0.0,0.0,0.0,0.0,3.0,2.0,1.0,0.0,1.0,0.0,0.0,0.0,0.0,0.0,0.0,0.0,0.0,0.0,0.0,0.0,0.0,0.0,0.0,0.0,0.0,0.0,0.0,0.0,15,USB activity detected,1,0.23826932337468903,0,0.034015706009011604,0.697005956229538,0,15,low,USB activity detected,Quynn Odessa Sanford,Quynn.Odessa.Sanford@dtaa.com,Salesman,1,5 - SalesAndMarketing,2 - Sales,5 - RegionalSales,Hashim Damon Dudley,2010-04.csv
QRM0739,2010-01-04,1.0,1.0,0.0,1.0,14.0,7.0,7.0,0.0,1.0,27.0,0.0,27.0,1.0,0.0,0.0,0.0,0.0,0.0,15.0,0.0,429248.0,28616.533333333333,10.0,6.0,23.0,7.0,0.0,1.0,45,USB activity detected; High file copy activity,-1,-0.018426279764404696,1,0.5395030744981506,0.697005956229538,0,85,critical,USB activity detected; High file copy activity; AI anomaly detected by Isolation Forest,Quail Rana Mclean,Quail.Rana.Mclean@dtaa.com,Salesman,1,5 - SalesAndMarketing,2 - Sales,4 - RegionalSales,Lysandra Chastity Brennan,2011-05.csv
QRM0739,2010-01-05,1.0,1.0,0.0,1.0,16.0,8.0,8.0,0.0,1.0,26.0,0.0,26.0,1.0,0.0,0.0,0.0,0.0,0.0,0.0,0.0,0.0,0.0,0.0,0.0,0.0,0.0,0.0,0.0,45,USB activity detected; High file copy activity,1,0.09200252401275366,0,0.06507816564798652,0.697005956229538,0,45,medium,USB activity detected; High file copy activity,Quail Rana Mclean,Quail.Rana.Mclean@dtaa.com,Salesman,1,5 - SalesAndMarketing,2 - Sales,4 - RegionalSales,Lysandra Chastity Brennan,2011-05.csv
QRM0739,2010-01-06,1.0,1.0,0.0,1.0,18.0,9.0,9.0,0.0,1.0,22.0,0.0,22.0,1.0,0.0,0.0,0.0,0.0,0.0,0.0,0.0,0.0,0.0,0.0,0.0,0.0,0.0,0.0,0.0,45,USB activity detected; High file copy activity,1,0.09481764616292399,0,0.058215236638675213,0.697005956229538,0,45,medium,USB activity detected; High file copy activity,Quail Rana Mclean,Quail.Rana.Mclean@dtaa.com,Salesman,1,5 - SalesAndMarketing,2 - Sales,4 - RegionalSales,Lysandra Chastity Brennan,2011-05.csv
QRM0739,2010-01-07,1.0,1.0,0.0,1.0,20.0,10.0,10.0,0.0,1.0,23.0,0.0,23.0,1.0,0.0,0.0,0.0,0.0,0.0,0.0,0.0,0.0,0.0,0.0,0.0,0.0,0.0,0.0,0.0,45,USB activity detected; High file copy activity,1,0.08983418083289851,0,0.07072070675005038,0.697005956229538,0,45,medium,USB activity detected; High file copy activity,Quail Rana Mclean,Quail.Rana.Mclean@dtaa.com,Salesman,1,5 - SalesAndMarketing,2 - Sales,4 - RegionalSales,Lysandra Chastity Brennan,2011-05.csv
QRM0739,2010-01-08,0.0,0.0,0.0,0.0,18.0,9.0,9.0,0.0,1.0,26.0,0.0,26.0,1.0,0.0,0.0,0.0,0.0,0.0,0.0,0.0,0.0,0.0,0.0,0.0,0.0,0.0,0.0,0.0,45,USB activity detected; High file copy activity,1,0.07805894001208902,0,0.07185445176116367,0.697005956229538,0,45,medium,USB activity detected; High file copy activity,Quail Rana Mclean,Quail.Rana.Mclean@dtaa.com,Salesman,1,5 - SalesAndMarketing,2 - Sales,4 - RegionalSales,Lysandra Chastity Brennan,2011-05.csv
QRM0739,2010-01-11,0.0,0.0,0.0,0.0,18.0,9.0,9.0,0.0,1.0,19.0,0.0,19.0,1.0,0.0,0.0,0.0,0.0,0.0,0.0,0.0,0.0,0.0,0.0,0.0,0.0,0.0,0.0,0.0,15,USB activity detected,1,0.10363601383357923,0,0.08511851205846394,0.697005956229538,0,15,low,USB activity detected,Quail Rana Mclean,Quail.Rana.Mclean@dtaa.com,Salesman,1,5 - SalesAndMarketing,2 - Sales,4 - RegionalSales,Lysandra Chastity Brennan,2011-05.csv
QRM0739,2010-01-12,0.0,0.0,0.0,0.0,16.0,8.0,8.0,0.0,1.0,19.0,0.0,19.0,1.0,0.0,0.0,0.0,0.0,0.0,0.0,0.0,0.0,0.0,0.0,0.0,0.0,0.0,0.0,0.0,15,USB activity detected,1,0.11269371415822482,0,0.07977189865675774,0.697005956229538,0,15,low,USB activity detected,Quail Rana Mclean,Quail.Rana.Mclean@dtaa.com,Salesman,1,5 - SalesAndMarketing,2 - Sales,4 - RegionalSales,Lysandra Chastity Brennan,2011-05.csv
QRM0739,2010-01-13,0.0,0.0,0.0,0.0,9.0,5.0,4.0,0.0,1.0,0.0,0.0,0.0,0.0,0.0,0.0,0.0,0.0,0.0,0.0,0.0,0.0,0.0,0.0,0.0,0.0,0.0,0.0,0.0,15,USB activity detected,1,0.19263759731893615,0,0.027857549668752195,0.697005956229538,0,15,low,USB activity detected,Quail Rana Mclean,Quail.Rana.Mclean@dtaa.com,Salesman,1,5 - SalesAndMarketing,2 - Sales,4 - RegionalSales,Lysandra Chastity Brennan,2011-05.csv
RAR0725,2010-01-04,1.0,1.0,0.0,1.0,4.0,2.0,2.0,0.0,1.0,5.0,0.0,5.0,1.0,1.0,0.0,1.0,1.0,1.0,1.0,0.0,20568.0,20568.0,0.0,0.0,2.0,1.0,0.0,1.0,15,USB activity detected,1,0.13919797961001945,0,0.3774937973967008,0.697005956229538,0,15,low,USB activity detected,Raphael Aristotle Ray,Raphael.Aristotle.Ray@dtaa.com,ProductionLineWorker,1,3 - Manufacturing,3 - Assembly,4 - AssemblyDept,Alan Benjamin Holder,2010-08.csv
RAR0725,2010-01-05,1.0,1.0,0.0,1.0,4.0,2.0,2.0,0.0,1.0,0.0,0.0,0.0,0.0,0.0,0.0,0.0,0.0,0.0,0.0,0.0,0.0,0.0,0.0,0.0,0.0,0.0,0.0,0.0,15,USB activity detected,1,0.25267871115825713,0,0.056063175244408625,0.697005956229538,0,15,low,USB activity detected,Raphael Aristotle Ray,Raphael.Aristotle.Ray@dtaa.com,ProductionLineWorker,1,3 - Manufacturing,3 - Assembly,4 - AssemblyDept,Alan Benjamin Holder,2010-08.csv
RAR0725,2010-01-06,1.0,1.0,0.0,1.0,4.0,2.0,2.0,0.0,1.0,0.0,0.0,0.0,0.0,0.0,0.0,0.0,0.0,0.0,0.0,0.0,0.0,0.0,0.0,0.0,0.0,0.0,0.0,0.0,15,USB activity detected,1,0.25267871115825713,0,0.056063175244408625,0.697005956229538,0,15,low,USB activity detected,Raphael Aristotle Ray,Raphael.Aristotle.Ray@dtaa.com,ProductionLineWorker,1,3 - Manufacturing,3 - Assembly,4 - AssemblyDept,Alan Benjamin Holder,2010-08.csv
RAR0725,2010-01-07,1.0,1.0,0.0,1.0,2.0,1.0,1.0,0.0,1.0,2.0,0.0,2.0,1.0,0.0,0.0,0.0,0.0,0.0,0.0,0.0,0.0,0.0,0.0,0.0,0.0,0.0,0.0,0.0,15,USB activity detected,1,0.236033721136646,0,0.05968404201601104,0.697005956229538,0,15,low,USB activity detected,Raphael Aristotle Ray,Raphael.Aristotle.Ray@dtaa.com,ProductionLineWorker,1,3 - Manufacturing,3 - Assembly,4 - AssemblyDept,Alan Benjamin Holder,2010-08.csv
RAR0725,2010-01-08,0.0,0.0,0.0,0.0,6.0,3.0,3.0,0.0,1.0,2.0,0.0,2.0,1.0,0.0,0.0,0.0,0.0,0.0,0.0,0.0,0.0,0.0,0.0,0.0,0.0,0.0,0.0,0.0,15,USB activity detected,1,0.21292410761739433,0,0.03633197142615849,0.697005956229538,0,15,low,USB activity detected,Raphael Aristotle Ray,Raphael.Aristotle.Ray@dtaa.com,ProductionLineWorker,1,3 - Manufacturing,3 - Assembly,4 - AssemblyDept,Alan Benjamin Holder,2010-08.csv
RAR0725,2010-01-11,0.0,0.0,0.0,0.0,4.0,2.0,2.0,0.0,1.0,2.0,0.0,2.0,1.0,0.0,0.0,0.0,0.0,0.0,0.0,0.0,0.0,0.0,0.0,0.0,0.0,0.0,0.0,0.0,15,USB activity detected,1,0.2290339102880541,0,0.037354670624245676,0.697005956229538,0,15,low,USB activity detected,Raphael Aristotle Ray,Raphael.Aristotle.Ray@dtaa.com,ProductionLineWorker,1,3 - Manufacturing,3 - Assembly,4 - AssemblyDept,Alan Benjamin Holder,2010-08.csv
RAR0725,2010-01-12,0.0,0.0,0.0,0.0,2.0,1.0,1.0,0.0,1.0,2.0,0.0,2.0,1.0,0.0,0.0,0.0,0.0,0.0,0.0,0.0,0.0,0.0,0.0,0.0,0.0,0.0,0.0,0.0,15,USB activity detected,1,0.2257817351181608,0,0.04079469693806441,0.697005956229538,0,15,low,USB activity detected,Raphael Aristotle Ray,Raphael.Aristotle.Ray@dtaa.com,ProductionLineWorker,1,3 - Manufacturing,3 - Assembly,4 - AssemblyDept,Alan Benjamin Holder,2010-08.csv
RAR0725,2010-01-13,0.0,0.0,0.0,0.0,1.0,1.0,0.0,0.0,1.0,0.0,0.0,0.0,0.0,0.0,0.0,0.0,0.0,0.0,0.0,0.0,0.0,0.0,0.0,0.0,0.0,0.0,0.0,0.0,15,USB activity detected,1,0.23463246819413702,0,0.045396169464101646,0.697005956229538,0,15,low,USB activity detected,Raphael Aristotle Ray,Raphael.Aristotle.Ray@dtaa.com,ProductionLineWorker,1,3 - Manufacturing,3 - Assembly,4 - AssemblyDept,Alan Benjamin Holder,2010-08.csv
RAW0915,2010-01-02,2.0,1.0,0.0,1.0,4.0,2.0,2.0,0.0,1.0,0.0,0.0,0.0,0.0,100.0,0.0,44.0,40.0,1.0,8.0,0.0,241110.0,30138.75,4.0,3.0,13.0,10.0,4.0,1.0,15,USB activity detected,1,0.015095413951771386,0,0.32735438351154267,0.697005956229538,0,15,low,USB activity detected,Robert Ali Webb,Robert.Ali.Webb@dtaa.com,Scientist,1,2 - ResearchAndEngineering,1 - Research,6 - Lab,Lillith Adena Matthews,2011-05.csv
RAW0915,2010-01-04,2.0,1.0,0.0,1.0,2.0,1.0,1.0,0.0,1.0,0.0,0.0,0.0,0.0,0.0,0.0,0.0,0.0,0.0,8.0,0.0,232473.0,29059.125,8.0,4.0,17.0,7.0,3.0,1.0,15,USB activity detected,1,0.14877568093510962,0,0.09717021662992088,0.697005956229538,0,15,low,USB activity detected,Robert Ali Webb,Robert.Ali.Webb@dtaa.com,Scientist,1,2 - ResearchAndEngineering,1 - Research,6 - Lab,Lillith Adena Matthews,2011-05.csv
RAW0915,2010-01-06,2.0,1.0,0.0,1.0,2.0,1.0,1.0,0.0,1.0,0.0,0.0,0.0,0.0,0.0,0.0,0.0,0.0,0.0,0.0,0.0,0.0,0.0,0.0,0.0,0.0,0.0,0.0,0.0,15,USB activity detected,1,0.25189093925128153,0,0.0795926588453627,0.697005956229538,0,15,low,USB activity detected,Robert Ali Webb,Robert.Ali.Webb@dtaa.com,Scientist,1,2 - ResearchAndEngineering,1 - Research,6 - Lab,Lillith Adena Matthews,2011-05.csv
RAW0915,2010-01-07,2.0,0.0,0.0,1.0,2.0,1.0,1.0,0.0,1.0,0.0,0.0,0.0,0.0,0.0,0.0,0.0,0.0,0.0,0.0,0.0,0.0,0.0,0.0,0.0,0.0,0.0,0.0,0.0,15,USB activity detected,1,0.23528827694787885,0,0.11345561541037855,0.697005956229538,0,15,low,USB activity detected,Robert Ali Webb,Robert.Ali.Webb@dtaa.com,Scientist,1,2 - ResearchAndEngineering,1 - Research,6 - Lab,Lillith Adena Matthews,2011-05.csv
RAW0915,2010-01-11,0.0,0.0,0.0,0.0,2.0,1.0,1.0,0.0,1.0,2.0,0.0,2.0,1.0,0.0,0.0,0.0,0.0,0.0,0.0,0.0,0.0,0.0,0.0,0.0,0.0,0.0,0.0,0.0,15,USB activity detected,1,0.2257817351181608,0,0.0407946951664791,0.697005956229538,0,15,low,USB activity detected,Robert Ali Webb,Robert.Ali.Webb@dtaa.com,Scientist,1,2 - ResearchAndEngineering,1 - Research,6 - Lab,Lillith Adena Matthews,2011-05.csv
RDT0424,2010-01-04,2.0,1.0,0.0,1.0,2.0,1.0,1.0,0.0,1.0,6.0,0.0,6.0,1.0,1.0,0.0,1.0,1.0,1.0,9.0,0.0,220356.0,24484.0,8.0,3.0,18.0,13.0,10.0,1.0,15,USB activity detected,1,0.04829708991589576,0,0.709792583698673,0.697005956229538,1,45,medium,USB activity detected; AI anomaly detected by TensorFlow Autoencoder,Rosalyn Daphne Tillman,Rosalyn.Daphne.Tillman@dtaa.com,SystemsEngineer,1,2 - ResearchAndEngineering,3 - Engineering,6 - SystemsEngineering,Hadassah Riley Baker,2011-05.csv
RDT0424,2010-01-05,2.0,1.0,0.0,1.0,2.0,1.0,1.0,0.0,1.0,2.0,0.0,2.0,1.0,0.0,0.0,0.0,0.0,0.0,4.0,0.0,81686.0,20421.5,6.0,2.0,8.0,8.0,1.0,1.0,15,USB activity detected,1,0.12331488329945439,0,0.16550224729478696,0.697005956229538,0,15,low,USB activity detected,Rosalyn Daphne Tillman,Rosalyn.Daphne.Tillman@dtaa.com,SystemsEngineer,1,2 - ResearchAndEngineering,3 - Engineering,6 - SystemsEngineering,Hadassah Riley Baker,2011-05.csv
RDT0424,2010-01-06,2.0,1.0,0.0,1.0,2.0,1.0,1.0,0.0,1.0,4.0,0.0,4.0,1.0,0.0,0.0,0.0,0.0,0.0,0.0,0.0,0.0,0.0,0.0,0.0,0.0,0.0,0.0,0.0,15,USB activity detected,1,0.2322243189174663,0,0.07821326811304727,0.697005956229538,0,15,low,USB activity detected,Rosalyn Daphne Tillman,Rosalyn.Daphne.Tillman@dtaa.com,SystemsEngineer,1,2 - ResearchAndEngineering,3 - Engineering,6 - SystemsEngineering,Hadassah Riley Baker,2011-05.csv
RDT0424,2010-01-07,2.0,0.0,0.0,1.0,2.0,1.0,1.0,0.0,1.0,0.0,0.0,0.0,0.0,0.0,0.0,0.0,0.0,0.0,0.0,0.0,0.0,0.0,0.0,0.0,0.0,0.0,0.0,0.0,15,USB activity detected,1,0.23528827694787885,0,0.11345561541037855,0.697005956229538,0,15,low,USB activity detected,Rosalyn Daphne Tillman,Rosalyn.Daphne.Tillman@dtaa.com,SystemsEngineer,1,2 - ResearchAndEngineering,3 - Engineering,6 - SystemsEngineering,Hadassah Riley Baker,2011-05.csv
RDT0424,2010-01-11,0.0,0.0,0.0,0.0,4.0,2.0,2.0,0.0,1.0,1.0,0.0,1.0,1.0,0.0,0.0,0.0,0.0,0.0,0.0,0.0,0.0,0.0,0.0,0.0,0.0,0.0,0.0,0.0,15,USB activity detected,1,0.22508479258999203,0,0.041893755833660756,0.697005956229538,0,15,low,USB activity detected,Rosalyn Daphne Tillman,Rosalyn.Daphne.Tillman@dtaa.com,SystemsEngineer,1,2 - ResearchAndEngineering,3 - Engineering,6 - SystemsEngineering,Hadassah Riley Baker,2011-05.csv
RDT0424,2010-01-12,0.0,0.0,0.0,0.0,2.0,1.0,1.0,0.0,1.0,2.0,0.0,2.0,1.0,0.0,0.0,0.0,0.0,0.0,0.0,0.0,0.0,0.0,0.0,0.0,0.0,0.0,0.0,0.0,15,USB activity detected,1,0.2257817351181608,0,0.0407946951664791,0.697005956229538,0,15,low,USB activity detected,Rosalyn Daphne Tillman,Rosalyn.Daphne.Tillman@dtaa.com,SystemsEngineer,1,2 - ResearchAndEngineering,3 - Engineering,6 - SystemsEngineering,Hadassah Riley Baker,2011-05.csv
RDT0424,2010-01-13,0.0,0.0,0.0,0.0,2.0,1.0,1.0,0.0,1.0,0.0,0.0,0.0,0.0,0.0,0.0,0.0,0.0,0.0,0.0,0.0,0.0,0.0,0.0,0.0,0.0,0.0,0.0,0.0,15,USB activity detected,1,0.24138913393585137,0,0.034578884745784924,0.697005956229538,0,15,low,USB activity detected,Rosalyn Daphne Tillman,Rosalyn.Daphne.Tillman@dtaa.com,SystemsEngineer,1,2 - ResearchAndEngineering,3 - Engineering,6 - SystemsEngineering,Hadassah Riley Baker,2011-05.csv
RHL0992,2010-01-04,2.0,1.0,1.0,1.0,4.0,2.0,2.0,0.0,1.0,0.0,0.0,0.0,0.0,0.0,0.0,0.0,0.0,0.0,9.0,2.0,256110.0,28456.666666666668,10.0,3.0,16.0,4.0,0.0,1.0,35,Logon activity outside working hours; USB activity detected,1,0.0830247228126596,0,0.6637411368201984,0.697005956229538,0,35,medium,Logon activity outside working hours; USB activity detected,Rachel Hermione Le,Rachel.Hermione.Le@dtaa.com,IndustrialEngineer,1,3 - Manufacturing,1 - IndustrialEngineering,,Grant Tyrone Doyle,2010-08.csv
RHL0992,2010-01-05,2.0,1.0,1.0,1.0,2.0,1.0,1.0,0.0,1.0,4.0,0.0,4.0,1.0,0.0,0.0,0.0,0.0,0.0,0.0,0.0,0.0,0.0,0.0,0.0,0.0,0.0,0.0,0.0,35,Logon activity outside working hours; USB activity detected,1,0.18501840155002852,0,0.06548363760755141,0.697005956229538,0,35,medium,Logon activity outside working hours; USB activity detected,Rachel Hermione Le,Rachel.Hermione.Le@dtaa.com,IndustrialEngineer,1,3 - Manufacturing,1 - IndustrialEngineering,,Grant Tyrone Doyle,2010-08.csv
RHL0992,2010-01-06,2.0,2.0,1.0,2.0,4.0,2.0,2.0,0.0,1.0,0.0,0.0,0.0,0.0,0.0,0.0,0.0,0.0,0.0,0.0,0.0,0.0,0.0,0.0,0.0,0.0,0.0,0.0,0.0,35,Logon activity outside working hours; USB activity detected,1,0.16701696836288565,0,0.06516197953830939,0.697005956229538,0,35,medium,Logon activity outside working hours; USB activity detected,Rachel Hermione Le,Rachel.Hermione.Le@dtaa.com,IndustrialEngineer,1,3 - Manufacturing,1 - IndustrialEngineering,,Grant Tyrone Doyle,2010-08.csv
RHL0992,2010-01-07,2.0,0.0,0.0,1.0,6.0,3.0,3.0,0.0,1.0,1.0,0.0,1.0,1.0,0.0,0.0,0.0,0.0,0.0,0.0,0.0,0.0,0.0,0.0,0.0,0.0,0.0,0.0,0.0,15,USB activity detected,1,0.20373270256479492,0,0.11876832091364911,0.697005956229538,0,15,low,USB activity detected,Rachel Hermione Le,Rachel.Hermione.Le@dtaa.com,IndustrialEngineer,1,3 - Manufacturing,1 - IndustrialEngineering,,Grant Tyrone Doyle,2010-08.csv
RHL0992,2010-01-08,0.0,0.0,0.0,0.0,4.0,2.0,2.0,0.0,1.0,3.0,0.0,3.0,1.0,0.0,0.0,0.0,0.0,0.0,0.0,0.0,0.0,0.0,0.0,0.0,0.0,0.0,0.0,0.0,15,USB activity detected,1,0.2308861893688779,0,0.03367677742263493,0.697005956229538,0,15,low,USB activity detected,Rachel Hermione Le,Rachel.Hermione.Le@dtaa.com,IndustrialEngineer,1,3 - Manufacturing,1 - IndustrialEngineering,,Grant Tyrone Doyle,2010-08.csv
RHL0992,2010-01-11,0.0,0.0,0.0,0.0,4.0,2.0,2.0,0.0,1.0,5.0,0.0,5.0,1.0,0.0,0.0,0.0,0.0,0.0,0.0,0.0,0.0,0.0,0.0,0.0,0.0,0.0,0.0,0.0,15,USB activity detected,1,0.22467427013337,0,0.027613969804240884,0.697005956229538,0,15,low,USB activity detected,Rachel Hermione Le,Rachel.Hermione.Le@dtaa.com,IndustrialEngineer,1,3 - Manufacturing,1 - IndustrialEngineering,,Grant Tyrone Doyle,2010-08.csv
RHL0992,2010-01-12,0.0,0.0,0.0,0.0,8.0,4.0,4.0,0.0,1.0,0.0,0.0,0.0,0.0,0.0,0.0,0.0,0.0,0.0,0.0,0.0,0.0,0.0,0.0,0.0,0.0,0.0,0.0,0.0,15,USB activity detected,1,0.19727497896406737,0,0.026766841620095603,0.697005956229538,0,15,low,USB activity detected,Rachel Hermione Le,Rachel.Hermione.Le@dtaa.com,IndustrialEngineer,1,3 - Manufacturing,1 - IndustrialEngineering,,Grant Tyrone Doyle,2010-08.csv
RHO0732,2010-01-04,3.0,2.0,0.0,2.0,6.0,3.0,3.0,0.0,1.0,1.0,0.0,1.0,1.0,0.0,0.0,0.0,0.0,0.0,15.0,0.0,432234.0,28815.6,12.0,6.0,23.0,26.0,12.0,1.0,15,USB activity detected,-1,-0.018048157604453663,1,0.6758594630488721,0.697005956229538,0,55,medium,USB activity detected; AI anomaly detected by Isolation Forest,Risa Hillary Obrien,Risa.Hillary.Obrien@dtaa.com,Salesman,1,5 - SalesAndMarketing,2 - Sales,4 - RegionalSales,Lysandra Chastity Brennan,2011-05.csv
RHO0732,2010-01-05,2.0,1.0,0.0,1.0,4.0,2.0,2.0,0.0,1.0,6.0,0.0,6.0,1.0,0.0,0.0,0.0,0.0,0.0,5.0,0.0,141668.0,28333.6,2.0,1.0,8.0,5.0,5.0,1.0,15,USB activity detected,1,0.11294952124930169,0,0.14726267856773223,0.697005956229538,0,15,low,USB activity detected,Risa Hillary Obrien,Risa.Hillary.Obrien@dtaa.com,Salesman,1,5 - SalesAndMarketing,2 - Sales,4 - RegionalSales,Lysandra Chastity Brennan,2011-05.csv
RHO0732,2010-01-06,2.0,2.0,0.0,2.0,4.0,2.0,2.0,0.0,1.0,0.0,0.0,0.0,0.0,0.0,0.0,0.0,0.0,0.0,0.0,0.0,0.0,0.0,0.0,0.0,0.0,0.0,0.0,0.0,15,USB activity detected,1,0.21110902630734313,0,0.1414058371985947,0.697005956229538,0,15,low,USB activity detected,Risa Hillary Obrien,Risa.Hillary.Obrien@dtaa.com,Salesman,1,5 - SalesAndMarketing,2 - Sales,4 - RegionalSales,Lysandra Chastity Brennan,2011-05.csv
RHO0732,2010-01-07,2.0,1.0,0.0,1.0,4.0,2.0,2.0,0.0,1.0,6.0,0.0,6.0,1.0,0.0,0.0,0.0,0.0,0.0,0.0,0.0,0.0,0.0,0.0,0.0,0.0,0.0,0.0,0.0,15,USB activity detected,1,0.22362125449090492,0,0.07501713039595022,0.697005956229538,0,15,low,USB activity detected,Risa Hillary Obrien,Risa.Hillary.Obrien@dtaa.com,Salesman,1,5 - SalesAndMarketing,2 - Sales,4 - RegionalSales,Lysandra Chastity Brennan,2011-05.csv
RHO0732,2010-01-08,0.0,0.0,0.0,0.0,4.0,2.0,2.0,0.0,1.0,2.0,0.0,2.0,1.0,0.0,0.0,0.0,0.0,0.0,0.0,0.0,0.0,0.0,0.0,0.0,0.0,0.0,0.0,0.0,15,USB activity detected,1,0.2290339102880541,0,0.037354675290764694,0.697005956229538,0,15,low,USB activity detected,Risa Hillary Obrien,Risa.Hillary.Obrien@dtaa.com,Salesman,1,5 - SalesAndMarketing,2 - Sales,4 - RegionalSales,Lysandra Chastity Brennan,2011-05.csv
RHO0732,2010-01-11,0.0,0.0,0.0,0.0,4.0,2.0,2.0,0.0,1.0,5.0,0.0,5.0,1.0,0.0,0.0,0.0,0.0,0.0,0.0,0.0,0.0,0.0,0.0,0.0,0.0,0.0,0.0,0.0,15,USB activity detected,1,0.22467427013337,0,0.027613971130823235,0.697005956229538,0,15,low,USB activity detected,Risa Hillary Obrien,Risa.Hillary.Obrien@dtaa.com,Salesman,1,5 - SalesAndMarketing,2 - Sales,4 - RegionalSales,Lysandra Chastity Brennan,2011-05.csv
RHO0732,2010-01-12,0.0,0.0,0.0,0.0,4.0,2.0,2.0,0.0,1.0,2.0,0.0,2.0,1.0,0.0,0.0,0.0,0.0,0.0,0.0,0.0,0.0,0.0,0.0,0.0,0.0,0.0,0.0,0.0,15,USB activity detected,1,0.2290339102880541,0,0.037354675290764694,0.697005956229538,0,15,low,USB activity detected,Risa Hillary Obrien,Risa.Hillary.Obrien@dtaa.com,Salesman,1,5 - SalesAndMarketing,2 - Sales,4 - RegionalSales,Lysandra Chastity Brennan,2011-05.csv
RHO0732,2010-01-13,0.0,0.0,0.0,0.0,2.0,1.0,1.0,0.0,1.0,0.0,0.0,0.0,0.0,0.0,0.0,0.0,0.0,0.0,0.0,0.0,0.0,0.0,0.0,0.0,0.0,0.0,0.0,0.0,15,USB activity detected,1,0.24138913393585137,0,0.034578884745784924,0.697005956229538,0,15,low,USB activity detected,Risa Hillary Obrien,Risa.Hillary.Obrien@dtaa.com,Salesman,1,5 - SalesAndMarketing,2 - Sales,4 - RegionalSales,Lysandra Chastity Brennan,2011-05.csv
RLG0856,2010-01-04,2.0,1.0,0.0,1.0,4.0,2.0,2.0,0.0,1.0,1.0,0.0,1.0,1.0,7.0,0.0,7.0,7.0,1.0,15.0,0.0,457056.0,30470.4,7.0,5.0,25.0,15.0,9.0,1.0,15,USB activity detected,1,0.007278735614340559,0,0.6225707992143235,0.697005956229538,0,15,low,USB activity detected,Risa Lana Guthrie,Risa.Lana.Guthrie@dtaa.com,Salesman,1,5 - SalesAndMarketing,2 - Sales,5 - RegionalSales,Hashim Damon Dudley,2011-05.csv
RLG0856,2010-01-07,2.0,0.0,0.0,1.0,2.0,1.0,1.0,0.0,1.0,0.0,0.0,0.0,0.0,0.0,0.0,0.0,0.0,0.0,0.0,0.0,0.0,0.0,0.0,0.0,0.0,0.0,0.0,0.0,15,USB activity detected,1,0.23528827694787885,0,0.11345561541037855,0.697005956229538,0,15,low,USB activity detected,Risa Lana Guthrie,Risa.Lana.Guthrie@dtaa.com,Salesman,1,5 - SalesAndMarketing,2 - Sales,5 - RegionalSales,Hashim Damon Dudley,2011-05.csv
RLG0856,2010-01-08,0.0,0.0,0.0,0.0,6.0,3.0,3.0,0.0,1.0,1.0,0.0,1.0,1.0,0.0,0.0,0.0,0.0,0.0,0.0,0.0,0.0,0.0,0.0,0.0,0.0,0.0,0.0,0.0,15,USB activity detected,1,0.2092469980224541,0,0.04111771016119977,0.697005956229538,0,15,low,USB activity detected,Risa Lana Guthrie,Risa.Lana.Guthrie@dtaa.com,Salesman,1,5 - SalesAndMarketing,2 - Sales,5 - RegionalSales,Hashim Damon Dudley,2011-05.csv
RLG0856,2010-01-12,0.0,0.0,0.0,0.0,4.0,2.0,2.0,0.0,1.0,1.0,0.0,1.0,1.0,0.0,0.0,0.0,0.0,0.0,0.0,0.0,0.0,0.0,0.0,0.0,0.0,0.0,0.0,0.0,15,USB activity detected,1,0.22508479258999203,0,0.041893755833660756,0.697005956229538,0,15,low,USB activity detected,Risa Lana Guthrie,Risa.Lana.Guthrie@dtaa.com,Salesman,1,5 - SalesAndMarketing,2 - Sales,5 - RegionalSales,Hashim Damon Dudley,2011-05.csv
RLG0856,2010-01-13,0.0,0.0,0.0,0.0,2.0,1.0,1.0,0.0,1.0,0.0,0.0,0.0,0.0,0.0,0.0,0.0,0.0,0.0,0.0,0.0,0.0,0.0,0.0,0.0,0.0,0.0,0.0,0.0,15,USB activity detected,1,0.24138913393585137,0,0.034578884745784924,0.697005956229538,0,15,low,USB activity detected,Risa Lana Guthrie,Risa.Lana.Guthrie@dtaa.com,Salesman,1,5 - SalesAndMarketing,2 - Sales,5 - RegionalSales,Hashim Damon Dudley,2011-05.csv
RMW0542,2010-01-04,1.0,1.0,0.0,1.0,2.0,1.0,1.0,0.0,1.0,0.0,0.0,0.0,0.0,0.0,0.0,0.0,0.0,0.0,9.0,0.0,247639.0,27515.444444444445,0.0,0.0,18.0,2.0,0.0,1.0,15,USB activity detected,1,0.18913129203673434,0,0.11642598193278872,0.697005956229538,0,15,low,USB activity detected,Rae Melissa Wilson,Rae.Melissa.Wilson@dtaa.com,Mathematician,1,2 - ResearchAndEngineering,1 - Research,3 - Lab,Honorato Ivan Wall,2010-07.csv
RMW0542,2010-01-05,1.0,1.0,0.0,1.0,8.0,4.0,4.0,0.0,1.0,5.0,0.0,5.0,1.0,0.0,0.0,0.0,0.0,0.0,0.0,0.0,0.0,0.0,0.0,0.0,0.0,0.0,0.0,0.0,15,USB activity detected,1,0.20221700997430253,0,0.05046584294773279,0.697005956229538,0,15,low,USB activity detected,Rae Melissa Wilson,Rae.Melissa.Wilson@dtaa.com,Mathematician,1,2 - ResearchAndEngineering,1 - Research,3 - Lab,Honorato Ivan Wall,2010-07.csv
RMW0542,2010-01-06,1.0,1.0,0.0,1.0,2.0,1.0,1.0,0.0,1.0,5.0,0.0,5.0,1.0,0.0,0.0,0.0,0.0,0.0,0.0,0.0,0.0,0.0,0.0,0.0,0.0,0.0,0.0,0.0,15,USB activity detected,1,0.23403554596914067,0,0.048720406931456954,0.697005956229538,0,15,low,USB activity detected,Rae Melissa Wilson,Rae.Melissa.Wilson@dtaa.com,Mathematician,1,2 - ResearchAndEngineering,1 - Research,3 - Lab,Honorato Ivan Wall,2010-07.csv
RMW0542,2010-01-07,1.0,0.0,0.0,1.0,4.0,2.0,2.0,0.0,1.0,5.0,0.0,5.0,1.0,0.0,0.0,0.0,0.0,0.0,0.0,0.0,0.0,0.0,0.0,0.0,0.0,0.0,0.0,0.0,15,USB activity detected,1,0.22549927738007935,0,0.05566781672881558,0.697005956229538,0,15,low,USB activity detected,Rae Melissa Wilson,Rae.Melissa.Wilson@dtaa.com,Mathematician,1,2 - ResearchAndEngineering,1 - Research,3 - Lab,Honorato Ivan Wall,2010-07.csv
RMW0542,2010-01-08,0.0,0.0,0.0,0.0,4.0,2.0,2.0,0.0,1.0,0.0,0.0,0.0,0.0,0.0,0.0,0.0,0.0,0.0,0.0,0.0,0.0,0.0,0.0,0.0,0.0,0.0,0.0,0.0,15,USB activity detected,1,0.24050968498880276,0,0.029387747032837967,0.697005956229538,0,15,low,USB activity detected,Rae Melissa Wilson,Rae.Melissa.Wilson@dtaa.com,Mathematician,1,2 - ResearchAndEngineering,1 - Research,3 - Lab,Honorato Ivan Wall,2010-07.csv
RMW0542,2010-01-12,0.0,0.0,0.0,0.0,6.0,3.0,3.0,0.0,1.0,5.0,0.0,5.0,1.0,0.0,0.0,0.0,0.0,0.0,0.0,0.0,0.0,0.0,0.0,0.0,0.0,0.0,0.0,0.0,15,USB activity detected,1,0.20928348233701916,0,0.026955186769781456,0.697005956229538,0,15,low,USB activity detected,Rae Melissa Wilson,Rae.Melissa.Wilson@dtaa.com,Mathematician,1,2 - ResearchAndEngineering,1 - Research,3 - Lab,Honorato Ivan Wall,2010-07.csv
RMW0542,2010-01-13,0.0,0.0,0.0,0.0,2.0,1.0,1.0,0.0,1.0,0.0,0.0,0.0,0.0,0.0,0.0,0.0,0.0,0.0,0.0,0.0,0.0,0.0,0.0,0.0,0.0,0.0,0.0,0.0,15,USB activity detected,1,0.24138913393585137,0,0.034578884745784924,0.697005956229538,0,15,low,USB activity detected,Rae Melissa Wilson,Rae.Melissa.Wilson@dtaa.com,Mathematician,1,2 - ResearchAndEngineering,1 - Research,3 - Lab,Honorato Ivan Wall,2010-07.csv
RNP0211,2010-01-04,1.0,1.0,0.0,1.0,6.0,3.0,3.0,0.0,1.0,9.0,0.0,9.0,1.0,17.0,0.0,8.0,8.0,1.0,13.0,0.0,374247.0,28788.23076923077,18.0,7.0,20.0,6.0,0.0,1.0,15,USB activity detected,1,0.012046277313458642,0,0.30849654128423587,0.697005956229538,0,15,low,USB activity detected,Rowan Neve Parks,Rowan.Neve.Parks@dtaa.com,SecurityGuard,1,1 - Adminstration,6 - Security,1 - BuildingSecurity,Clinton Coby Wolfe,2011-05.csv
RNP0211,2010-01-05,2.0,1.0,0.0,1.0,6.0,3.0,3.0,0.0,1.0,8.0,0.0,8.0,1.0,0.0,0.0,0.0,0.0,0.0,5.0,0.0,100374.0,20074.8,5.0,4.0,8.0,4.0,0.0,1.0,15,USB activity detected,1,0.08169866365255407,0,0.20802671488606744,0.697005956229538,0,15,low,USB activity detected,Rowan Neve Parks,Rowan.Neve.Parks@dtaa.com,SecurityGuard,1,1 - Adminstration,6 - Security,1 - BuildingSecurity,Clinton Coby Wolfe,2011-05.csv
RNP0211,2010-01-06,1.0,1.0,0.0,1.0,1.0,1.0,0.0,0.0,1.0,13.0,0.0,13.0,1.0,0.0,0.0,0.0,0.0,0.0,0.0,0.0,0.0,0.0,0.0,0.0,0.0,0.0,0.0,0.0,15,USB activity detected,1,0.19459791635414325,0,0.052778259458441966,0.697005956229538,0,15,low,USB activity detected,Rowan Neve Parks,Rowan.Neve.Parks@dtaa.com,SecurityGuard,1,1 - Adminstration,6 - Security,1 - BuildingSecurity,Clinton Coby Wolfe,2011-05.csv
RNP0211,2010-01-07,2.0,1.0,0.0,1.0,10.0,5.0,5.0,0.0,1.0,8.0,0.0,8.0,1.0,0.0,0.0,0.0,0.0,0.0,0.0,0.0,0.0,0.0,0.0,0.0,0.0,0.0,0.0,0.0,15,USB activity detected,1,0.1790978580521011,0,0.08013675959220937,0.697005956229538,0,15,low,USB activity detected,Rowan Neve Parks,Rowan.Neve.Parks@dtaa.com,SecurityGuard,1,1 - Adminstration,6 - Security,1 - BuildingSecurity,Clinton Coby Wolfe,2011-05.csv
RNP0211,2010-01-08,0.0,0.0,0.0,0.0,6.0,3.0,3.0,0.0,1.0,10.0,0.0,10.0,1.0,0.0,0.0,0.0,0.0,0.0,0.0,0.0,0.0,0.0,0.0,0.0,0.0,0.0,0.0,0.0,15,USB activity detected,1,0.18782208135431022,0,0.02431444640783757,0.697005956229538,0,15,low,USB activity detected,Rowan Neve Parks,Rowan.Neve.Parks@dtaa.com,SecurityGuard,1,1 - Adminstration,6 - Security,1 - BuildingSecurity,Clinton Coby Wolfe,2011-05.csv
RNP0211,2010-01-11,0.0,0.0,0.0,0.0,4.0,2.0,2.0,0.0,1.0,9.0,0.0,9.0,1.0,0.0,0.0,0.0,0.0,0.0,0.0,0.0,0.0,0.0,0.0,0.0,0.0,0.0,0.0,0.0,15,USB activity detected,1,0.20924209050060494,0,0.023761991466027317,0.697005956229538,0,15,low,USB activity detected,Rowan Neve Parks,Rowan.Neve.Parks@dtaa.com,SecurityGuard,1,1 - Adminstration,6 - Security,1 - BuildingSecurity,Clinton Coby Wolfe,2011-05.csv
RNP0211,2010-01-12,0.0,0.0,0.0,0.0,6.0,3.0,3.0,0.0,1.0,9.0,0.0,9.0,1.0,0.0,0.0,0.0,0.0,0.0,0.0,0.0,0.0,0.0,0.0,0.0,0.0,0.0,0.0,0.0,15,USB activity detected,1,0.1944902325225107,0,0.02327771587449629,0.697005956229538,0,15,low,USB activity detected,Rowan Neve Parks,Rowan.Neve.Parks@dtaa.com,SecurityGuard,1,1 - Adminstration,6 - Security,1 - BuildingSecurity,Clinton Coby Wolfe,2011-05.csv
RNP0211,2010-01-13,0.0,0.0,0.0,0.0,7.0,4.0,3.0,0.0,1.0,0.0,0.0,0.0,0.0,0.0,0.0,0.0,0.0,0.0,0.0,0.0,0.0,0.0,0.0,0.0,0.0,0.0,0.0,0.0,15,USB activity detected,1,0.20364154164863746,0,0.028992272858549585,0.697005956229538,0,15,low,USB activity detected,Rowan Neve Parks,Rowan.Neve.Parks@dtaa.com,SecurityGuard,1,1 - Adminstration,6 - Security,1 - BuildingSecurity,Clinton Coby Wolfe,2011-05.csv
RRC0553,2010-01-02,2.0,1.0,0.0,1.0,6.0,3.0,3.0,0.0,1.0,23.0,0.0,23.0,1.0,95.0,0.0,37.0,37.0,1.0,9.0,0.0,277646.0,30849.555555555555,3.0,2.0,14.0,6.0,6.0,1.0,45,USB activity detected; High file copy activity,-1,-0.03695639941683404,1,0.411619452602872,0.697005956229538,0,85,critical,USB activity detected; High file copy activity; AI anomaly detected by Isolation Forest,Raya Regan Church,Raya.Regan.Church@dtaa.com,Physicist,1,2 - ResearchAndEngineering,1 - Research,3 - Lab,Honorato Ivan Wall,2010-02.csv
RRC0553,2010-01-04,2.0,1.0,0.0,1.0,2.0,1.0,1.0,0.0,1.0,27.0,0.0,27.0,1.0,0.0,0.0,0.0,0.0,0.0,9.0,0.0,266640.0,29626.666666666668,0.0,0.0,17.0,8.0,7.0,1.0,45,USB activity detected; High file copy activity,1,0.046055315658666274,0,0.8428628908920144,0.697005956229538,1,75,high,USB activity detected; High file copy activity; AI anomaly detected by TensorFlow Autoencoder,Raya Regan Church,Raya.Regan.Church@dtaa.com,Physicist,1,2 - ResearchAndEngineering,1 - Research,3 - Lab,Honorato Ivan Wall,2010-02.csv
RRC0553,2010-01-05,2.0,1.0,0.0,1.0,1.0,1.0,0.0,0.0,1.0,25.0,0.0,25.0,1.0,0.0,0.0,0.0,0.0,0.0,0.0,0.0,0.0,0.0,0.0,0.0,0.0,0.0,0.0,0.0,45,USB activity detected; High file copy activity,1,0.12588743445429917,0,0.07265938145999987,0.697005956229538,0,45,medium,USB activity detected; High file copy activity,Raya Regan Church,Raya.Regan.Church@dtaa.com,Physicist,1,2 - ResearchAndEngineering,1 - Research,3 - Lab,Honorato Ivan Wall,2010-02.csv
RRC0553,2010-01-06,2.0,1.0,0.0,1.0,4.0,2.0,2.0,0.0,1.0,25.0,0.0,25.0,1.0,0.0,0.0,0.0,0.0,0.0,0.0,0.0,0.0,0.0,0.0,0.0,0.0,0.0,0.0,0.0,45,USB activity detected; High file copy activity,1,0.1233327492749906,0,0.061109451558356266,0.697005956229538,0,45,medium,USB activity detected; High file copy activity,Raya Regan Church,Raya.Regan.Church@dtaa.com,Physicist,1,2 - ResearchAndEngineering,1 - Research,3 - Lab,Honorato Ivan Wall,2010-02.csv
RRC0553,2010-01-07,2.0,0.0,0.0,1.0,2.0,1.0,1.0,0.0,1.0,20.0,0.0,20.0,1.0,0.0,0.0,0.0,0.0,0.0,0.0,0.0,0.0,0.0,0.0,0.0,0.0,0.0,0.0,0.0,15,USB activity detected,1,0.16254211567838533,0,0.14702624650601284,0.697005956229538,0,15,low,USB activity detected,Raya Regan Church,Raya.Regan.Church@dtaa.com,Physicist,1,2 - ResearchAndEngineering,1 - Research,3 - Lab,Honorato Ivan Wall,2010-02.csv
RRC0553,2010-01-08,0.0,0.0,0.0,0.0,2.0,1.0,1.0,0.0,1.0,27.0,0.0,27.0,1.0,0.0,0.0,0.0,0.0,0.0,0.0,0.0,0.0,0.0,0.0,0.0,0.0,0.0,0.0,0.0,45,USB activity detected; High file copy activity,1,0.11667756785690575,0,0.07398013920069593,0.697005956229538,0,45,medium,USB activity detected; High file copy activity,Raya Regan Church,Raya.Regan.Church@dtaa.com,Physicist,1,2 - ResearchAndEngineering,1 - Research,3 - Lab,Honorato Ivan Wall,2010-02.csv
RRC0553,2010-01-11,0.0,0.0,0.0,0.0,2.0,1.0,1.0,0.0,1.0,18.0,0.0,18.0,1.0,0.0,0.0,0.0,0.0,0.0,0.0,0.0,0.0,0.0,0.0,0.0,0.0,0.0,0.0,0.0,15,USB activity detected,1,0.17609683988837116,0,0.06938259434146883,0.697005956229538,0,15,low,USB activity detected,Raya Regan Church,Raya.Regan.Church@dtaa.com,Physicist,1,2 - ResearchAndEngineering,1 - Research,3 - Lab,Honorato Ivan Wall,2010-02.csv
RRC0553,2010-01-12,0.0,0.0,0.0,0.0,4.0,2.0,2.0,0.0,1.0,16.0,0.0,16.0,1.0,0.0,0.0,0.0,0.0,0.0,0.0,0.0,0.0,0.0,0.0,0.0,0.0,0.0,0.0,0.0,15,USB activity detected,1,0.17812060466892665,0,0.048630203617174975,0.697005956229538,0,15,low,USB activity detected,Raya Regan Church,Raya.Regan.Church@dtaa.com,Physicist,1,2 - ResearchAndEngineering,1 - Research,3 - Lab,Honorato Ivan Wall,2010-02.csv
RRC0553,2010-01-13,0.0,0.0,0.0,0.0,2.0,1.0,1.0,0.0,1.0,0.0,0.0,0.0,0.0,0.0,0.0,0.0,0.0,0.0,0.0,0.0,0.0,0.0,0.0,0.0,0.0,0.0,0.0,0.0,15,USB activity detected,1,0.24138913393585137,0,0.034578884745784924,0.697005956229538,0,15,low,USB activity detected,Raya Regan Church,Raya.Regan.Church@dtaa.com,Physicist,1,2 - ResearchAndEngineering,1 - Research,3 - Lab,Honorato Ivan Wall,2010-02.csv
RRP0568,2010-01-05,2.0,1.0,0.0,1.0,2.0,1.0,1.0,0.0,1.0,10.0,0.0,10.0,1.0,0.0,0.0,0.0,0.0,0.0,0.0,0.0,0.0,0.0,0.0,0.0,0.0,0.0,0.0,0.0,15,USB activity detected,1,0.2061876016650242,0,0.06754783503522499,0.697005956229538,0,15,low,USB activity detected,Rhonda Rhona Parsons,Rhonda.Rhona.Parsons@dtaa.com,ComputerScientist,1,2 - ResearchAndEngineering,2 - SoftwareManagement,3 - Software,Stephanie Briar Harrington,2011-05.csv
RRP0568,2010-01-06,1.0,1.0,0.0,1.0,2.0,1.0,1.0,0.0,1.0,2.0,0.0,2.0,1.0,0.0,0.0,0.0,0.0,0.0,0.0,0.0,0.0,0.0,0.0,0.0,0.0,0.0,0.0,0.0,15,USB activity detected,1,0.236033721136646,0,0.05968403884444859,0.697005956229538,0,15,low,USB activity detected,Rhonda Rhona Parsons,Rhonda.Rhona.Parsons@dtaa.com,ComputerScientist,1,2 - ResearchAndEngineering,2 - SoftwareManagement,3 - Software,Stephanie Briar Harrington,2011-05.csv
RRP0568,2010-01-07,2.0,0.0,0.0,1.0,2.0,1.0,1.0,0.0,1.0,6.0,0.0,6.0,1.0,0.0,0.0,0.0,0.0,0.0,0.0,0.0,0.0,0.0,0.0,0.0,0.0,0.0,0.0,0.0,15,USB activity detected,1,0.21211735267216597,0,0.09867370487794412,0.697005956229538,0,15,low,USB activity detected,Rhonda Rhona Parsons,Rhonda.Rhona.Parsons@dtaa.com,ComputerScientist,1,2 - ResearchAndEngineering,2 - SoftwareManagement,3 - Software,Stephanie Briar Harrington,2011-05.csv
RRP0568,2010-01-08,0.0,0.0,0.0,0.0,2.0,1.0,1.0,0.0,1.0,4.0,0.0,4.0,1.0,0.0,0.0,0.0,0.0,0.0,0.0,0.0,0.0,0.0,0.0,0.0,0.0,0.0,0.0,0.0,15,USB activity detected,1,0.2255480598108977,0,0.03194264222559186,0.697005956229538,0,15,low,USB activity detected,Rhonda Rhona Parsons,Rhonda.Rhona.Parsons@dtaa.com,ComputerScientist,1,2 - ResearchAndEngineering,2 - SoftwareManagement,3 - Software,Stephanie Briar Harrington,2011-05.csv
RRP0568,2010-01-12,0.0,0.0,0.0,0.0,2.0,1.0,1.0,0.0,1.0,7.0,0.0,7.0,1.0,0.0,0.0,0.0,0.0,0.0,0.0,0.0,0.0,0.0,0.0,0.0,0.0,0.0,0.0,0.0,15,USB activity detected,1,0.21587164789847074,0,0.02690292616353593,0.697005956229538,0,15,low,USB activity detected,Rhonda Rhona Parsons,Rhonda.Rhona.Parsons@dtaa.com,ComputerScientist,1,2 - ResearchAndEngineering,2 - SoftwareManagement,3 - Software,Stephanie Briar Harrington,2011-05.csv
RRP0568,2010-01-13,0.0,0.0,0.0,0.0,2.0,1.0,1.0,0.0,1.0,0.0,0.0,0.0,0.0,0.0,0.0,0.0,0.0,0.0,0.0,0.0,0.0,0.0,0.0,0.0,0.0,0.0,0.0,0.0,15,USB activity detected,1,0.24138913393585137,0,0.034578884745784924,0.697005956229538,0,15,low,USB activity detected,Rhonda Rhona Parsons,Rhonda.Rhona.Parsons@dtaa.com,ComputerScientist,1,2 - ResearchAndEngineering,2 - SoftwareManagement,3 - Software,Stephanie Briar Harrington,2011-05.csv
RSC0089,2010-01-04,3.0,2.0,0.0,2.0,18.0,9.0,9.0,0.0,1.0,0.0,0.0,0.0,0.0,5.0,0.0,4.0,4.0,1.0,9.0,0.0,279156.0,31017.333333333332,6.0,4.0,18.0,4.0,0.0,1.0,15,USB activity detected,1,0.000616494999625461,0,0.43904172633311933,0.697005956229538,0,15,low,USB activity detected,Robert Samuel Chen,Robert.Samuel.Chen@dtaa.com,ElectricalEngineer,1,2 - ResearchAndEngineering,3 - Engineering,2 - ElectricalEngineering,Dylan Tiger Terry,2011-05.csv
RSC0089,2010-01-05,2.0,1.0,0.0,1.0,18.0,9.0,9.0,0.0,1.0,6.0,0.0,6.0,1.0,0.0,0.0,0.0,0.0,0.0,8.0,0.0,238908.0,29863.5,12.0,4.0,17.0,3.0,0.0,1.0,15,USB activity detected,1,0.03259116957478292,0,0.4000468194103994,0.697005956229538,0,15,low,USB activity detected,Robert Samuel Chen,Robert.Samuel.Chen@dtaa.com,ElectricalEngineer,1,2 - ResearchAndEngineering,3 - Engineering,2 - ElectricalEngineering,Dylan Tiger Terry,2011-05.csv
RSC0089,2010-01-06,1.0,1.0,0.0,1.0,16.0,8.0,8.0,0.0,1.0,3.0,0.0,3.0,1.0,0.0,0.0,0.0,0.0,0.0,0.0,0.0,0.0,0.0,0.0,0.0,0.0,0.0,0.0,0.0,15,USB activity detected,1,0.15998472017131643,0,0.06550127098375598,0.697005956229538,0,15,low,USB activity detected,Robert Samuel Chen,Robert.Samuel.Chen@dtaa.com,ElectricalEngineer,1,2 - ResearchAndEngineering,3 - Engineering,2 - ElectricalEngineering,Dylan Tiger Terry,2011-05.csv
RSC0089,2010-01-07,2.0,1.0,0.0,1.0,16.0,8.0,8.0,0.0,1.0,4.0,0.0,4.0,1.0,0.0,0.0,0.0,0.0,0.0,0.0,0.0,0.0,0.0,0.0,0.0,0.0,0.0,0.0,0.0,15,USB activity detected,1,0.15853597808577163,0,0.09950480149246552,0.697005956229538,0,15,low,USB activity detected,Robert Samuel Chen,Robert.Samuel.Chen@dtaa.com,ElectricalEngineer,1,2 - ResearchAndEngineering,3 - Engineering,2 - ElectricalEngineering,Dylan Tiger Terry,2011-05.csv
RSC0089,2010-01-08,0.0,0.0,0.0,0.0,18.0,9.0,9.0,0.0,1.0,4.0,0.0,4.0,1.0,0.0,0.0,0.0,0.0,0.0,0.0,0.0,0.0,0.0,0.0,0.0,0.0,0.0,0.0,0.0,15,USB activity detected,1,0.13472026654615582,0,0.04506751687316971,0.697005956229538,0,15,low,USB activity detected,Robert Samuel Chen,Robert.Samuel.Chen@dtaa.com,ElectricalEngineer,1,2 - ResearchAndEngineering,3 - Engineering,2 - ElectricalEngineering,Dylan Tiger Terry,2011-05.csv
RSC0089,2010-01-11,0.0,0.0,0.0,0.0,14.0,7.0,7.0,0.0,1.0,0.0,0.0,0.0,0.0,0.0,0.0,0.0,0.0,0.0,0.0,0.0,0.0,0.0,0.0,0.0,0.0,0.0,0.0,0.0,15,USB activity detected,1,0.15757970960448348,0,0.02795770502625191,0.697005956229538,0,15,low,USB activity detected,Robert Samuel Chen,Robert.Samuel.Chen@dtaa.com,ElectricalEngineer,1,2 - ResearchAndEngineering,3 - Engineering,2 - ElectricalEngineering,Dylan Tiger Terry,2011-05.csv
RSC0089,2010-01-12,0.0,0.0,0.0,0.0,14.0,7.0,7.0,0.0,1.0,0.0,0.0,0.0,0.0,0.0,0.0,0.0,0.0,0.0,0.0,0.0,0.0,0.0,0.0,0.0,0.0,0.0,0.0,0.0,15,USB activity detected,1,0.15757970960448348,0,0.02795770502625191,0.697005956229538,0,15,low,USB activity detected,Robert Samuel Chen,Robert.Samuel.Chen@dtaa.com,ElectricalEngineer,1,2 - ResearchAndEngineering,3 - Engineering,2 - ElectricalEngineering,Dylan Tiger Terry,2011-05.csv
RSC0089,2010-01-13,0.0,0.0,0.0,0.0,8.0,4.0,4.0,0.0,1.0,0.0,0.0,0.0,0.0,0.0,0.0,0.0,0.0,0.0,0.0,0.0,0.0,0.0,0.0,0.0,0.0,0.0,0.0,0.0,15,USB activity detected,1,0.19727497896406737,0,0.026766841620095603,0.697005956229538,0,15,low,USB activity detected,Robert Samuel Chen,Robert.Samuel.Chen@dtaa.com,ElectricalEngineer,1,2 - ResearchAndEngineering,3 - Engineering,2 - ElectricalEngineering,Dylan Tiger Terry,2011-05.csv
RSM0277,2010-01-05,2.0,1.0,0.0,1.0,4.0,2.0,2.0,0.0,1.0,0.0,0.0,0.0,0.0,0.0,0.0,0.0,0.0,0.0,2.0,0.0,49726.0,24863.0,0.0,0.0,3.0,1.0,0.0,1.0,15,USB activity detected,1,0.18693206480692282,0,0.11890241247632848,0.697005956229538,0,15,low,USB activity detected,Roanna Sacha Monroe,Roanna.Sacha.Monroe@dtaa.com,SystemsEngineer,1,2 - ResearchAndEngineering,3 - Engineering,4 - SystemsEngineering,Gage Kaden Odonnell,2011-05.csv
RSM0277,2010-01-07,2.0,0.0,0.0,1.0,4.0,2.0,2.0,0.0,1.0,0.0,0.0,0.0,0.0,0.0,0.0,0.0,0.0,0.0,0.0,0.0,0.0,0.0,0.0,0.0,0.0,0.0,0.0,0.0,15,USB activity detected,1,0.23270113570072892,0,0.11667513875601614,0.697005956229538,0,15,low,USB activity detected,Roanna Sacha Monroe,Roanna.Sacha.Monroe@dtaa.com,SystemsEngineer,1,2 - ResearchAndEngineering,3 - Engineering,4 - SystemsEngineering,Gage Kaden Odonnell,2011-05.csv
RSM0277,2010-01-08,0.0,0.0,0.0,0.0,2.0,1.0,1.0,0.0,1.0,0.0,0.0,0.0,0.0,0.0,0.0,0.0,0.0,0.0,0.0,0.0,0.0,0.0,0.0,0.0,0.0,0.0,0.0,0.0,15,USB activity detected,1,0.24138913393585137,0,0.034578884745784924,0.697005956229538,0,15,low,USB activity detected,Roanna Sacha Monroe,Roanna.Sacha.Monroe@dtaa.com,SystemsEngineer,1,2 - ResearchAndEngineering,3 - Engineering,4 - SystemsEngineering,Gage Kaden Odonnell,2011-05.csv
RSM0277,2010-01-13,0.0,0.0,0.0,0.0,2.0,1.0,1.0,0.0,1.0,0.0,0.0,0.0,0.0,0.0,0.0,0.0,0.0,0.0,0.0,0.0,0.0,0.0,0.0,0.0,0.0,0.0,0.0,0.0,15,USB activity detected,1,0.24138913393585137,0,0.034578884745784924,0.697005956229538,0,15,low,USB activity detected,Roanna Sacha Monroe,Roanna.Sacha.Monroe@dtaa.com,SystemsEngineer,1,2 - ResearchAndEngineering,3 - Engineering,4 - SystemsEngineering,Gage Kaden Odonnell,2011-05.csv
RTO0313,2010-01-07,3.0,2.0,2.0,1.0,0.0,0.0,0.0,0.0,0.0,0.0,0.0,0.0,0.0,0.0,0.0,0.0,0.0,0.0,0.0,0.0,0.0,0.0,0.0,0.0,0.0,0.0,0.0,0.0,20,Logon activity outside working hours,1,0.21080028385880267,0,0.10719355742630612,0.697005956229538,0,20,low,Logon activity outside working hours,Raymond Tate Osborne,Raymond.Tate.Osborne@dtaa.com,Salesman,1,5 - SalesAndMarketing,2 - Sales,1 - RegionalSales,Meredith Ainsley Wolf,2011-05.csv
RUM0880,2010-01-04,1.0,1.0,0.0,1.0,4.0,2.0,2.0,0.0,1.0,1.0,0.0,1.0,1.0,1.0,0.0,1.0,1.0,1.0,15.0,0.0,389173.0,25944.866666666665,14.0,9.0,24.0,5.0,0.0,1.0,15,USB activity detected,1,0.02248536436272819,0,0.44045413866866817,0.697005956229538,0,15,low,USB activity detected,Roary Ursa Massey,Roary.Ursa.Massey@dtaa.com,Salesman,1,5 - SalesAndMarketing,2 - Sales,5 - RegionalSales,Hashim Damon Dudley,2011-05.csv
RUM0880,2010-01-05,2.0,1.0,0.0,1.0,2.0,1.0,1.0,0.0,1.0,1.0,0.0,1.0,1.0,0.0,0.0,0.0,0.0,0.0,3.0,0.0,96083.0,32027.666666666668,2.0,1.0,7.0,0.0,0.0,1.0,15,USB activity detected,1,0.1637589094823605,0,0.13492952231304733,0.697005956229538,0,15,low,USB activity detected,Roary Ursa Massey,Roary.Ursa.Massey@dtaa.com,Salesman,1,5 - SalesAndMarketing,2 - Sales,5 - RegionalSales,Hashim Damon Dudley,2011-05.csv
RUM0880,2010-01-06,2.0,2.0,0.0,2.0,6.0,3.0,3.0,0.0,1.0,8.0,0.0,8.0,1.0,0.0,0.0,0.0,0.0,0.0,0.0,0.0,0.0,0.0,0.0,0.0,0.0,0.0,0.0,0.0,15,USB activity detected,1,0.17196538863338984,0,0.1294453648822064,0.697005956229538,0,15,low,USB activity detected,Roary Ursa Massey,Roary.Ursa.Massey@dtaa.com,Salesman,1,5 - SalesAndMarketing,2 - Sales,5 - RegionalSales,Hashim Damon Dudley,2011-05.csv
RUM0880,2010-01-07,2.0,0.0,0.0,1.0,6.0,3.0,3.0,0.0,1.0,11.0,0.0,11.0,1.0,0.0,0.0,0.0,0.0,0.0,0.0,0.0,0.0,0.0,0.0,0.0,0.0,0.0,0.0,0.0,15,USB activity detected,1,0.1803182726139944,0,0.10515291309213412,0.697005956229538,0,15,low,USB activity detected,Roary Ursa Massey,Roary.Ursa.Massey@dtaa.com,Salesman,1,5 - SalesAndMarketing,2 - Sales,5 - RegionalSales,Hashim Damon Dudley,2011-05.csv
RUM0880,2010-01-08,0.0,0.0,0.0,0.0,2.0,1.0,1.0,0.0,1.0,6.0,0.0,6.0,1.0,0.0,0.0,0.0,0.0,0.0,0.0,0.0,0.0,0.0,0.0,0.0,0.0,0.0,0.0,0.0,15,USB activity detected,1,0.2188288303391091,0,0.0274749014302764,0.697005956229538,0,15,low,USB activity detected,Roary Ursa Massey,Roary.Ursa.Massey@dtaa.com,Salesman,1,5 - SalesAndMarketing,2 - Sales,5 - RegionalSales,Hashim Damon Dudley,2011-05.csv
RUM0880,2010-01-11,0.0,0.0,0.0,0.0,8.0,4.0,4.0,0.0,1.0,3.0,0.0,3.0,1.0,0.0,0.0,0.0,0.0,0.0,0.0,0.0,0.0,0.0,0.0,0.0,0.0,0.0,0.0,0.0,15,USB activity detected,1,0.19816777509854322,0,0.033221526661336084,0.697005956229538,0,15,low,USB activity detected,Roary Ursa Massey,Roary.Ursa.Massey@dtaa.com,Salesman,1,5 - SalesAndMarketing,2 - Sales,5 - RegionalSales,Hashim Damon Dudley,2011-05.csv
RUM0880,2010-01-12,0.0,0.0,0.0,0.0,4.0,2.0,2.0,0.0,1.0,2.0,0.0,2.0,1.0,0.0,0.0,0.0,0.0,0.0,0.0,0.0,0.0,0.0,0.0,0.0,0.0,0.0,0.0,0.0,15,USB activity detected,1,0.2290339102880541,0,0.037354675290764694,0.697005956229538,0,15,low,USB activity detected,Roary Ursa Massey,Roary.Ursa.Massey@dtaa.com,Salesman,1,5 - SalesAndMarketing,2 - Sales,5 - RegionalSales,Hashim Damon Dudley,2011-05.csv
RUM0880,2010-01-13,0.0,0.0,0.0,0.0,2.0,1.0,1.0,0.0,1.0,0.0,0.0,0.0,0.0,0.0,0.0,0.0,0.0,0.0,0.0,0.0,0.0,0.0,0.0,0.0,0.0,0.0,0.0,0.0,15,USB activity detected,1,0.24138913393585137,0,0.034578884745784924,0.697005956229538,0,15,low,USB activity detected,Roary Ursa Massey,Roary.Ursa.Massey@dtaa.com,Salesman,1,5 - SalesAndMarketing,2 - Sales,5 - RegionalSales,Hashim Damon Dudley,2011-05.csv
RVF0201,2010-01-05,2.0,1.0,0.0,1.0,6.0,3.0,3.0,0.0,1.0,0.0,0.0,0.0,0.0,0.0,0.0,0.0,0.0,0.0,1.0,0.0,29107.0,29107.0,2.0,1.0,3.0,0.0,0.0,1.0,15,USB activity detected,1,0.1622452419841119,0,0.13948133894499504,0.697005956229538,0,15,low,USB activity detected,Reuben Victor Freeman,Reuben.Victor.Freeman@dtaa.com,AdministrativeAssistant,1,6 - PurchasingAndContracts,3 - Contracts,,Whoopi Britanney Camacho,2011-05.csv
RVF0201,2010-01-06,1.0,1.0,0.0,1.0,6.0,3.0,3.0,0.0,1.0,1.0,0.0,1.0,1.0,0.0,0.0,0.0,0.0,0.0,0.0,0.0,0.0,0.0,0.0,0.0,0.0,0.0,0.0,0.0,15,USB activity detected,1,0.2232107279924151,0,0.06451194629958248,0.697005956229538,0,15,low,USB activity detected,Reuben Victor Freeman,Reuben.Victor.Freeman@dtaa.com,AdministrativeAssistant,1,6 - PurchasingAndContracts,3 - Contracts,,Whoopi Britanney Camacho,2011-05.csv
RVF0201,2010-01-07,2.0,0.0,0.0,1.0,2.0,1.0,1.0,0.0,1.0,0.0,0.0,0.0,0.0,0.0,0.0,0.0,0.0,0.0,0.0,0.0,0.0,0.0,0.0,0.0,0.0,0.0,0.0,0.0,15,USB activity detected,1,0.23528827694787885,0,0.11345561541037855,0.697005956229538,0,15,low,USB activity detected,Reuben Victor Freeman,Reuben.Victor.Freeman@dtaa.com,AdministrativeAssistant,1,6 - PurchasingAndContracts,3 - Contracts,,Whoopi Britanney Camacho,2011-05.csv
RVF0201,2010-01-08,0.0,0.0,0.0,0.0,4.0,2.0,2.0,0.0,1.0,0.0,0.0,0.0,0.0,0.0,0.0,0.0,0.0,0.0,0.0,0.0,0.0,0.0,0.0,0.0,0.0,0.0,0.0,0.0,15,USB activity detected,1,0.24050968498880276,0,0.029387747032837967,0.697005956229538,0,15,low,USB activity detected,Reuben Victor Freeman,Reuben.Victor.Freeman@dtaa.com,AdministrativeAssistant,1,6 - PurchasingAndContracts,3 - Contracts,,Whoopi Britanney Camacho,2011-05.csv
RVF0201,2010-01-12,0.0,0.0,0.0,0.0,4.0,2.0,2.0,0.0,1.0,2.0,0.0,2.0,1.0,0.0,0.0,0.0,0.0,0.0,0.0,0.0,0.0,0.0,0.0,0.0,0.0,0.0,0.0,0.0,15,USB activity detected,1,0.2290339102880541,0,0.037354675290764694,0.697005956229538,0,15,low,USB activity detected,Reuben Victor Freeman,Reuben.Victor.Freeman@dtaa.com,AdministrativeAssistant,1,6 - PurchasingAndContracts,3 - Contracts,,Whoopi Britanney Camacho,2011-05.csv
RZC0746,2010-01-02,2.0,1.0,0.0,1.0,0.0,0.0,0.0,0.0,0.0,0.0,0.0,0.0,0.0,162.0,0.0,53.0,49.0,1.0,0.0,0.0,0.0,0.0,0.0,0.0,0.0,0.0,0.0,0.0,0,,1,0.14258994007440284,0,0.864364566493627,0.697005956229538,1,30,low,AI anomaly detected by TensorFlow Autoencoder,Robert Zeus Cox,Robert.Zeus.Cox@dtaa.com,Salesman,1,5 - SalesAndMarketing,2 - Sales,4 - RegionalSales,Lysandra Chastity Brennan,2011-05.csv
RZC0746,2010-01-03,2.0,1.0,0.0,1.0,0.0,0.0,0.0,0.0,0.0,0.0,0.0,0.0,0.0,162.0,0.0,44.0,42.0,1.0,15.0,0.0,447926.0,29861.733333333334,13.0,6.0,22.0,18.0,15.0,1.0,0,,-1,-0.012476922299028304,1,0.6471113203537144,0.697005956229538,0,40,medium,AI anomaly detected by Isolation Forest,Robert Zeus Cox,Robert.Zeus.Cox@dtaa.com,Salesman,1,5 - SalesAndMarketing,2 - Sales,4 - RegionalSales,Lysandra Chastity Brennan,2011-05.csv
SAA0999,2010-01-04,2.0,1.0,0.0,1.0,18.0,9.0,9.0,0.0,1.0,26.0,0.0,26.0,1.0,0.0,0.0,0.0,0.0,0.0,9.0,0.0,320349.0,35594.333333333336,8.0,4.0,16.0,5.0,0.0,1.0,45,USB activity detected; High file copy activity,-1,-0.014059418300568782,1,0.5024766160204925,0.697005956229538,0,85,critical,USB activity detected; High file copy activity; AI anomaly detected by Isolation Forest,Shelly Audra Ayala,Shelly.Audra.Ayala@dtaa.com,ElectricalEngineer,1,3 - Manufacturing,2 - ManufacturingEngineering,,Fritz Dale Ellison,2011-05.csv
SAA0999,2010-01-05,2.0,1.0,0.0,1.0,18.0,9.0,9.0,0.0,1.0,27.0,0.0,27.0,1.0,0.0,0.0,0.0,0.0,0.0,0.0,0.0,0.0,0.0,0.0,0.0,0.0,0.0,0.0,0.0,45,USB activity detected; High file copy activity,1,0.06852207528509924,0,0.1012894320575958,0.697005956229538,0,45,medium,USB activity detected; High file copy activity,Shelly Audra Ayala,Shelly.Audra.Ayala@dtaa.com,ElectricalEngineer,1,3 - Manufacturing,2 - ManufacturingEngineering,,Fritz Dale Ellison,2011-05.csv
SAA0999,2010-01-06,1.0,1.0,0.0,1.0,18.0,9.0,9.0,0.0,1.0,23.0,0.0,23.0,1.0,0.0,0.0,0.0,0.0,0.0,0.0,0.0,0.0,0.0,0.0,0.0,0.0,0.0,0.0,0.0,45,USB activity detected; High file copy activity,1,0.09487110742117844,0,0.06142867943794183,0.697005956229538,0,45,medium,USB activity detected; High file copy activity,Shelly Audra Ayala,Shelly.Audra.Ayala@dtaa.com,ElectricalEngineer,1,3 - Manufacturing,2 - ManufacturingEngineering,,Fritz Dale Ellison,2011-05.csv
SAA0999,2010-01-07,2.0,0.0,0.0,1.0,18.0,9.0,9.0,0.0,1.0,24.0,0.0,24.0,1.0,0.0,0.0,0.0,0.0,0.0,0.0,0.0,0.0,0.0,0.0,0.0,0.0,0.0,0.0,0.0,45,USB activity detected; High file copy activity,1,0.08512883014557138,0,0.13181131056795134,0.697005956229538,0,45,medium,USB activity detected; High file copy activity,Shelly Audra Ayala,Shelly.Audra.Ayala@dtaa.com,ElectricalEngineer,1,3 - Manufacturing,2 - ManufacturingEngineering,,Fritz Dale Ellison,2011-05.csv
SAA0999,2010-01-08,0.0,0.0,0.0,0.0,14.0,7.0,7.0,0.0,1.0,27.0,0.0,27.0,1.0,0.0,0.0,0.0,0.0,0.0,0.0,0.0,0.0,0.0,0.0,0.0,0.0,0.0,0.0,0.0,45,USB activity detected; High file copy activity,1,0.08384540693581788,0,0.06466327825067474,0.697005956229538,0,45,medium,USB activity detected; High file copy activity,Shelly Audra Ayala,Shelly.Audra.Ayala@dtaa.com,ElectricalEngineer,1,3 - Manufacturing,2 - ManufacturingEngineering,,Fritz Dale Ellison,2011-05.csv
SAA0999,2010-01-11,0.0,0.0,0.0,0.0,16.0,8.0,8.0,0.0,1.0,27.0,0.0,27.0,1.0,0.0,0.0,0.0,0.0,0.0,0.0,0.0,0.0,0.0,0.0,0.0,0.0,0.0,0.0,0.0,45,USB activity detected; High file copy activity,1,0.0849111688235471,0,0.06968563904768824,0.697005956229538,0,45,medium,USB activity detected; High file copy activity,Shelly Audra Ayala,Shelly.Audra.Ayala@dtaa.com,ElectricalEngineer,1,3 - Manufacturing,2 - ManufacturingEngineering,,Fritz Dale Ellison,2011-05.csv
SAA0999,2010-01-12,0.0,0.0,0.0,0.0,16.0,8.0,8.0,0.0,1.0,14.0,0.0,14.0,1.0,0.0,0.0,0.0,0.0,0.0,0.0,0.0,0.0,0.0,0.0,0.0,0.0,0.0,0.0,0.0,15,USB activity detected,1,0.12926091040648774,0,0.04584840876298728,0.697005956229538,0,15,low,USB activity detected,Shelly Audra Ayala,Shelly.Audra.Ayala@dtaa.com,ElectricalEngineer,1,3 - Manufacturing,2 - ManufacturingEngineering,,Fritz Dale Ellison,2011-05.csv
SAA0999,2010-01-13,0.0,0.0,0.0,0.0,10.0,5.0,5.0,0.0,1.0,0.0,0.0,0.0,0.0,0.0,0.0,0.0,0.0,0.0,0.0,0.0,0.0,0.0,0.0,0.0,0.0,0.0,0.0,0.0,15,USB activity detected,1,0.18212522523809294,0,0.026785746186875715,0.697005956229538,0,15,low,USB activity detected,Shelly Audra Ayala,Shelly.Audra.Ayala@dtaa.com,ElectricalEngineer,1,3 - Manufacturing,2 - ManufacturingEngineering,,Fritz Dale Ellison,2011-05.csv
SAB0781,2010-01-05,2.0,1.0,0.0,1.0,2.0,1.0,1.0,0.0,1.0,8.0,0.0,8.0,1.0,0.0,0.0,0.0,0.0,0.0,0.0,0.0,0.0,0.0,0.0,0.0,0.0,0.0,0.0,0.0,15,USB activity detected,1,0.21190207535558192,0,0.06708591240265391,0.697005956229538,0,15,low,USB activity detected,Serina Ariana Butler,Serina.Ariana.Butler@dtaa.com,Technician,1,5 - SalesAndMarketing,3 - FieldService,4 - RegionalFieldService,Blaine Helen Cervantes,2011-05.csv
SAB0781,2010-01-06,2.0,1.0,0.0,1.0,2.0,1.0,1.0,0.0,1.0,12.0,0.0,12.0,1.0,0.0,0.0,0.0,0.0,0.0,0.0,0.0,0.0,0.0,0.0,0.0,0.0,0.0,0.0,0.0,15,USB activity detected,1,0.1950845813667198,0,0.07164996203964247,0.697005956229538,0,15,low,USB activity detected,Serina Ariana Butler,Serina.Ariana.Butler@dtaa.com,Technician,1,5 - SalesAndMarketing,3 - FieldService,4 - RegionalFieldService,Blaine Helen Cervantes,2011-05.csv
SAB0781,2010-01-07,2.0,1.0,0.0,1.0,2.0,1.0,1.0,0.0,1.0,5.0,0.0,5.0,1.0,0.0,0.0,0.0,0.0,0.0,0.0,0.0,0.0,0.0,0.0,0.0,0.0,0.0,0.0,0.0,15,USB activity detected,1,0.2301695216135437,0,0.07495448797236773,0.697005956229538,0,15,low,USB activity detected,Serina Ariana Butler,Serina.Ariana.Butler@dtaa.com,Technician,1,5 - SalesAndMarketing,3 - FieldService,4 - RegionalFieldService,Blaine Helen Cervantes,2011-05.csv
SAB0781,2010-01-08,0.0,0.0,0.0,0.0,2.0,1.0,1.0,0.0,1.0,13.0,0.0,13.0,1.0,0.0,0.0,0.0,0.0,0.0,0.0,0.0,0.0,0.0,0.0,0.0,0.0,0.0,0.0,0.0,15,USB activity detected,1,0.18926105802907128,0,0.03792932947851822,0.697005956229538,0,15,low,USB activity detected,Serina Ariana Butler,Serina.Ariana.Butler@dtaa.com,Technician,1,5 - SalesAndMarketing,3 - FieldService,4 - RegionalFieldService,Blaine Helen Cervantes,2011-05.csv
SAB0781,2010-01-11,0.0,0.0,0.0,0.0,2.0,1.0,1.0,0.0,1.0,3.0,0.0,3.0,1.0,0.0,0.0,0.0,0.0,0.0,0.0,0.0,0.0,0.0,0.0,0.0,0.0,0.0,0.0,0.0,15,USB activity detected,1,0.22764297473751488,0,0.03607755887414092,0.697005956229538,0,15,low,USB activity detected,Serina Ariana Butler,Serina.Ariana.Butler@dtaa.com,Technician,1,5 - SalesAndMarketing,3 - FieldService,4 - RegionalFieldService,Blaine Helen Cervantes,2011-05.csv
SAB0781,2010-01-12,0.0,0.0,0.0,0.0,2.0,1.0,1.0,0.0,1.0,9.0,0.0,9.0,1.0,0.0,0.0,0.0,0.0,0.0,0.0,0.0,0.0,0.0,0.0,0.0,0.0,0.0,0.0,0.0,15,USB activity detected,1,0.20743324651046313,0,0.027965615566380504,0.697005956229538,0,15,low,USB activity detected,Serina Ariana Butler,Serina.Ariana.Butler@dtaa.com,Technician,1,5 - SalesAndMarketing,3 - FieldService,4 - RegionalFieldService,Blaine Helen Cervantes,2011-05.csv
SAB0781,2010-01-13,0.0,0.0,0.0,0.0,2.0,1.0,1.0,0.0,1.0,0.0,0.0,0.0,0.0,0.0,0.0,0.0,0.0,0.0,0.0,0.0,0.0,0.0,0.0,0.0,0.0,0.0,0.0,0.0,15,USB activity detected,1,0.24138913393585137,0,0.034578884745784924,0.697005956229538,0,15,low,USB activity detected,Serina Ariana Butler,Serina.Ariana.Butler@dtaa.com,Technician,1,5 - SalesAndMarketing,3 - FieldService,4 - RegionalFieldService,Blaine Helen Cervantes,2011-05.csv
SAK0375,2010-01-04,4.0,4.0,2.0,4.0,0.0,0.0,0.0,0.0,0.0,0.0,0.0,0.0,0.0,0.0,0.0,0.0,0.0,0.0,11.0,0.0,301912.0,27446.545454545456,6.0,4.0,17.0,4.0,0.0,1.0,35,Logon activity outside working hours; Multiple PCs used for logon,1,0.05984467151383377,0,0.12383330882105342,0.697005956229538,0,35,medium,Logon activity outside working hours; Multiple PCs used for logon,Sonia Anne Kirkland,Sonia.Anne.Kirkland@dtaa.com,ITAdmin,1,1 - Adminstration,6 - Security,3 - ElectronicSecurity,Francis Brian Armstrong,2011-05.csv
SAK0375,2010-01-05,5.0,5.0,2.0,5.0,0.0,0.0,0.0,0.0,0.0,0.0,0.0,0.0,0.0,0.0,0.0,0.0,0.0,0.0,0.0,0.0,0.0,0.0,0.0,0.0,0.0,0.0,0.0,0.0,35,Logon activity outside working hours; Multiple PCs used for logon,1,0.10061771680109433,0,0.21639882866594048,0.697005956229538,0,35,medium,Logon activity outside working hours; Multiple PCs used for logon,Sonia Anne Kirkland,Sonia.Anne.Kirkland@dtaa.com,ITAdmin,1,1 - Adminstration,6 - Security,3 - ElectronicSecurity,Francis Brian Armstrong,2011-05.csv
SAK0375,2010-01-06,5.0,5.0,2.0,5.0,0.0,0.0,0.0,0.0,0.0,0.0,0.0,0.0,0.0,0.0,0.0,0.0,0.0,0.0,0.0,0.0,0.0,0.0,0.0,0.0,0.0,0.0,0.0,0.0,35,Logon activity outside working hours; Multiple PCs used for logon,1,0.10061771680109433,0,0.21639882866594048,0.697005956229538,0,35,medium,Logon activity outside working hours; Multiple PCs used for logon,Sonia Anne Kirkland,Sonia.Anne.Kirkland@dtaa.com,ITAdmin,1,1 - Adminstration,6 - Security,3 - ElectronicSecurity,Francis Brian Armstrong,2011-05.csv
SAK0375,2010-01-07,6.0,6.0,10.0,6.0,0.0,0.0,0.0,0.0,0.0,0.0,0.0,0.0,0.0,0.0,0.0,0.0,0.0,0.0,0.0,0.0,0.0,0.0,0.0,0.0,0.0,0.0,0.0,0.0,35,Logon activity outside working hours; Multiple PCs used for logon,1,0.039531390419569434,0,0.922430664601526,0.697005956229538,1,65,high,Logon activity outside working hours; Multiple PCs used for logon; AI anomaly detected by TensorFlow Autoencoder,Sonia Anne Kirkland,Sonia.Anne.Kirkland@dtaa.com,ITAdmin,1,1 - Adminstration,6 - Security,3 - ElectronicSecurity,Francis Brian Armstrong,2011-05.csv
SBH0537,2010-01-04,2.0,1.0,0.0,1.0,2.0,1.0,1.0,0.0,1.0,7.0,0.0,7.0,1.0,0.0,0.0,0.0,0.0,0.0,13.0,0.0,378429.0,29109.923076923078,13.0,6.0,21.0,10.0,9.0,1.0,15,USB activity detected,1,0.0508096609454165,0,0.10555118641239541,0.697005956229538,0,15,low,USB activity detected,Stephanie Briar Harrington,Stephanie.Briar.Harrington@dtaa.com,Manager,1,2 - ResearchAndEngineering,2 - SoftwareManagement,3 - Software,Todd Vance Spears,2011-05.csv
SBH0537,2010-01-06,2.0,1.0,0.0,1.0,4.0,2.0,2.0,0.0,1.0,2.0,0.0,2.0,1.0,0.0,0.0,0.0,0.0,0.0,0.0,0.0,0.0,0.0,0.0,0.0,0.0,0.0,0.0,0.0,15,USB activity detected,1,0.22837003956626883,0,0.08725923019074219,0.697005956229538,0,15,low,USB activity detected,Stephanie Briar Harrington,Stephanie.Briar.Harrington@dtaa.com,Manager,1,2 - ResearchAndEngineering,2 - SoftwareManagement,3 - Software,Todd Vance Spears,2011-05.csv
SBH0537,2010-01-07,2.0,0.0,0.0,1.0,2.0,1.0,1.0,0.0,1.0,7.0,0.0,7.0,1.0,0.0,0.0,0.0,0.0,0.0,0.0,0.0,0.0,0.0,0.0,0.0,0.0,0.0,0.0,0.0,15,USB activity detected,1,0.20513887695086336,0,0.09679806376268062,0.697005956229538,0,15,low,USB activity detected,Stephanie Briar Harrington,Stephanie.Briar.Harrington@dtaa.com,Manager,1,2 - ResearchAndEngineering,2 - SoftwareManagement,3 - Software,Todd Vance Spears,2011-05.csv
SBH0537,2010-01-11,0.0,0.0,0.0,0.0,2.0,1.0,1.0,0.0,1.0,6.0,0.0,6.0,1.0,0.0,0.0,0.0,0.0,0.0,0.0,0.0,0.0,0.0,0.0,0.0,0.0,0.0,0.0,0.0,15,USB activity detected,1,0.2188288303391091,0,0.0274749014302764,0.697005956229538,0,15,low,USB activity detected,Stephanie Briar Harrington,Stephanie.Briar.Harrington@dtaa.com,Manager,1,2 - ResearchAndEngineering,2 - SoftwareManagement,3 - Software,Todd Vance Spears,2011-05.csv
SBH0537,2010-01-12,0.0,0.0,0.0,0.0,2.0,1.0,1.0,0.0,1.0,5.0,0.0,5.0,1.0,0.0,0.0,0.0,0.0,0.0,0.0,0.0,0.0,0.0,0.0,0.0,0.0,0.0,0.0,0.0,15,USB activity detected,1,0.2213894973586028,0,0.02906544660483747,0.697005956229538,0,15,low,USB activity detected,Stephanie Briar Harrington,Stephanie.Briar.Harrington@dtaa.com,Manager,1,2 - ResearchAndEngineering,2 - SoftwareManagement,3 - Software,Todd Vance Spears,2011-05.csv
SBN0866,2010-01-04,1.0,1.0,0.0,1.0,4.0,2.0,2.0,0.0,1.0,25.0,0.0,25.0,1.0,4.0,0.0,4.0,4.0,1.0,15.0,0.0,504681.0,33645.4,14.0,7.0,23.0,6.0,0.0,1.0,45,USB activity detected; High file copy activity,-1,-0.02874259421026748,1,0.7409466341777524,0.697005956229538,1,100,critical,USB activity detected; High file copy activity; AI anomaly detected by Isolation Forest; AI anomaly detected by TensorFlow Autoencoder,Salvador Byron Norton,Salvador.Byron.Norton@dtaa.com,Salesman,1,5 - SalesAndMarketing,2 - Sales,5 - RegionalSales,Hashim Damon Dudley,2011-05.csv
SBN0866,2010-01-08,0.0,0.0,0.0,0.0,2.0,1.0,1.0,0.0,1.0,24.0,0.0,24.0,1.0,0.0,0.0,0.0,0.0,0.0,0.0,0.0,0.0,0.0,0.0,0.0,0.0,0.0,0.0,0.0,45,USB activity detected; High file copy activity,1,0.13263548139720371,0,0.05158182751011515,0.697005956229538,0,45,medium,USB activity detected; High file copy activity,Salvador Byron Norton,Salvador.Byron.Norton@dtaa.com,Salesman,1,5 - SalesAndMarketing,2 - Sales,5 - RegionalSales,Hashim Damon Dudley,2011-05.csv
SBN0866,2010-01-11,0.0,0.0,0.0,0.0,4.0,2.0,2.0,0.0,1.0,27.0,0.0,27.0,1.0,0.0,0.0,0.0,0.0,0.0,0.0,0.0,0.0,0.0,0.0,0.0,0.0,0.0,0.0,0.0,45,USB activity detected; High file copy activity,1,0.11573366608737867,0,0.05909599313091834,0.697005956229538,0,45,medium,USB activity detected; High file copy activity,Salvador Byron Norton,Salvador.Byron.Norton@dtaa.com,Salesman,1,5 - SalesAndMarketing,2 - Sales,5 - RegionalSales,Hashim Damon Dudley,2011-05.csv
SBN0866,2010-01-13,0.0,0.0,0.0,0.0,1.0,1.0,0.0,0.0,1.0,0.0,0.0,0.0,0.0,0.0,0.0,0.0,0.0,0.0,0.0,0.0,0.0,0.0,0.0,0.0,0.0,0.0,0.0,0.0,15,USB activity detected,1,0.23463246819413702,0,0.045396169464101646,0.697005956229538,0,15,low,USB activity detected,Salvador Byron Norton,Salvador.Byron.Norton@dtaa.com,Salesman,1,5 - SalesAndMarketing,2 - Sales,5 - RegionalSales,Hashim Damon Dudley,2011-05.csv
SBN0971,2010-01-04,1.0,1.0,0.0,1.0,2.0,1.0,1.0,0.0,1.0,5.0,0.0,5.0,1.0,2.0,0.0,2.0,2.0,1.0,1.0,0.0,37814.0,37814.0,0.0,0.0,1.0,0.0,0.0,1.0,15,USB activity detected,1,0.13100295443801313,0,0.4192580864803216,0.697005956229538,0,15,low,USB activity detected,Selma Barbara Nicholson,Selma.Barbara.Nicholson@dtaa.com,ProductionLineWorker,1,3 - Manufacturing,3 - Assembly,6 - AssemblyDept,Sandra Beverly Diaz,2011-05.csv
SBN0971,2010-01-10,0.0,0.0,0.0,0.0,2.0,1.0,1.0,0.0,1.0,8.0,0.0,8.0,1.0,0.0,0.0,0.0,0.0,0.0,0.0,0.0,0.0,0.0,0.0,0.0,0.0,0.0,0.0,0.0,15,USB activity detected,1,0.21152895624851709,0,0.02736644932722874,0.697005956229538,0,15,low,USB activity detected,Selma Barbara Nicholson,Selma.Barbara.Nicholson@dtaa.com,ProductionLineWorker,1,3 - Manufacturing,3 - Assembly,6 - AssemblyDept,Sandra Beverly Diaz,2011-05.csv
SBN0971,2010-01-13,0.0,0.0,0.0,0.0,4.0,2.0,2.0,0.0,1.0,0.0,0.0,0.0,0.0,0.0,0.0,0.0,0.0,0.0,0.0,0.0,0.0,0.0,0.0,0.0,0.0,0.0,0.0,0.0,15,USB activity detected,1,0.24050968498880276,0,0.029387747032837967,0.697005956229538,0,15,low,USB activity detected,Selma Barbara Nicholson,Selma.Barbara.Nicholson@dtaa.com,ProductionLineWorker,1,3 - Manufacturing,3 - Assembly,6 - AssemblyDept,Sandra Beverly Diaz,2011-05.csv
SCP0130,2010-01-04,1.0,1.0,0.0,1.0,2.0,1.0,1.0,0.0,1.0,13.0,0.0,13.0,1.0,0.0,0.0,0.0,0.0,0.0,3.0,0.0,90233.0,30077.666666666668,2.0,1.0,7.0,3.0,1.0,1.0,15,USB activity detected,1,0.11395357583997989,0,0.13505755983070802,0.697005956229538,0,15,low,USB activity detected,Shannon Chantale Price,Shannon.Chantale.Price@dtaa.com,AssemblySupervisor,1,3 - Manufacturing,3 - Assembly,1 - AssemblyDept,Delilah Iliana Wilkinson,2011-05.csv
SCP0130,2010-01-05,1.0,1.0,0.0,1.0,4.0,2.0,2.0,0.0,1.0,2.0,0.0,2.0,1.0,0.0,0.0,0.0,0.0,0.0,0.0,0.0,0.0,0.0,0.0,0.0,0.0,0.0,0.0,0.0,15,USB activity detected,1,0.2339467796911417,0,0.06003208253189664,0.697005956229538,0,15,low,USB activity detected,Shannon Chantale Price,Shannon.Chantale.Price@dtaa.com,AssemblySupervisor,1,3 - Manufacturing,3 - Assembly,1 - AssemblyDept,Delilah Iliana Wilkinson,2011-05.csv
SCP0130,2010-01-06,2.0,2.0,0.0,2.0,6.0,3.0,3.0,0.0,1.0,4.0,0.0,4.0,1.0,0.0,0.0,0.0,0.0,0.0,0.0,0.0,0.0,0.0,0.0,0.0,0.0,0.0,0.0,0.0,15,USB activity detected,1,0.19121855568878876,0,0.1389811655284368,0.697005956229538,0,15,low,USB activity detected,Shannon Chantale Price,Shannon.Chantale.Price@dtaa.com,AssemblySupervisor,1,3 - Manufacturing,3 - Assembly,1 - AssemblyDept,Delilah Iliana Wilkinson,2011-05.csv
SCP0130,2010-01-07,1.0,0.0,0.0,1.0,6.0,3.0,3.0,0.0,1.0,0.0,0.0,0.0,0.0,0.0,0.0,0.0,0.0,0.0,0.0,0.0,0.0,0.0,0.0,0.0,0.0,0.0,0.0,0.0,15,USB activity detected,1,0.22043681966399065,0,0.058776124608001856,0.697005956229538,0,15,low,USB activity detected,Shannon Chantale Price,Shannon.Chantale.Price@dtaa.com,AssemblySupervisor,1,3 - Manufacturing,3 - Assembly,1 - AssemblyDept,Delilah Iliana Wilkinson,2011-05.csv
SCP0130,2010-01-08,0.0,0.0,0.0,0.0,6.0,3.0,3.0,0.0,1.0,0.0,0.0,0.0,0.0,0.0,0.0,0.0,0.0,0.0,0.0,0.0,0.0,0.0,0.0,0.0,0.0,0.0,0.0,0.0,15,USB activity detected,1,0.21255883227265943,0,0.027228099363080988,0.697005956229538,0,15,low,USB activity detected,Shannon Chantale Price,Shannon.Chantale.Price@dtaa.com,AssemblySupervisor,1,3 - Manufacturing,3 - Assembly,1 - AssemblyDept,Delilah Iliana Wilkinson,2011-05.csv
SCP0130,2010-01-11,0.0,0.0,0.0,0.0,2.0,1.0,1.0,0.0,1.0,0.0,0.0,0.0,0.0,0.0,0.0,0.0,0.0,0.0,0.0,0.0,0.0,0.0,0.0,0.0,0.0,0.0,0.0,0.0,15,USB activity detected,1,0.24138913393585137,0,0.034578884745784924,0.697005956229538,0,15,low,USB activity detected,Shannon Chantale Price,Shannon.Chantale.Price@dtaa.com,AssemblySupervisor,1,3 - Manufacturing,3 - Assembly,1 - AssemblyDept,Delilah Iliana Wilkinson,2011-05.csv
SCP0130,2010-01-12,0.0,0.0,0.0,0.0,4.0,2.0,2.0,0.0,1.0,4.0,0.0,4.0,1.0,0.0,0.0,0.0,0.0,0.0,0.0,0.0,0.0,0.0,0.0,0.0,0.0,0.0,0.0,0.0,15,USB activity detected,1,0.22838849427851565,0,0.03044635091598822,0.697005956229538,0,15,low,USB activity detected,Shannon Chantale Price,Shannon.Chantale.Price@dtaa.com,AssemblySupervisor,1,3 - Manufacturing,3 - Assembly,1 - AssemblyDept,Delilah Iliana Wilkinson,2011-05.csv
SCP0130,2010-01-13,0.0,0.0,0.0,0.0,4.0,2.0,2.0,0.0,1.0,0.0,0.0,0.0,0.0,0.0,0.0,0.0,0.0,0.0,0.0,0.0,0.0,0.0,0.0,0.0,0.0,0.0,0.0,0.0,15,USB activity detected,1,0.24050968498880276,0,0.029387747032837967,0.697005956229538,0,15,low,USB activity detected,Shannon Chantale Price,Shannon.Chantale.Price@dtaa.com,AssemblySupervisor,1,3 - Manufacturing,3 - Assembly,1 - AssemblyDept,Delilah Iliana Wilkinson,2011-05.csv
SGM0021,2010-01-04,2.0,1.0,0.0,1.0,4.0,2.0,2.0,0.0,1.0,5.0,0.0,5.0,1.0,14.0,0.0,11.0,11.0,1.0,11.0,0.0,320477.0,29134.272727272728,5.0,3.0,18.0,6.0,0.0,1.0,15,USB activity detected,1,0.05209592524603035,0,0.17894872771826253,0.697005956229538,0,15,low,USB activity detected,Sybill Grace Mckay,Sybill.Grace.Mckay@dtaa.com,AdministrativeAssistant,1,1 - Adminstration,2 - EmployeeRelations,,Blaze Trevor Stone,2011-05.csv
SGM0021,2010-01-05,2.0,1.0,0.0,1.0,8.0,4.0,4.0,0.0,1.0,12.0,0.0,12.0,1.0,0.0,0.0,0.0,0.0,0.0,0.0,0.0,0.0,0.0,0.0,0.0,0.0,0.0,0.0,0.0,15,USB activity detected,1,0.16687493645488877,0,0.08051313555869999,0.697005956229538,0,15,low,USB activity detected,Sybill Grace Mckay,Sybill.Grace.Mckay@dtaa.com,AdministrativeAssistant,1,1 - Adminstration,2 - EmployeeRelations,,Blaze Trevor Stone,2011-05.csv
SGM0021,2010-01-06,1.0,1.0,0.0,1.0,4.0,2.0,2.0,0.0,1.0,9.0,0.0,9.0,1.0,0.0,0.0,0.0,0.0,0.0,0.0,0.0,0.0,0.0,0.0,0.0,0.0,0.0,0.0,0.0,15,USB activity detected,1,0.2090583017855968,0,0.04257389544899033,0.697005956229538,0,15,low,USB activity detected,Sybill Grace Mckay,Sybill.Grace.Mckay@dtaa.com,AdministrativeAssistant,1,1 - Adminstration,2 - EmployeeRelations,,Blaze Trevor Stone,2011-05.csv
SGM0021,2010-01-07,2.0,1.0,0.0,1.0,6.0,3.0,3.0,0.0,1.0,10.0,0.0,10.0,1.0,0.0,0.0,0.0,0.0,0.0,0.0,0.0,0.0,0.0,0.0,0.0,0.0,0.0,0.0,0.0,15,USB activity detected,1,0.19351071324839608,0,0.0748908533280509,0.697005956229538,0,15,low,USB activity detected,Sybill Grace Mckay,Sybill.Grace.Mckay@dtaa.com,AdministrativeAssistant,1,1 - Adminstration,2 - EmployeeRelations,,Blaze Trevor Stone,2011-05.csv
SGM0021,2010-01-08,0.0,0.0,0.0,0.0,10.0,5.0,5.0,0.0,1.0,8.0,0.0,8.0,1.0,0.0,0.0,0.0,0.0,0.0,0.0,0.0,0.0,0.0,0.0,0.0,0.0,0.0,0.0,0.0,15,USB activity detected,1,0.17616756949141532,0,0.024701904604821898,0.697005956229538,0,15,low,USB activity detected,Sybill Grace Mckay,Sybill.Grace.Mckay@dtaa.com,AdministrativeAssistant,1,1 - Adminstration,2 - EmployeeRelations,,Blaze Trevor Stone,2011-05.csv
SGM0021,2010-01-11,0.0,0.0,0.0,0.0,6.0,3.0,3.0,0.0,1.0,10.0,0.0,10.0,1.0,0.0,0.0,0.0,0.0,0.0,0.0,0.0,0.0,0.0,0.0,0.0,0.0,0.0,0.0,0.0,15,USB activity detected,1,0.18782208135431022,0,0.02431444640783757,0.697005956229538,0,15,low,USB activity detected,Sybill Grace Mckay,Sybill.Grace.Mckay@dtaa.com,AdministrativeAssistant,1,1 - Adminstration,2 - EmployeeRelations,,Blaze Trevor Stone,2011-05.csv
SGM0021,2010-01-12,0.0,0.0,0.0,0.0,6.0,3.0,3.0,0.0,1.0,8.0,0.0,8.0,1.0,0.0,0.0,0.0,0.0,0.0,0.0,0.0,0.0,0.0,0.0,0.0,0.0,0.0,0.0,0.0,15,USB activity detected,1,0.2009822118465318,0,0.023256925917672575,0.697005956229538,0,15,low,USB activity detected,Sybill Grace Mckay,Sybill.Grace.Mckay@dtaa.com,AdministrativeAssistant,1,1 - Adminstration,2 - EmployeeRelations,,Blaze Trevor Stone,2011-05.csv
SGM0021,2010-01-13,0.0,0.0,0.0,0.0,6.0,3.0,3.0,0.0,1.0,0.0,0.0,0.0,0.0,0.0,0.0,0.0,0.0,0.0,0.0,0.0,0.0,0.0,0.0,0.0,0.0,0.0,0.0,0.0,15,USB activity detected,1,0.21255883227265943,0,0.027228099363080988,0.697005956229538,0,15,low,USB activity detected,Sybill Grace Mckay,Sybill.Grace.Mckay@dtaa.com,AdministrativeAssistant,1,1 - Adminstration,2 - EmployeeRelations,,Blaze Trevor Stone,2011-05.csv
SJO0209,2010-01-07,2.0,1.0,0.0,1.0,2.0,1.0,1.0,0.0,1.0,5.0,0.0,5.0,1.0,0.0,0.0,0.0,0.0,0.0,0.0,0.0,0.0,0.0,0.0,0.0,0.0,0.0,0.0,0.0,15,USB activity detected,1,0.2301695216135437,0,0.07495448797236773,0.697005956229538,0,15,low,USB activity detected,Samson Jeremy Ortega,Samson.Jeremy.Ortega@dtaa.com,SecurityGuard,1,1 - Adminstration,6 - Security,1 - BuildingSecurity,Clinton Coby Wolfe,2011-05.csv
SJO0209,2010-01-11,0.0,0.0,0.0,0.0,2.0,1.0,1.0,0.0,1.0,4.0,0.0,4.0,1.0,0.0,0.0,0.0,0.0,0.0,0.0,0.0,0.0,0.0,0.0,0.0,0.0,0.0,0.0,0.0,15,USB activity detected,1,0.2255480598108977,0,0.03194264222559186,0.697005956229538,0,15,low,USB activity detected,Samson Jeremy Ortega,Samson.Jeremy.Ortega@dtaa.com,SecurityGuard,1,1 - Adminstration,6 - Security,1 - BuildingSecurity,Clinton Coby Wolfe,2011-05.csv
SMY0792,2010-01-04,1.0,1.0,0.0,1.0,6.0,3.0,3.0,0.0,1.0,5.0,0.0,5.0,1.0,0.0,0.0,0.0,0.0,0.0,9.0,0.0,223088.0,24787.555555555555,3.0,2.0,10.0,5.0,6.0,1.0,15,USB activity detected,1,0.0951184065846733,0,0.15096700424688753,0.697005956229538,0,15,low,USB activity detected,Savannah Marcia Yang,Savannah.Marcia.Yang@dtaa.com,Mathematician,1,2 - ResearchAndEngineering,1 - Research,5 - Lab,Sasha Britanney Quinn,2011-05.csv
SMY0792,2010-01-06,3.0,3.0,0.0,3.0,4.0,2.0,2.0,0.0,1.0,2.0,0.0,2.0,1.0,0.0,0.0,0.0,0.0,0.0,0.0,0.0,0.0,0.0,0.0,0.0,0.0,0.0,0.0,0.0,30,USB activity detected; Multiple PCs used for logon,1,0.15572924104273894,0,0.28462666164594913,0.697005956229538,0,30,low,USB activity detected; Multiple PCs used for logon,Savannah Marcia Yang,Savannah.Marcia.Yang@dtaa.com,Mathematician,1,2 - ResearchAndEngineering,1 - Research,5 - Lab,Sasha Britanney Quinn,2011-05.csv
SMY0792,2010-01-07,2.0,0.0,0.0,1.0,4.0,2.0,2.0,0.0,1.0,5.0,0.0,5.0,1.0,0.0,0.0,0.0,0.0,0.0,0.0,0.0,0.0,0.0,0.0,0.0,0.0,0.0,0.0,0.0,15,USB activity detected,1,0.2156681294907566,0,0.10351644880688704,0.697005956229538,0,15,low,USB activity detected,Savannah Marcia Yang,Savannah.Marcia.Yang@dtaa.com,Mathematician,1,2 - ResearchAndEngineering,1 - Research,5 - Lab,Sasha Britanney Quinn,2011-05.csv
SMY0792,2010-01-11,0.0,0.0,0.0,0.0,2.0,1.0,1.0,0.0,1.0,7.0,0.0,7.0,1.0,0.0,0.0,0.0,0.0,0.0,0.0,0.0,0.0,0.0,0.0,0.0,0.0,0.0,0.0,0.0,15,USB activity detected,1,0.21587164789847074,0,0.02690292616353593,0.697005956229538,0,15,low,USB activity detected,Savannah Marcia Yang,Savannah.Marcia.Yang@dtaa.com,Mathematician,1,2 - ResearchAndEngineering,1 - Research,5 - Lab,Sasha Britanney Quinn,2011-05.csv
SMY0792,2010-01-12,0.0,0.0,0.0,0.0,4.0,2.0,2.0,0.0,1.0,4.0,0.0,4.0,1.0,0.0,0.0,0.0,0.0,0.0,0.0,0.0,0.0,0.0,0.0,0.0,0.0,0.0,0.0,0.0,15,USB activity detected,1,0.22838849427851565,0,0.03044635091598822,0.697005956229538,0,15,low,USB activity detected,Savannah Marcia Yang,Savannah.Marcia.Yang@dtaa.com,Mathematician,1,2 - ResearchAndEngineering,1 - Research,5 - Lab,Sasha Britanney Quinn,2011-05.csv
SNC0187,2010-01-08,0.0,0.0,0.0,0.0,2.0,1.0,1.0,0.0,1.0,20.0,0.0,20.0,1.0,0.0,0.0,0.0,0.0,0.0,0.0,0.0,0.0,0.0,0.0,0.0,0.0,0.0,0.0,0.0,15,USB activity detected,1,0.16674886264858058,0,0.08607691104149465,0.697005956229538,0,15,low,USB activity detected,Stuart Nicolas Cervantes,Stuart.Nicolas.Cervantes@dtaa.com,Technician,1,5 - SalesAndMarketing,3 - FieldService,1 - RegionalFieldService,Garrett Nicholas Solomon,2011-02.csv
SNC0187,2010-01-11,0.0,0.0,0.0,0.0,2.0,1.0,1.0,0.0,1.0,23.0,0.0,23.0,1.0,0.0,0.0,0.0,0.0,0.0,0.0,0.0,0.0,0.0,0.0,0.0,0.0,0.0,0.0,0.0,45,USB activity detected; High file copy activity,1,0.14145529135065,0,0.04657276026155703,0.697005956229538,0,45,medium,USB activity detected; High file copy activity,Stuart Nicolas Cervantes,Stuart.Nicolas.Cervantes@dtaa.com,Technician,1,5 - SalesAndMarketing,3 - FieldService,1 - RegionalFieldService,Garrett Nicholas Solomon,2011-02.csv
SOB0360,2010-01-04,4.0,4.0,6.0,4.0,0.0,0.0,0.0,0.0,0.0,0.0,0.0,0.0,0.0,0.0,0.0,0.0,0.0,0.0,11.0,0.0,323794.0,29435.81818181818,0.0,0.0,19.0,7.0,0.0,1.0,35,Logon activity outside working hours; Multiple PCs used for logon,1,0.023994400405847105,0,0.5050485302704895,0.697005956229538,0,35,medium,Logon activity outside working hours; Multiple PCs used for logon,Sean Omar Burgess,Sean.Omar.Burgess@dtaa.com,ITAdmin,1,1 - Adminstration,6 - Security,3 - ElectronicSecurity,Francis Brian Armstrong,2010-10.csv
SOB0360,2010-01-05,4.0,4.0,4.0,4.0,0.0,0.0,0.0,0.0,0.0,0.0,0.0,0.0,0.0,0.0,0.0,0.0,0.0,0.0,0.0,0.0,0.0,0.0,0.0,0.0,0.0,0.0,0.0,0.0,35,Logon activity outside working hours; Multiple PCs used for logon,1,0.09526591477003044,0,0.04874818224562555,0.697005956229538,0,35,medium,Logon activity outside working hours; Multiple PCs used for logon,Sean Omar Burgess,Sean.Omar.Burgess@dtaa.com,ITAdmin,1,1 - Adminstration,6 - Security,3 - ElectronicSecurity,Francis Brian Armstrong,2010-10.csv
SOB0360,2010-01-06,2.0,2.0,2.0,2.0,0.0,0.0,0.0,0.0,0.0,0.0,0.0,0.0,0.0,0.0,0.0,0.0,0.0,0.0,0.0,0.0,0.0,0.0,0.0,0.0,0.0,0.0,0.0,0.0,20,Logon activity outside working hours,1,0.20806636614290203,0,0.03031814517863815,0.697005956229538,0,20,low,Logon activity outside working hours,Sean Omar Burgess,Sean.Omar.Burgess@dtaa.com,ITAdmin,1,1 - Adminstration,6 - Security,3 - ElectronicSecurity,Francis Brian Armstrong,2010-10.csv
SOB0360,2010-01-07,4.0,4.0,3.0,4.0,0.0,0.0,0.0,0.0,0.0,0.0,0.0,0.0,0.0,0.0,0.0,0.0,0.0,0.0,0.0,0.0,0.0,0.0,0.0,0.0,0.0,0.0,0.0,0.0,35,Logon activity outside working hours; Multiple PCs used for logon,1,0.11800298222901318,0,0.036504922911960745,0.697005956229538,0,35,medium,Logon activity outside working hours; Multiple PCs used for logon,Sean Omar Burgess,Sean.Omar.Burgess@dtaa.com,ITAdmin,1,1 - Adminstration,6 - Security,3 - ElectronicSecurity,Francis Brian Armstrong,2010-10.csv
SRH0155,2010-01-04,2.0,2.0,1.0,2.0,0.0,0.0,0.0,0.0,0.0,0.0,0.0,0.0,0.0,12.0,2.0,8.0,8.0,1.0,11.0,3.0,280745.0,25522.272727272728,8.0,5.0,14.0,6.0,5.0,1.0,20,Logon activity outside working hours,1,0.04444152783240185,0,2.2915020671918986,0.697005956229538,1,50,medium,Logon activity outside working hours; AI anomaly detected by TensorFlow Autoencoder,Sasha Rina Huffman,Sasha.Rina.Huffman@dtaa.com,AdministrativeAssistant,1,4 - Finance,3 - FinancialPlanning,,Libby Rosalyn Richard,2011-05.csv
SRH0155,2010-01-06,2.0,2.0,1.0,2.0,0.0,0.0,0.0,0.0,0.0,0.0,0.0,0.0,0.0,0.0,0.0,0.0,0.0,0.0,0.0,0.0,0.0,0.0,0.0,0.0,0.0,0.0,0.0,0.0,20,Logon activity outside working hours,1,0.21662464548829008,0,0.02606657675249218,0.697005956229538,0,20,low,Logon activity outside working hours,Sasha Rina Huffman,Sasha.Rina.Huffman@dtaa.com,AdministrativeAssistant,1,4 - Finance,3 - FinancialPlanning,,Libby Rosalyn Richard,2011-05.csv
TDS0984,2010-01-03,2.0,1.0,0.0,1.0,2.0,1.0,1.0,0.0,1.0,22.0,0.0,22.0,1.0,95.0,0.0,21.0,20.0,1.0,9.0,0.0,307393.0,34154.77777777778,3.0,2.0,14.0,5.0,0.0,1.0,45,USB activity detected; High file copy activity,1,0.004972097156935029,0,0.9066556065685197,0.697005956229538,1,75,high,USB activity detected; High file copy activity; AI anomaly detected by TensorFlow Autoencoder,Tara Dai Stevenson,Tara.Dai.Stevenson@dtaa.com,ComputerTrainer,1,1 - Adminstration,3 - Training,,Walter Kaseem Foley,2011-05.csv
TDS0984,2010-01-08,0.0,0.0,0.0,0.0,4.0,2.0,2.0,0.0,1.0,21.0,0.0,21.0,1.0,0.0,0.0,0.0,0.0,0.0,0.0,0.0,0.0,0.0,0.0,0.0,0.0,0.0,0.0,0.0,45,USB activity detected; High file copy activity,1,0.1450309392807198,0,0.040277453609717885,0.697005956229538,0,45,medium,USB activity detected; High file copy activity,Tara Dai Stevenson,Tara.Dai.Stevenson@dtaa.com,ComputerTrainer,1,1 - Adminstration,3 - Training,,Walter Kaseem Foley,2011-05.csv
TDS0984,2010-01-11,0.0,0.0,0.0,0.0,2.0,1.0,1.0,0.0,1.0,23.0,0.0,23.0,1.0,0.0,0.0,0.0,0.0,0.0,0.0,0.0,0.0,0.0,0.0,0.0,0.0,0.0,0.0,0.0,45,USB activity detected; High file copy activity,1,0.14145529135065,0,0.04657276026155703,0.697005956229538,0,45,medium,USB activity detected; High file copy activity,Tara Dai Stevenson,Tara.Dai.Stevenson@dtaa.com,ComputerTrainer,1,1 - Adminstration,3 - Training,,Walter Kaseem Foley,2011-05.csv
TDS0984,2010-01-12,0.0,0.0,0.0,0.0,2.0,1.0,1.0,0.0,1.0,21.0,0.0,21.0,1.0,0.0,0.0,0.0,0.0,0.0,0.0,0.0,0.0,0.0,0.0,0.0,0.0,0.0,0.0,0.0,45,USB activity detected; High file copy activity,1,0.1463281417483504,0,0.043386433493408094,0.697005956229538,0,45,medium,USB activity detected; High file copy activity,Tara Dai Stevenson,Tara.Dai.Stevenson@dtaa.com,ComputerTrainer,1,1 - Adminstration,3 - Training,,Walter Kaseem Foley,2011-05.csv
THR0873,2010-01-04,1.0,1.0,0.0,1.0,16.0,8.0,8.0,0.0,1.0,24.0,0.0,24.0,1.0,1.0,0.0,1.0,1.0,1.0,15.0,0.0,478156.0,31877.066666666666,20.0,8.0,26.0,7.0,0.0,1.0,45,USB activity detected; High file copy activity,-1,-0.06037987066863759,1,1.206903017309776,0.697005956229538,1,100,critical,USB activity detected; High file copy activity; AI anomaly detected by Isolation Forest; AI anomaly detected by TensorFlow Autoencoder,Teagan Hedy Romero,Teagan.Hedy.Romero@dtaa.com,Salesman,1,5 - SalesAndMarketing,2 - Sales,5 - RegionalSales,Hashim Damon Dudley,2011-05.csv
THR0873,2010-01-05,1.0,1.0,0.0,1.0,18.0,9.0,9.0,0.0,1.0,27.0,0.0,27.0,1.0,0.0,0.0,0.0,0.0,0.0,4.0,0.0,104108.0,26027.0,0.0,0.0,4.0,0.0,0.0,1.0,45,USB activity detected; High file copy activity,1,0.020601335009065247,0,0.08354271160539802,0.697005956229538,0,45,medium,USB activity detected; High file copy activity,Teagan Hedy Romero,Teagan.Hedy.Romero@dtaa.com,Salesman,1,5 - SalesAndMarketing,2 - Sales,5 - RegionalSales,Hashim Damon Dudley,2011-05.csv
THR0873,2010-01-06,1.0,1.0,0.0,1.0,12.0,6.0,6.0,0.0,1.0,23.0,0.0,23.0,1.0,0.0,0.0,0.0,0.0,0.0,0.0,0.0,0.0,0.0,0.0,0.0,0.0,0.0,0.0,0.0,45,USB activity detected; High file copy activity,1,0.1264410099590646,0,0.04995574790442657,0.697005956229538,0,45,medium,USB activity detected; High file copy activity,Teagan Hedy Romero,Teagan.Hedy.Romero@dtaa.com,Salesman,1,5 - SalesAndMarketing,2 - Sales,5 - RegionalSales,Hashim Damon Dudley,2011-05.csv
THR0873,2010-01-07,1.0,0.0,0.0,1.0,16.0,8.0,8.0,0.0,1.0,25.0,0.0,25.0,1.0,0.0,0.0,0.0,0.0,0.0,0.0,0.0,0.0,0.0,0.0,0.0,0.0,0.0,0.0,0.0,45,USB activity detected; High file copy activity,1,0.09205323143963395,0,0.07505981278341442,0.697005956229538,0,45,medium,USB activity detected; High file copy activity,Teagan Hedy Romero,Teagan.Hedy.Romero@dtaa.com,Salesman,1,5 - SalesAndMarketing,2 - Sales,5 - RegionalSales,Hashim Damon Dudley,2011-05.csv
THR0873,2010-01-08,0.0,0.0,0.0,0.0,16.0,8.0,8.0,0.0,1.0,27.0,0.0,27.0,1.0,0.0,0.0,0.0,0.0,0.0,0.0,0.0,0.0,0.0,0.0,0.0,0.0,0.0,0.0,0.0,45,USB activity detected; High file copy activity,1,0.0849111688235471,0,0.06968563904768824,0.697005956229538,0,45,medium,USB activity detected; High file copy activity,Teagan Hedy Romero,Teagan.Hedy.Romero@dtaa.com,Salesman,1,5 - SalesAndMarketing,2 - Sales,5 - RegionalSales,Hashim Damon Dudley,2011-05.csv
THR0873,2010-01-11,0.0,0.0,0.0,0.0,16.0,8.0,8.0,0.0,1.0,27.0,0.0,27.0,1.0,0.0,0.0,0.0,0.0,0.0,0.0,0.0,0.0,0.0,0.0,0.0,0.0,0.0,0.0,0.0,45,USB activity detected; High file copy activity,1,0.0849111688235471,0,0.06968563904768824,0.697005956229538,0,45,medium,USB activity detected; High file copy activity,Teagan Hedy Romero,Teagan.Hedy.Romero@dtaa.com,Salesman,1,5 - SalesAndMarketing,2 - Sales,5 - RegionalSales,Hashim Damon Dudley,2011-05.csv
THR0873,2010-01-12,0.0,0.0,0.0,0.0,18.0,9.0,9.0,0.0,1.0,16.0,0.0,16.0,1.0,0.0,0.0,0.0,0.0,0.0,0.0,0.0,0.0,0.0,0.0,0.0,0.0,0.0,0.0,0.0,15,USB activity detected,1,0.1135627374482574,0,0.06181288505922917,0.697005956229538,0,15,low,USB activity detected,Teagan Hedy Romero,Teagan.Hedy.Romero@dtaa.com,Salesman,1,5 - SalesAndMarketing,2 - Sales,5 - RegionalSales,Hashim Damon Dudley,2011-05.csv
THR0873,2010-01-13,0.0,0.0,0.0,0.0,12.0,6.0,6.0,0.0,1.0,0.0,0.0,0.0,0.0,0.0,0.0,0.0,0.0,0.0,0.0,0.0,0.0,0.0,0.0,0.0,0.0,0.0,0.0,0.0,15,USB activity detected,1,0.17167815582073637,0,0.026522234043302464,0.697005956229538,0,15,low,USB activity detected,Teagan Hedy Romero,Teagan.Hedy.Romero@dtaa.com,Salesman,1,5 - SalesAndMarketing,2 - Sales,5 - RegionalSales,Hashim Damon Dudley,2011-05.csv
TLH0648,2010-01-04,1.0,1.0,1.0,1.0,0.0,0.0,0.0,0.0,0.0,0.0,0.0,0.0,0.0,0.0,0.0,0.0,0.0,0.0,2.0,0.0,30809.0,15404.5,0.0,0.0,4.0,2.0,0.0,1.0,20,Logon activity outside working hours,1,0.19552875554660643,0,0.08896361954215667,0.697005956229538,0,20,low,Logon activity outside working hours,Tarik Linus Hubbard,Tarik.Linus.Hubbard@dtaa.com,Technician,1,5 - SalesAndMarketing,3 - FieldService,3 - RegionalFieldService,Hedwig Regina Livingston,2011-05.csv
TLH0648,2010-01-05,1.0,1.0,1.0,1.0,0.0,0.0,0.0,0.0,0.0,0.0,0.0,0.0,0.0,0.0,0.0,0.0,0.0,0.0,0.0,0.0,0.0,0.0,0.0,0.0,0.0,0.0,0.0,0.0,20,Logon activity outside working hours,1,0.2543368308857394,0,0.04029176788212439,0.697005956229538,0,20,low,Logon activity outside working hours,Tarik Linus Hubbard,Tarik.Linus.Hubbard@dtaa.com,Technician,1,5 - SalesAndMarketing,3 - FieldService,3 - RegionalFieldService,Hedwig Regina Livingston,2011-05.csv
TLH0648,2010-01-06,1.0,1.0,1.0,1.0,0.0,0.0,0.0,0.0,0.0,0.0,0.0,0.0,0.0,0.0,0.0,0.0,0.0,0.0,0.0,0.0,0.0,0.0,0.0,0.0,0.0,0.0,0.0,0.0,20,Logon activity outside working hours,1,0.2543368308857394,0,0.04029176788212439,0.697005956229538,0,20,low,Logon activity outside working hours,Tarik Linus Hubbard,Tarik.Linus.Hubbard@dtaa.com,Technician,1,5 - SalesAndMarketing,3 - FieldService,3 - RegionalFieldService,Hedwig Regina Livingston,2011-05.csv
TLK0993,2010-01-04,1.0,1.0,1.0,1.0,0.0,0.0,0.0,0.0,0.0,0.0,0.0,0.0,0.0,0.0,0.0,0.0,0.0,0.0,8.0,0.0,214868.0,26858.5,0.0,0.0,11.0,2.0,0.0,1.0,20,Logon activity outside working hours,1,0.20096293479353733,0,0.06389539495098143,0.697005956229538,0,20,low,Logon activity outside working hours,Tallulah Liberty Kirby,Tallulah.Liberty.Kirby@dtaa.com,IndustrialEngineer,1,3 - Manufacturing,1 - IndustrialEngineering,,Grant Tyrone Doyle,2011-05.csv
TLK0993,2010-01-05,1.0,1.0,1.0,1.0,0.0,0.0,0.0,0.0,0.0,0.0,0.0,0.0,0.0,0.0,0.0,0.0,0.0,0.0,0.0,0.0,0.0,0.0,0.0,0.0,0.0,0.0,0.0,0.0,20,Logon activity outside working hours,1,0.2543368308857394,0,0.04029176788212439,0.697005956229538,0,20,low,Logon activity outside working hours,Tallulah Liberty Kirby,Tallulah.Liberty.Kirby@dtaa.com,IndustrialEngineer,1,3 - Manufacturing,1 - IndustrialEngineering,,Grant Tyrone Doyle,2011-05.csv
TLK0993,2010-01-06,1.0,1.0,1.0,1.0,0.0,0.0,0.0,0.0,0.0,0.0,0.0,0.0,0.0,0.0,0.0,0.0,0.0,0.0,0.0,0.0,0.0,0.0,0.0,0.0,0.0,0.0,0.0,0.0,20,Logon activity outside working hours,1,0.2543368308857394,0,0.04029176788212439,0.697005956229538,0,20,low,Logon activity outside working hours,Tallulah Liberty Kirby,Tallulah.Liberty.Kirby@dtaa.com,IndustrialEngineer,1,3 - Manufacturing,1 - IndustrialEngineering,,Grant Tyrone Doyle,2011-05.csv
TNM0961,2010-01-05,2.0,1.0,0.0,1.0,4.0,2.0,2.0,0.0,1.0,0.0,0.0,0.0,0.0,0.0,0.0,0.0,0.0,0.0,0.0,0.0,0.0,0.0,0.0,0.0,0.0,0.0,0.0,0.0,15,USB activity detected,1,0.2439084768615084,0,0.08670116150714335,0.697005956229538,0,15,low,USB activity detected,Troy Nicolas Molina,Troy.Nicolas.Molina@dtaa.com,ProductionLineWorker,1,3 - Manufacturing,3 - Assembly,6 - AssemblyDept,Sandra Beverly Diaz,2010-11.csv
TNM0961,2010-01-06,1.0,1.0,0.0,1.0,2.0,1.0,1.0,0.0,1.0,0.0,0.0,0.0,0.0,0.0,0.0,0.0,0.0,0.0,0.0,0.0,0.0,0.0,0.0,0.0,0.0,0.0,0.0,0.0,15,USB activity detected,1,0.2603283061036015,0,0.05398812641293277,0.697005956229538,0,15,low,USB activity detected,Troy Nicolas Molina,Troy.Nicolas.Molina@dtaa.com,ProductionLineWorker,1,3 - Manufacturing,3 - Assembly,6 - AssemblyDept,Sandra Beverly Diaz,2010-11.csv
TNM0961,2010-01-07,2.0,1.0,0.0,1.0,4.0,2.0,2.0,0.0,1.0,0.0,0.0,0.0,0.0,0.0,0.0,0.0,0.0,0.0,0.0,0.0,0.0,0.0,0.0,0.0,0.0,0.0,0.0,0.0,15,USB activity detected,1,0.2439084768615084,0,0.08670116150714335,0.697005956229538,0,15,low,USB activity detected,Troy Nicolas Molina,Troy.Nicolas.Molina@dtaa.com,ProductionLineWorker,1,3 - Manufacturing,3 - Assembly,6 - AssemblyDept,Sandra Beverly Diaz,2010-11.csv
TNM0961,2010-01-08,0.0,0.0,0.0,0.0,4.0,2.0,2.0,0.0,1.0,3.0,0.0,3.0,1.0,0.0,0.0,0.0,0.0,0.0,0.0,0.0,0.0,0.0,0.0,0.0,0.0,0.0,0.0,0.0,15,USB activity detected,1,0.2308861893688779,0,0.03367677648907804,0.697005956229538,0,15,low,USB activity detected,Troy Nicolas Molina,Troy.Nicolas.Molina@dtaa.com,ProductionLineWorker,1,3 - Manufacturing,3 - Assembly,6 - AssemblyDept,Sandra Beverly Diaz,2010-11.csv
TNM0961,2010-01-11,0.0,0.0,0.0,0.0,8.0,4.0,4.0,0.0,1.0,5.0,0.0,5.0,1.0,0.0,0.0,0.0,0.0,0.0,0.0,0.0,0.0,0.0,0.0,0.0,0.0,0.0,0.0,0.0,15,USB activity detected,1,0.19275973842598748,0,0.02764408548253236,0.697005956229538,0,15,low,USB activity detected,Troy Nicolas Molina,Troy.Nicolas.Molina@dtaa.com,ProductionLineWorker,1,3 - Manufacturing,3 - Assembly,6 - AssemblyDept,Sandra Beverly Diaz,2010-11.csv
TNM0961,2010-01-12,0.0,0.0,0.0,0.0,4.0,2.0,2.0,0.0,1.0,0.0,0.0,0.0,0.0,0.0,0.0,0.0,0.0,0.0,0.0,0.0,0.0,0.0,0.0,0.0,0.0,0.0,0.0,0.0,15,USB activity detected,1,0.24050968498880276,0,0.029387747032837967,0.697005956229538,0,15,low,USB activity detected,Troy Nicolas Molina,Troy.Nicolas.Molina@dtaa.com,ProductionLineWorker,1,3 - Manufacturing,3 - Assembly,6 - AssemblyDept,Sandra Beverly Diaz,2010-11.csv
TNM0961,2010-01-13,0.0,0.0,0.0,0.0,4.0,2.0,2.0,0.0,1.0,0.0,0.0,0.0,0.0,0.0,0.0,0.0,0.0,0.0,0.0,0.0,0.0,0.0,0.0,0.0,0.0,0.0,0.0,0.0,15,USB activity detected,1,0.24050968498880276,0,0.029387747032837967,0.697005956229538,0,15,low,USB activity detected,Troy Nicolas Molina,Troy.Nicolas.Molina@dtaa.com,ProductionLineWorker,1,3 - Manufacturing,3 - Assembly,6 - AssemblyDept,Sandra Beverly Diaz,2010-11.csv
TSM0363,2010-01-04,5.0,5.0,4.0,5.0,0.0,0.0,0.0,0.0,0.0,0.0,0.0,0.0,0.0,0.0,0.0,0.0,0.0,0.0,11.0,0.0,313222.0,28474.727272727272,8.0,3.0,20.0,6.0,0.0,1.0,35,Logon activity outside working hours; Multiple PCs used for logon,1,0.02107034114691253,0,0.09168780446089064,0.697005956229538,0,35,medium,Logon activity outside working hours; Multiple PCs used for logon,TaShya Savannah Mcgowan,TaShya.Savannah.Mcgowan@dtaa.com,ITAdmin,1,1 - Adminstration,6 - Security,3 - ElectronicSecurity,Francis Brian Armstrong,2011-05.csv
TSM0363,2010-01-05,4.0,4.0,6.0,4.0,0.0,0.0,0.0,0.0,0.0,0.0,0.0,0.0,0.0,0.0,0.0,0.0,0.0,0.0,6.0,0.0,204129.0,34021.5,1.0,1.0,11.0,1.0,0.0,1.0,35,Logon activity outside working hours; Multiple PCs used for logon,1,0.042294026841355525,0,0.3723999290374504,0.697005956229538,0,35,medium,Logon activity outside working hours; Multiple PCs used for logon,TaShya Savannah Mcgowan,TaShya.Savannah.Mcgowan@dtaa.com,ITAdmin,1,1 - Adminstration,6 - Security,3 - ElectronicSecurity,Francis Brian Armstrong,2011-05.csv
TSM0363,2010-01-06,6.0,6.0,6.0,6.0,0.0,0.0,0.0,0.0,0.0,0.0,0.0,0.0,0.0,0.0,0.0,0.0,0.0,0.0,0.0,0.0,0.0,0.0,0.0,0.0,0.0,0.0,0.0,0.0,35,Logon activity outside working hours; Multiple PCs used for logon,1,0.040723612586007873,0,0.0822235863161618,0.697005956229538,0,35,medium,Logon activity outside working hours; Multiple PCs used for logon,TaShya Savannah Mcgowan,TaShya.Savannah.Mcgowan@dtaa.com,ITAdmin,1,1 - Adminstration,6 - Security,3 - ElectronicSecurity,Francis Brian Armstrong,2011-05.csv
TSM0363,2010-01-07,2.0,2.0,2.0,2.0,0.0,0.0,0.0,0.0,0.0,0.0,0.0,0.0,0.0,0.0,0.0,0.0,0.0,0.0,0.0,0.0,0.0,0.0,0.0,0.0,0.0,0.0,0.0,0.0,20,Logon activity outside working hours,1,0.20806636614290203,0,0.03031814517863815,0.697005956229538,0,20,low,Logon activity outside working hours,TaShya Savannah Mcgowan,TaShya.Savannah.Mcgowan@dtaa.com,ITAdmin,1,1 - Adminstration,6 - Security,3 - ElectronicSecurity,Francis Brian Armstrong,2011-05.csv
TSR0676,2010-01-04,2.0,1.0,0.0,1.0,4.0,2.0,2.0,0.0,1.0,0.0,0.0,0.0,0.0,0.0,0.0,0.0,0.0,0.0,9.0,0.0,309573.0,34397.0,7.0,4.0,14.0,6.0,6.0,1.0,15,USB activity detected,1,0.11610504042751946,0,0.15757313395469452,0.697005956229538,0,15,low,USB activity detected,Todd Scott Roth,Todd.Scott.Roth@dtaa.com,Scientist,1,2 - ResearchAndEngineering,1 - Research,4 - Lab,Sarah Imelda Juarez,2011-05.csv
TSR0676,2010-01-05,2.0,1.0,0.0,1.0,6.0,3.0,3.0,0.0,1.0,3.0,0.0,3.0,1.0,0.0,0.0,0.0,0.0,0.0,0.0,0.0,0.0,0.0,0.0,0.0,0.0,0.0,0.0,0.0,15,USB activity detected,1,0.22006953586447942,0,0.08701929837933173,0.697005956229538,0,15,low,USB activity detected,Todd Scott Roth,Todd.Scott.Roth@dtaa.com,Scientist,1,2 - ResearchAndEngineering,1 - Research,4 - Lab,Sarah Imelda Juarez,2011-05.csv
TSR0676,2010-01-06,1.0,1.0,0.0,1.0,2.0,1.0,1.0,0.0,1.0,3.0,0.0,3.0,1.0,0.0,0.0,0.0,0.0,0.0,0.0,0.0,0.0,0.0,0.0,0.0,0.0,0.0,0.0,0.0,15,USB activity detected,1,0.2385060473449166,0,0.05602780763121651,0.697005956229538,0,15,low,USB activity detected,Todd Scott Roth,Todd.Scott.Roth@dtaa.com,Scientist,1,2 - ResearchAndEngineering,1 - Research,4 - Lab,Sarah Imelda Juarez,2011-05.csv
TSR0676,2010-01-07,2.0,1.0,0.0,1.0,4.0,2.0,2.0,0.0,1.0,0.0,0.0,0.0,0.0,0.0,0.0,0.0,0.0,0.0,0.0,0.0,0.0,0.0,0.0,0.0,0.0,0.0,0.0,0.0,15,USB activity detected,1,0.2439084768615084,0,0.08670116150714335,0.697005956229538,0,15,low,USB activity detected,Todd Scott Roth,Todd.Scott.Roth@dtaa.com,Scientist,1,2 - ResearchAndEngineering,1 - Research,4 - Lab,Sarah Imelda Juarez,2011-05.csv
TSR0676,2010-01-08,0.0,0.0,0.0,0.0,6.0,3.0,3.0,0.0,1.0,0.0,0.0,0.0,0.0,0.0,0.0,0.0,0.0,0.0,0.0,0.0,0.0,0.0,0.0,0.0,0.0,0.0,0.0,0.0,15,USB activity detected,1,0.21255883227265943,0,0.027228099363080988,0.697005956229538,0,15,low,USB activity detected,Todd Scott Roth,Todd.Scott.Roth@dtaa.com,Scientist,1,2 - ResearchAndEngineering,1 - Research,4 - Lab,Sarah Imelda Juarez,2011-05.csv
TSR0676,2010-01-11,0.0,0.0,0.0,0.0,8.0,4.0,4.0,0.0,1.0,0.0,0.0,0.0,0.0,0.0,0.0,0.0,0.0,0.0,0.0,0.0,0.0,0.0,0.0,0.0,0.0,0.0,0.0,0.0,15,USB activity detected,1,0.19727497896406737,0,0.026766841620095603,0.697005956229538,0,15,low,USB activity detected,Todd Scott Roth,Todd.Scott.Roth@dtaa.com,Scientist,1,2 - ResearchAndEngineering,1 - Research,4 - Lab,Sarah Imelda Juarez,2011-05.csv
TSR0676,2010-01-12,0.0,0.0,0.0,0.0,2.0,1.0,1.0,0.0,1.0,0.0,0.0,0.0,0.0,0.0,0.0,0.0,0.0,0.0,0.0,0.0,0.0,0.0,0.0,0.0,0.0,0.0,0.0,0.0,15,USB activity detected,1,0.24138913393585137,0,0.034578884745784924,0.697005956229538,0,15,low,USB activity detected,Todd Scott Roth,Todd.Scott.Roth@dtaa.com,Scientist,1,2 - ResearchAndEngineering,1 - Research,4 - Lab,Sarah Imelda Juarez,2011-05.csv
TSR0676,2010-01-13,0.0,0.0,0.0,0.0,4.0,2.0,2.0,0.0,1.0,0.0,0.0,0.0,0.0,0.0,0.0,0.0,0.0,0.0,0.0,0.0,0.0,0.0,0.0,0.0,0.0,0.0,0.0,0.0,15,USB activity detected,1,0.24050968498880276,0,0.029387747032837967,0.697005956229538,0,15,low,USB activity detected,Todd Scott Roth,Todd.Scott.Roth@dtaa.com,Scientist,1,2 - ResearchAndEngineering,1 - Research,4 - Lab,Sarah Imelda Juarez,2011-05.csv
TUC0632,2010-01-04,1.0,1.0,1.0,1.0,0.0,0.0,0.0,0.0,0.0,0.0,0.0,0.0,0.0,0.0,0.0,0.0,0.0,0.0,3.0,0.0,74087.0,24695.666666666668,0.0,0.0,6.0,2.0,0.0,1.0,20,Logon activity outside working hours,1,0.2025112846142405,0,0.06438762935121994,0.697005956229538,0,20,low,Logon activity outside working hours,Troy Uriah Conway,Troy.Uriah.Conway@dtaa.com,Technician,1,5 - SalesAndMarketing,3 - FieldService,3 - RegionalFieldService,Hedwig Regina Livingston,2011-05.csv
TUC0632,2010-01-05,1.0,1.0,1.0,1.0,0.0,0.0,0.0,0.0,0.0,0.0,0.0,0.0,0.0,0.0,0.0,0.0,0.0,0.0,0.0,0.0,0.0,0.0,0.0,0.0,0.0,0.0,0.0,0.0,20,Logon activity outside working hours,1,0.2543368308857394,0,0.04029176788212439,0.697005956229538,0,20,low,Logon activity outside working hours,Troy Uriah Conway,Troy.Uriah.Conway@dtaa.com,Technician,1,5 - SalesAndMarketing,3 - FieldService,3 - RegionalFieldService,Hedwig Regina Livingston,2011-05.csv
TUC0632,2010-01-06,1.0,1.0,1.0,1.0,0.0,0.0,0.0,0.0,0.0,0.0,0.0,0.0,0.0,0.0,0.0,0.0,0.0,0.0,0.0,0.0,0.0,0.0,0.0,0.0,0.0,0.0,0.0,0.0,20,Logon activity outside working hours,1,0.2543368308857394,0,0.04029176788212439,0.697005956229538,0,20,low,Logon activity outside working hours,Troy Uriah Conway,Troy.Uriah.Conway@dtaa.com,Technician,1,5 - SalesAndMarketing,3 - FieldService,3 - RegionalFieldService,Hedwig Regina Livingston,2011-05.csv
TVS0050,2010-01-04,3.0,2.0,0.0,2.0,0.0,0.0,0.0,0.0,0.0,0.0,0.0,0.0,0.0,22.0,0.0,15.0,15.0,1.0,19.0,0.0,582631.0,30664.78947368421,12.0,8.0,35.0,15.0,11.0,1.0,0,,-1,-0.034405236058895894,1,0.7284888508529959,0.697005956229538,1,70,high,AI anomaly detected by Isolation Forest; AI anomaly detected by TensorFlow Autoencoder,Todd Vance Spears,Todd.Vance.Spears@dtaa.com,Director,1,2 - ResearchAndEngineering,2 - SoftwareManagement,,Kai Wynne Craft,2011-05.csv
TVS0050,2010-01-05,3.0,2.0,2.0,1.0,0.0,0.0,0.0,0.0,0.0,0.0,0.0,0.0,0.0,0.0,0.0,0.0,0.0,0.0,7.0,0.0,221965.0,31709.285714285714,4.0,2.0,13.0,5.0,4.0,1.0,20,Logon activity outside working hours,1,0.11865485347628746,0,0.1523004800868931,0.697005956229538,0,20,low,Logon activity outside working hours,Todd Vance Spears,Todd.Vance.Spears@dtaa.com,Director,1,2 - ResearchAndEngineering,2 - SoftwareManagement,,Kai Wynne Craft,2011-05.csv
TVS0050,2010-01-07,3.0,2.0,2.0,1.0,0.0,0.0,0.0,0.0,0.0,0.0,0.0,0.0,0.0,0.0,0.0,0.0,0.0,0.0,0.0,0.0,0.0,0.0,0.0,0.0,0.0,0.0,0.0,0.0,20,Logon activity outside working hours,1,0.21080028385880267,0,0.10719355742630612,0.697005956229538,0,20,low,Logon activity outside working hours,Todd Vance Spears,Todd.Vance.Spears@dtaa.com,Director,1,2 - ResearchAndEngineering,2 - SoftwareManagement,,Kai Wynne Craft,2011-05.csv
UAD0771,2010-01-04,1.0,1.0,0.0,1.0,6.0,3.0,3.0,0.0,1.0,6.0,0.0,6.0,1.0,0.0,0.0,0.0,0.0,0.0,3.0,0.0,80722.0,26907.333333333332,2.0,1.0,5.0,2.0,1.0,1.0,15,USB activity detected,1,0.13313778891232025,0,0.042681292476388744,0.697005956229538,0,15,low,USB activity detected,Uriel Axel Diaz,Uriel.Axel.Diaz@dtaa.com,Technician,1,5 - SalesAndMarketing,3 - FieldService,4 - RegionalFieldService,Blaine Helen Cervantes,2011-05.csv
UAD0771,2010-01-05,2.0,1.0,0.0,1.0,6.0,3.0,3.0,0.0,1.0,7.0,0.0,7.0,1.0,0.0,0.0,0.0,0.0,0.0,0.0,0.0,0.0,0.0,0.0,0.0,0.0,0.0,0.0,0.0,15,USB activity detected,1,0.20700000473182723,0,0.07607443696082297,0.697005956229538,0,15,low,USB activity detected,Uriel Axel Diaz,Uriel.Axel.Diaz@dtaa.com,Technician,1,5 - SalesAndMarketing,3 - FieldService,4 - RegionalFieldService,Blaine Helen Cervantes,2011-05.csv
UAD0771,2010-01-06,1.0,1.0,0.0,1.0,3.0,2.0,1.0,0.0,1.0,4.0,0.0,4.0,1.0,0.0,0.0,0.0,0.0,0.0,0.0,0.0,0.0,0.0,0.0,0.0,0.0,0.0,0.0,0.0,15,USB activity detected,1,0.2343211141768321,0,0.055545014592583555,0.697005956229538,0,15,low,USB activity detected,Uriel Axel Diaz,Uriel.Axel.Diaz@dtaa.com,Technician,1,5 - SalesAndMarketing,3 - FieldService,4 - RegionalFieldService,Blaine Helen Cervantes,2011-05.csv
UAD0771,2010-01-07,2.0,1.0,0.0,1.0,4.0,2.0,2.0,0.0,1.0,0.0,0.0,0.0,0.0,0.0,0.0,0.0,0.0,0.0,0.0,0.0,0.0,0.0,0.0,0.0,0.0,0.0,0.0,0.0,15,USB activity detected,1,0.2439084768615084,0,0.08670116150714335,0.697005956229538,0,15,low,USB activity detected,Uriel Axel Diaz,Uriel.Axel.Diaz@dtaa.com,Technician,1,5 - SalesAndMarketing,3 - FieldService,4 - RegionalFieldService,Blaine Helen Cervantes,2011-05.csv
UAD0771,2010-01-08,0.0,0.0,0.0,0.0,8.0,4.0,4.0,0.0,1.0,2.0,0.0,2.0,1.0,0.0,0.0,0.0,0.0,0.0,0.0,0.0,0.0,0.0,0.0,0.0,0.0,0.0,0.0,0.0,15,USB activity detected,1,0.1965740993568264,0,0.0371186180685254,0.697005956229538,0,15,low,USB activity detected,Uriel Axel Diaz,Uriel.Axel.Diaz@dtaa.com,Technician,1,5 - SalesAndMarketing,3 - FieldService,4 - RegionalFieldService,Blaine Helen Cervantes,2011-05.csv
UAD0771,2010-01-11,0.0,0.0,0.0,0.0,4.0,2.0,2.0,0.0,1.0,2.0,0.0,2.0,1.0,0.0,0.0,0.0,0.0,0.0,0.0,0.0,0.0,0.0,0.0,0.0,0.0,0.0,0.0,0.0,15,USB activity detected,1,0.2290339102880541,0,0.037354675290764694,0.697005956229538,0,15,low,USB activity detected,Uriel Axel Diaz,Uriel.Axel.Diaz@dtaa.com,Technician,1,5 - SalesAndMarketing,3 - FieldService,4 - RegionalFieldService,Blaine Helen Cervantes,2011-05.csv
UAD0771,2010-01-12,0.0,0.0,0.0,0.0,2.0,1.0,1.0,0.0,1.0,9.0,0.0,9.0,1.0,0.0,0.0,0.0,0.0,0.0,0.0,0.0,0.0,0.0,0.0,0.0,0.0,0.0,0.0,0.0,15,USB activity detected,1,0.20743324651046313,0,0.02796560824597219,0.697005956229538,0,15,low,USB activity detected,Uriel Axel Diaz,Uriel.Axel.Diaz@dtaa.com,Technician,1,5 - SalesAndMarketing,3 - FieldService,4 - RegionalFieldService,Blaine Helen Cervantes,2011-05.csv
UBF0645,2010-01-04,1.0,1.0,1.0,1.0,0.0,0.0,0.0,0.0,0.0,0.0,0.0,0.0,0.0,0.0,0.0,0.0,0.0,0.0,3.0,0.0,83777.0,27925.666666666668,0.0,0.0,5.0,0.0,0.0,1.0,20,Logon activity outside working hours,1,0.20733602847959842,0,0.06828330442780575,0.697005956229538,0,20,low,Logon activity outside working hours,Ursa Britanney Frederick,Ursa.Britanney.Frederick@dtaa.com,Technician,1,5 - SalesAndMarketing,3 - FieldService,3 - RegionalFieldService,Hedwig Regina Livingston,2011-05.csv
UBF0645,2010-01-05,1.0,1.0,1.0,1.0,0.0,0.0,0.0,0.0,0.0,0.0,0.0,0.0,0.0,0.0,0.0,0.0,0.0,0.0,0.0,0.0,0.0,0.0,0.0,0.0,0.0,0.0,0.0,0.0,20,Logon activity outside working hours,1,0.2543368308857394,0,0.04029176788212439,0.697005956229538,0,20,low,Logon activity outside working hours,Ursa Britanney Frederick,Ursa.Britanney.Frederick@dtaa.com,Technician,1,5 - SalesAndMarketing,3 - FieldService,3 - RegionalFieldService,Hedwig Regina Livingston,2011-05.csv
UBF0645,2010-01-06,1.0,1.0,1.0,1.0,0.0,0.0,0.0,0.0,0.0,0.0,0.0,0.0,0.0,0.0,0.0,0.0,0.0,0.0,0.0,0.0,0.0,0.0,0.0,0.0,0.0,0.0,0.0,0.0,20,Logon activity outside working hours,1,0.2543368308857394,0,0.04029176788212439,0.697005956229538,0,20,low,Logon activity outside working hours,Ursa Britanney Frederick,Ursa.Britanney.Frederick@dtaa.com,Technician,1,5 - SalesAndMarketing,3 - FieldService,3 - RegionalFieldService,Hedwig Regina Livingston,2011-05.csv
UIR0043,2010-01-04,6.0,6.0,10.0,6.0,0.0,0.0,0.0,0.0,0.0,0.0,0.0,0.0,0.0,12.0,0.0,11.0,11.0,1.0,11.0,0.0,323276.0,29388.727272727272,6.0,4.0,19.0,7.0,0.0,1.0,35,Logon activity outside working hours; Multiple PCs used for logon,-1,-0.026661528311122895,1,1.3744043583333165,0.697005956229538,1,100,critical,Logon activity outside working hours; Multiple PCs used for logon; AI anomaly detected by Isolation Forest; AI anomaly detected by TensorFlow Autoencoder,Ursula Idona Richard,Ursula.Idona.Richard@dtaa.com,ITAdmin,1,1 - Adminstration,6 - Security,2 - ElectronicSecurity,Frances Alisa Wiggins,2011-05.csv
UIR0043,2010-01-05,2.0,2.0,2.0,2.0,0.0,0.0,0.0,0.0,0.0,0.0,0.0,0.0,0.0,0.0,0.0,0.0,0.0,0.0,4.0,0.0,91641.0,22910.25,0.0,0.0,6.0,2.0,0.0,1.0,20,Logon activity outside working hours,1,0.15073687890386955,0,0.047960250766621776,0.697005956229538,0,20,low,Logon activity outside working hours,Ursula Idona Richard,Ursula.Idona.Richard@dtaa.com,ITAdmin,1,1 - Adminstration,6 - Security,2 - ElectronicSecurity,Frances Alisa Wiggins,2011-05.csv
UIR0043,2010-01-07,3.0,3.0,2.0,3.0,0.0,0.0,0.0,0.0,0.0,0.0,0.0,0.0,0.0,0.0,0.0,0.0,0.0,0.0,0.0,0.0,0.0,0.0,0.0,0.0,0.0,0.0,0.0,0.0,35,Logon activity outside working hours; Multiple PCs used for logon,1,0.15936437867987246,0,0.04913809881525685,0.697005956229538,0,35,medium,Logon activity outside working hours; Multiple PCs used for logon,Ursula Idona Richard,Ursula.Idona.Richard@dtaa.com,ITAdmin,1,1 - Adminstration,6 - Security,2 - ElectronicSecurity,Frances Alisa Wiggins,2011-05.csv
USH0199,2010-01-04,1.0,1.0,0.0,1.0,2.0,1.0,1.0,0.0,1.0,4.0,0.0,4.0,1.0,10.0,0.0,9.0,8.0,1.0,9.0,0.0,320100.0,35566.666666666664,6.0,3.0,18.0,11.0,4.0,1.0,15,USB activity detected,1,0.051894189799506885,0,0.39643280788153384,0.697005956229538,0,15,low,USB activity detected,Upton Sebastian Holt,Upton.Sebastian.Holt@dtaa.com,Statistician,1,6 - PurchasingAndContracts,2 - Pricing,,Eugenia Whilemina Harrington,2011-05.csv
USH0199,2010-01-06,1.0,1.0,0.0,1.0,2.0,1.0,1.0,0.0,1.0,3.0,0.0,3.0,1.0,0.0,0.0,0.0,0.0,0.0,0.0,0.0,0.0,0.0,0.0,0.0,0.0,0.0,0.0,0.0,15,USB activity detected,1,0.2385060473449166,0,0.05602780763121651,0.697005956229538,0,15,low,USB activity detected,Upton Sebastian Holt,Upton.Sebastian.Holt@dtaa.com,Statistician,1,6 - PurchasingAndContracts,2 - Pricing,,Eugenia Whilemina Harrington,2011-05.csv
USH0199,2010-01-13,0.0,0.0,0.0,0.0,6.0,3.0,3.0,0.0,1.0,0.0,0.0,0.0,0.0,0.0,0.0,0.0,0.0,0.0,0.0,0.0,0.0,0.0,0.0,0.0,0.0,0.0,0.0,0.0,15,USB activity detected,1,0.21255883227265943,0,0.027228099363080988,0.697005956229538,0,15,low,USB activity detected,Upton Sebastian Holt,Upton.Sebastian.Holt@dtaa.com,Statistician,1,6 - PurchasingAndContracts,2 - Pricing,,Eugenia Whilemina Harrington,2011-05.csv
VCC0396,2010-01-04,2.0,1.0,0.0,1.0,4.0,2.0,2.0,0.0,1.0,6.0,0.0,6.0,1.0,0.0,0.0,0.0,0.0,0.0,9.0,0.0,233731.0,25970.11111111111,7.0,4.0,16.0,8.0,6.0,1.0,15,USB activity detected,1,0.08765295028167452,0,0.08315173340751146,0.697005956229538,0,15,low,USB activity detected,Vincent Craig Cunningham,Vincent.Craig.Cunningham@dtaa.com,SoftwareEngineer,1,2 - ResearchAndEngineering,2 - SoftwareManagement,2 - Software,Jocelyn Bree Mccray,2011-05.csv
VCC0396,2010-01-06,2.0,2.0,0.0,2.0,8.0,4.0,4.0,0.0,1.0,6.0,0.0,6.0,1.0,0.0,0.0,0.0,0.0,0.0,0.0,0.0,0.0,0.0,0.0,0.0,0.0,0.0,0.0,0.0,15,USB activity detected,1,0.17249603742434105,0,0.13590445952479627,0.697005956229538,0,15,low,USB activity detected,Vincent Craig Cunningham,Vincent.Craig.Cunningham@dtaa.com,SoftwareEngineer,1,2 - ResearchAndEngineering,2 - SoftwareManagement,2 - Software,Jocelyn Bree Mccray,2011-05.csv
VCC0396,2010-01-07,3.0,1.0,2.0,1.0,2.0,1.0,1.0,0.0,1.0,12.0,0.0,12.0,1.0,0.0,0.0,0.0,0.0,0.0,0.0,0.0,0.0,0.0,0.0,0.0,0.0,0.0,0.0,0.0,35,Logon activity outside working hours; USB activity detected,1,0.14189834314944838,0,0.17295511622479673,0.697005956229538,0,35,medium,Logon activity outside working hours; USB activity detected,Vincent Craig Cunningham,Vincent.Craig.Cunningham@dtaa.com,SoftwareEngineer,1,2 - ResearchAndEngineering,2 - SoftwareManagement,2 - Software,Jocelyn Bree Mccray,2011-05.csv
VCC0396,2010-01-11,0.0,0.0,0.0,0.0,2.0,1.0,1.0,0.0,1.0,6.0,0.0,6.0,1.0,0.0,0.0,0.0,0.0,0.0,0.0,0.0,0.0,0.0,0.0,0.0,0.0,0.0,0.0,0.0,15,USB activity detected,1,0.2188288303391091,0,0.0274749014302764,0.697005956229538,0,15,low,USB activity detected,Vincent Craig Cunningham,Vincent.Craig.Cunningham@dtaa.com,SoftwareEngineer,1,2 - ResearchAndEngineering,2 - SoftwareManagement,2 - Software,Jocelyn Bree Mccray,2011-05.csv
VCC0396,2010-01-12,0.0,0.0,0.0,0.0,6.0,3.0,3.0,0.0,1.0,2.0,0.0,2.0,1.0,0.0,0.0,0.0,0.0,0.0,0.0,0.0,0.0,0.0,0.0,0.0,0.0,0.0,0.0,0.0,15,USB activity detected,1,0.21292410761739433,0,0.03633197142615849,0.697005956229538,0,15,low,USB activity detected,Vincent Craig Cunningham,Vincent.Craig.Cunningham@dtaa.com,SoftwareEngineer,1,2 - ResearchAndEngineering,2 - SoftwareManagement,2 - Software,Jocelyn Bree Mccray,2011-05.csv
VCC0396,2010-01-13,0.0,0.0,0.0,0.0,4.0,2.0,2.0,0.0,1.0,0.0,0.0,0.0,0.0,0.0,0.0,0.0,0.0,0.0,0.0,0.0,0.0,0.0,0.0,0.0,0.0,0.0,0.0,0.0,15,USB activity detected,1,0.24050968498880276,0,0.029387747032837967,0.697005956229538,0,15,low,USB activity detected,Vincent Craig Cunningham,Vincent.Craig.Cunningham@dtaa.com,SoftwareEngineer,1,2 - ResearchAndEngineering,2 - SoftwareManagement,2 - Software,Jocelyn Bree Mccray,2011-05.csv
VFM0814,2010-01-05,2.0,1.0,0.0,1.0,4.0,2.0,2.0,0.0,1.0,1.0,0.0,1.0,1.0,0.0,0.0,0.0,0.0,0.0,2.0,0.0,73737.0,36868.5,0.0,0.0,2.0,2.0,1.0,1.0,15,USB activity detected,1,0.15263958425035645,0,0.11299816212256682,0.697005956229538,0,15,low,USB activity detected,Vernon Finn Mcgee,Vernon.Finn.Mcgee@dtaa.com,ComputerProgrammer,1,2 - ResearchAndEngineering,2 - SoftwareManagement,5 - Software,Sara Gail George,2010-11.csv
VFM0814,2010-01-08,0.0,0.0,0.0,0.0,2.0,1.0,1.0,0.0,1.0,0.0,0.0,0.0,0.0,0.0,0.0,0.0,0.0,0.0,0.0,0.0,0.0,0.0,0.0,0.0,0.0,0.0,0.0,0.0,15,USB activity detected,1,0.24138913393585137,0,0.034578884745784924,0.697005956229538,0,15,low,USB activity detected,Vernon Finn Mcgee,Vernon.Finn.Mcgee@dtaa.com,ComputerProgrammer,1,2 - ResearchAndEngineering,2 - SoftwareManagement,5 - Software,Sara Gail George,2010-11.csv
VFM0814,2010-01-11,0.0,0.0,0.0,0.0,4.0,2.0,2.0,0.0,1.0,0.0,0.0,0.0,0.0,0.0,0.0,0.0,0.0,0.0,0.0,0.0,0.0,0.0,0.0,0.0,0.0,0.0,0.0,0.0,15,USB activity detected,1,0.24050968498880276,0,0.029387747032837967,0.697005956229538,0,15,low,USB activity detected,Vernon Finn Mcgee,Vernon.Finn.Mcgee@dtaa.com,ComputerProgrammer,1,2 - ResearchAndEngineering,2 - SoftwareManagement,5 - Software,Sara Gail George,2010-11.csv
VFM0814,2010-01-12,0.0,0.0,0.0,0.0,4.0,2.0,2.0,0.0,1.0,0.0,0.0,0.0,0.0,0.0,0.0,0.0,0.0,0.0,0.0,0.0,0.0,0.0,0.0,0.0,0.0,0.0,0.0,0.0,15,USB activity detected,1,0.24050968498880276,0,0.029387747032837967,0.697005956229538,0,15,low,USB activity detected,Vernon Finn Mcgee,Vernon.Finn.Mcgee@dtaa.com,ComputerProgrammer,1,2 - ResearchAndEngineering,2 - SoftwareManagement,5 - Software,Sara Gail George,2010-11.csv
VIA0063,2010-01-04,1.0,1.0,0.0,1.0,14.0,7.0,7.0,0.0,1.0,24.0,0.0,24.0,1.0,1.0,0.0,1.0,1.0,1.0,14.0,0.0,358047.0,25574.785714285714,3.0,2.0,24.0,5.0,0.0,1.0,45,USB activity detected; High file copy activity,-1,-0.013747701390460554,1,0.22317388454394327,0.697005956229538,0,85,critical,USB activity detected; High file copy activity; AI anomaly detected by Isolation Forest,Vance Ira Alston,Vance.Ira.Alston@dtaa.com,Manager,1,2 - ResearchAndEngineering,2 - SoftwareManagement,1 - Software,Todd Vance Spears,2011-05.csv
VIA0063,2010-01-05,1.0,1.0,0.0,1.0,18.0,9.0,9.0,0.0,1.0,24.0,0.0,24.0,1.0,0.0,0.0,0.0,0.0,0.0,1.0,0.0,33024.0,33024.0,0.0,0.0,1.0,0.0,0.0,1.0,45,USB activity detected; High file copy activity,1,0.048147190595956846,0,0.08469984452710866,0.697005956229538,0,45,medium,USB activity detected; High file copy activity,Vance Ira Alston,Vance.Ira.Alston@dtaa.com,Manager,1,2 - ResearchAndEngineering,2 - SoftwareManagement,1 - Software,Todd Vance Spears,2011-05.csv
VIA0063,2010-01-06,1.0,1.0,0.0,1.0,18.0,9.0,9.0,0.0,1.0,24.0,0.0,24.0,1.0,0.0,0.0,0.0,0.0,0.0,0.0,0.0,0.0,0.0,0.0,0.0,0.0,0.0,0.0,0.0,45,USB activity detected; High file copy activity,1,0.09134190125622221,0,0.06390865520870165,0.697005956229538,0,45,medium,USB activity detected; High file copy activity,Vance Ira Alston,Vance.Ira.Alston@dtaa.com,Manager,1,2 - ResearchAndEngineering,2 - SoftwareManagement,1 - Software,Todd Vance Spears,2011-05.csv
VIA0063,2010-01-07,1.0,0.0,0.0,1.0,18.0,9.0,9.0,0.0,1.0,26.0,0.0,26.0,1.0,0.0,0.0,0.0,0.0,0.0,0.0,0.0,0.0,0.0,0.0,0.0,0.0,0.0,0.0,0.0,45,USB activity detected; High file copy activity,1,0.07304926699706049,0,0.08462266172632904,0.697005956229538,0,45,medium,USB activity detected; High file copy activity,Vance Ira Alston,Vance.Ira.Alston@dtaa.com,Manager,1,2 - ResearchAndEngineering,2 - SoftwareManagement,1 - Software,Todd Vance Spears,2011-05.csv
VIA0063,2010-01-08,0.0,0.0,0.0,0.0,18.0,9.0,9.0,0.0,1.0,27.0,0.0,27.0,1.0,0.0,0.0,0.0,0.0,0.0,0.0,0.0,0.0,0.0,0.0,0.0,0.0,0.0,0.0,0.0,45,USB activity detected; High file copy activity,1,0.07587931229607192,0,0.07597268567036625,0.697005956229538,0,45,medium,USB activity detected; High file copy activity,Vance Ira Alston,Vance.Ira.Alston@dtaa.com,Manager,1,2 - ResearchAndEngineering,2 - SoftwareManagement,1 - Software,Todd Vance Spears,2011-05.csv
VIA0063,2010-01-11,0.0,0.0,0.0,0.0,16.0,8.0,8.0,0.0,1.0,27.0,0.0,27.0,1.0,0.0,0.0,0.0,0.0,0.0,0.0,0.0,0.0,0.0,0.0,0.0,0.0,0.0,0.0,0.0,45,USB activity detected; High file copy activity,1,0.0849111688235471,0,0.06968563904768824,0.697005956229538,0,45,medium,USB activity detected; High file copy activity,Vance Ira Alston,Vance.Ira.Alston@dtaa.com,Manager,1,2 - ResearchAndEngineering,2 - SoftwareManagement,1 - Software,Todd Vance Spears,2011-05.csv
VIA0063,2010-01-12,0.0,0.0,0.0,0.0,16.0,8.0,8.0,0.0,1.0,21.0,0.0,21.0,1.0,0.0,0.0,0.0,0.0,0.0,0.0,0.0,0.0,0.0,0.0,0.0,0.0,0.0,0.0,0.0,45,USB activity detected; High file copy activity,1,0.10870583728668037,0,0.05781746938661497,0.697005956229538,0,45,medium,USB activity detected; High file copy activity,Vance Ira Alston,Vance.Ira.Alston@dtaa.com,Manager,1,2 - ResearchAndEngineering,2 - SoftwareManagement,1 - Software,Todd Vance Spears,2011-05.csv
VIA0063,2010-01-13,0.0,0.0,0.0,0.0,12.0,6.0,6.0,0.0,1.0,0.0,0.0,0.0,0.0,0.0,0.0,0.0,0.0,0.0,0.0,0.0,0.0,0.0,0.0,0.0,0.0,0.0,0.0,0.0,15,USB activity detected,1,0.17167815582073637,0,0.026522234043302464,0.697005956229538,0,15,low,USB activity detected,Vance Ira Alston,Vance.Ira.Alston@dtaa.com,Manager,1,2 - ResearchAndEngineering,2 - SoftwareManagement,1 - Software,Todd Vance Spears,2011-05.csv
VLB0647,2010-01-04,1.0,1.0,1.0,1.0,0.0,0.0,0.0,0.0,0.0,0.0,0.0,0.0,0.0,0.0,0.0,0.0,0.0,0.0,3.0,1.0,88032.0,29344.0,2.0,1.0,3.0,1.0,0.0,1.0,20,Logon activity outside working hours,1,0.18037814209181302,0,0.22511502240304215,0.697005956229538,0,20,low,Logon activity outside working hours,Valentine Lucian Benjamin,Valentine.Lucian.Benjamin@dtaa.com,Technician,1,5 - SalesAndMarketing,3 - FieldService,3 - RegionalFieldService,Hedwig Regina Livingston,2011-05.csv
VLB0647,2010-01-05,1.0,1.0,1.0,1.0,0.0,0.0,0.0,0.0,0.0,0.0,0.0,0.0,0.0,0.0,0.0,0.0,0.0,0.0,0.0,0.0,0.0,0.0,0.0,0.0,0.0,0.0,0.0,0.0,20,Logon activity outside working hours,1,0.2543368308857394,0,0.04029176788212439,0.697005956229538,0,20,low,Logon activity outside working hours,Valentine Lucian Benjamin,Valentine.Lucian.Benjamin@dtaa.com,Technician,1,5 - SalesAndMarketing,3 - FieldService,3 - RegionalFieldService,Hedwig Regina Livingston,2011-05.csv
VLB0647,2010-01-06,1.0,1.0,1.0,1.0,0.0,0.0,0.0,0.0,0.0,0.0,0.0,0.0,0.0,0.0,0.0,0.0,0.0,0.0,0.0,0.0,0.0,0.0,0.0,0.0,0.0,0.0,0.0,0.0,20,Logon activity outside working hours,1,0.2543368308857394,0,0.04029176788212439,0.697005956229538,0,20,low,Logon activity outside working hours,Valentine Lucian Benjamin,Valentine.Lucian.Benjamin@dtaa.com,Technician,1,5 - SalesAndMarketing,3 - FieldService,3 - RegionalFieldService,Hedwig Regina Livingston,2011-05.csv
VMJ0546,2010-01-04,2.0,1.0,0.0,1.0,2.0,1.0,1.0,0.0,1.0,10.0,0.0,10.0,1.0,0.0,0.0,0.0,0.0,0.0,9.0,0.0,293228.0,32580.88888888889,8.0,4.0,18.0,7.0,6.0,1.0,15,USB activity detected,1,0.08020742896607314,0,0.1274728572312278,0.697005956229538,0,15,low,USB activity detected,Veda Martina Jacobson,Veda.Martina.Jacobson@dtaa.com,Physicist,1,2 - ResearchAndEngineering,1 - Research,3 - Lab,Honorato Ivan Wall,2011-05.csv
VMJ0546,2010-01-05,2.0,1.0,0.0,1.0,4.0,2.0,2.0,0.0,1.0,8.0,0.0,8.0,1.0,0.0,0.0,0.0,0.0,0.0,5.0,0.0,221515.0,44303.0,4.0,2.0,8.0,4.0,3.0,1.0,15,USB activity detected,1,0.07932290570541378,0,0.14770214360686054,0.697005956229538,0,15,low,USB activity detected,Veda Martina Jacobson,Veda.Martina.Jacobson@dtaa.com,Physicist,1,2 - ResearchAndEngineering,1 - Research,3 - Lab,Honorato Ivan Wall,2011-05.csv
VMJ0546,2010-01-06,1.0,1.0,0.0,1.0,6.0,3.0,3.0,0.0,1.0,6.0,0.0,6.0,1.0,0.0,0.0,0.0,0.0,0.0,0.0,0.0,0.0,0.0,0.0,0.0,0.0,0.0,0.0,0.0,15,USB activity detected,1,0.22004659210863714,0,0.050325299000792315,0.697005956229538,0,15,low,USB activity detected,Veda Martina Jacobson,Veda.Martina.Jacobson@dtaa.com,Physicist,1,2 - ResearchAndEngineering,1 - Research,3 - Lab,Honorato Ivan Wall,2011-05.csv
VMJ0546,2010-01-07,2.0,0.0,0.0,1.0,6.0,3.0,3.0,0.0,1.0,6.0,0.0,6.0,1.0,0.0,0.0,0.0,0.0,0.0,0.0,0.0,0.0,0.0,0.0,0.0,0.0,0.0,0.0,0.0,15,USB activity detected,1,0.20254629531480262,0,0.10422269464207165,0.697005956229538,0,15,low,USB activity detected,Veda Martina Jacobson,Veda.Martina.Jacobson@dtaa.com,Physicist,1,2 - ResearchAndEngineering,1 - Research,3 - Lab,Honorato Ivan Wall,2011-05.csv
VMJ0546,2010-01-08,0.0,0.0,0.0,0.0,4.0,2.0,2.0,0.0,1.0,13.0,0.0,13.0,1.0,0.0,0.0,0.0,0.0,0.0,0.0,0.0,0.0,0.0,0.0,0.0,0.0,0.0,0.0,0.0,15,USB activity detected,1,0.1905483252503143,0,0.03262592907431715,0.697005956229538,0,15,low,USB activity detected,Veda Martina Jacobson,Veda.Martina.Jacobson@dtaa.com,Physicist,1,2 - ResearchAndEngineering,1 - Research,3 - Lab,Honorato Ivan Wall,2011-05.csv
VMJ0546,2010-01-11,0.0,0.0,0.0,0.0,2.0,1.0,1.0,0.0,1.0,8.0,0.0,8.0,1.0,0.0,0.0,0.0,0.0,0.0,0.0,0.0,0.0,0.0,0.0,0.0,0.0,0.0,0.0,0.0,15,USB activity detected,1,0.21152895624851709,0,0.02736644932722874,0.697005956229538,0,15,low,USB activity detected,Veda Martina Jacobson,Veda.Martina.Jacobson@dtaa.com,Physicist,1,2 - ResearchAndEngineering,1 - Research,3 - Lab,Honorato Ivan Wall,2011-05.csv
VMJ0546,2010-01-12,0.0,0.0,0.0,0.0,2.0,1.0,1.0,0.0,1.0,8.0,0.0,8.0,1.0,0.0,0.0,0.0,0.0,0.0,0.0,0.0,0.0,0.0,0.0,0.0,0.0,0.0,0.0,0.0,15,USB activity detected,1,0.21152895624851709,0,0.02736645358911785,0.697005956229538,0,15,low,USB activity detected,Veda Martina Jacobson,Veda.Martina.Jacobson@dtaa.com,Physicist,1,2 - ResearchAndEngineering,1 - Research,3 - Lab,Honorato Ivan Wall,2011-05.csv
VMJ0546,2010-01-13,0.0,0.0,0.0,0.0,6.0,3.0,3.0,0.0,1.0,0.0,0.0,0.0,0.0,0.0,0.0,0.0,0.0,0.0,0.0,0.0,0.0,0.0,0.0,0.0,0.0,0.0,0.0,0.0,15,USB activity detected,1,0.21255883227265943,0,0.027228120552410202,0.697005956229538,0,15,low,USB activity detected,Veda Martina Jacobson,Veda.Martina.Jacobson@dtaa.com,Physicist,1,2 - ResearchAndEngineering,1 - Research,3 - Lab,Honorato Ivan Wall,2011-05.csv
VSA0230,2010-01-04,1.0,1.0,0.0,1.0,4.0,2.0,2.0,0.0,1.0,4.0,0.0,4.0,1.0,0.0,0.0,0.0,0.0,0.0,6.0,0.0,224041.0,37340.166666666664,3.0,2.0,12.0,6.0,3.0,1.0,15,USB activity detected,1,0.10257605172960782,0,0.08224995005658076,0.697005956229538,0,15,low,USB activity detected,Vivian Sarah Arnold,Vivian.Sarah.Arnold@dtaa.com,Mathematician,1,2 - ResearchAndEngineering,1 - Research,1 - Lab,Jackson Linus Wilkerson,2011-02.csv
VSA0230,2010-01-05,2.0,1.0,0.0,1.0,2.0,1.0,1.0,0.0,1.0,3.0,0.0,3.0,1.0,0.0,0.0,0.0,0.0,0.0,0.0,0.0,0.0,0.0,0.0,0.0,0.0,0.0,0.0,0.0,15,USB activity detected,1,0.23426035937108708,0,0.08227223845201406,0.697005956229538,0,15,low,USB activity detected,Vivian Sarah Arnold,Vivian.Sarah.Arnold@dtaa.com,Mathematician,1,2 - ResearchAndEngineering,1 - Research,1 - Lab,Jackson Linus Wilkerson,2011-02.csv
VSA0230,2010-01-08,0.0,0.0,0.0,0.0,2.0,1.0,1.0,0.0,1.0,3.0,0.0,3.0,1.0,0.0,0.0,0.0,0.0,0.0,0.0,0.0,0.0,0.0,0.0,0.0,0.0,0.0,0.0,0.0,15,USB activity detected,1,0.22764297473751488,0,0.03607755261692584,0.697005956229538,0,15,low,USB activity detected,Vivian Sarah Arnold,Vivian.Sarah.Arnold@dtaa.com,Mathematician,1,2 - ResearchAndEngineering,1 - Research,1 - Lab,Jackson Linus Wilkerson,2011-02.csv
VSA0230,2010-01-11,0.0,0.0,0.0,0.0,2.0,1.0,1.0,0.0,1.0,9.0,0.0,9.0,1.0,0.0,0.0,0.0,0.0,0.0,0.0,0.0,0.0,0.0,0.0,0.0,0.0,0.0,0.0,0.0,15,USB activity detected,1,0.20743324651046313,0,0.02796560824597219,0.697005956229538,0,15,low,USB activity detected,Vivian Sarah Arnold,Vivian.Sarah.Arnold@dtaa.com,Mathematician,1,2 - ResearchAndEngineering,1 - Research,1 - Lab,Jackson Linus Wilkerson,2011-02.csv
VSS0154,2010-01-04,1.0,1.0,0.0,1.0,2.0,1.0,1.0,0.0,1.0,4.0,0.0,4.0,1.0,0.0,0.0,0.0,0.0,0.0,11.0,0.0,320998.0,29181.636363636364,7.0,5.0,15.0,10.0,5.0,1.0,15,USB activity detected,1,0.08521912910660923,0,0.1118385880882615,0.697005956229538,0,15,low,USB activity detected,Vernon Samuel Sawyer,Vernon.Samuel.Sawyer@dtaa.com,AdministrativeStaff,1,4 - Finance,2 - Payroll,,Vera Mollie Jenkins,2010-10.csv
VSS0154,2010-01-05,1.0,1.0,0.0,1.0,6.0,3.0,3.0,0.0,1.0,5.0,0.0,5.0,1.0,0.0,0.0,0.0,0.0,0.0,0.0,0.0,0.0,0.0,0.0,0.0,0.0,0.0,0.0,0.0,15,USB activity detected,1,0.2233660476061632,0,0.0525808219357365,0.697005956229538,0,15,low,USB activity detected,Vernon Samuel Sawyer,Vernon.Samuel.Sawyer@dtaa.com,AdministrativeStaff,1,4 - Finance,2 - Payroll,,Vera Mollie Jenkins,2010-10.csv
VSS0154,2010-01-06,1.0,1.0,0.0,1.0,4.0,2.0,2.0,0.0,1.0,0.0,0.0,0.0,0.0,0.0,0.0,0.0,0.0,0.0,0.0,0.0,0.0,0.0,0.0,0.0,0.0,0.0,0.0,0.0,15,USB activity detected,1,0.25267871115825713,0,0.056063175244408625,0.697005956229538,0,15,low,USB activity detected,Vernon Samuel Sawyer,Vernon.Samuel.Sawyer@dtaa.com,AdministrativeStaff,1,4 - Finance,2 - Payroll,,Vera Mollie Jenkins,2010-10.csv
VSS0154,2010-01-07,1.0,0.0,0.0,1.0,2.0,1.0,1.0,0.0,1.0,1.0,0.0,1.0,1.0,0.0,0.0,0.0,0.0,0.0,0.0,0.0,0.0,0.0,0.0,0.0,0.0,0.0,0.0,0.0,15,USB activity detected,1,0.22346236911483697,0,0.06936494683791211,0.697005956229538,0,15,low,USB activity detected,Vernon Samuel Sawyer,Vernon.Samuel.Sawyer@dtaa.com,AdministrativeStaff,1,4 - Finance,2 - Payroll,,Vera Mollie Jenkins,2010-10.csv
VSS0154,2010-01-08,0.0,0.0,0.0,0.0,4.0,2.0,2.0,0.0,1.0,0.0,0.0,0.0,0.0,0.0,0.0,0.0,0.0,0.0,0.0,0.0,0.0,0.0,0.0,0.0,0.0,0.0,0.0,0.0,15,USB activity detected,1,0.24050968498880276,0,0.029387747032837967,0.697005956229538,0,15,low,USB activity detected,Vernon Samuel Sawyer,Vernon.Samuel.Sawyer@dtaa.com,AdministrativeStaff,1,4 - Finance,2 - Payroll,,Vera Mollie Jenkins,2010-10.csv
VSS0154,2010-01-11,0.0,0.0,0.0,0.0,2.0,1.0,1.0,0.0,1.0,0.0,0.0,0.0,0.0,0.0,0.0,0.0,0.0,0.0,0.0,0.0,0.0,0.0,0.0,0.0,0.0,0.0,0.0,0.0,15,USB activity detected,1,0.24138913393585137,0,0.034578884745784924,0.697005956229538,0,15,low,USB activity detected,Vernon Samuel Sawyer,Vernon.Samuel.Sawyer@dtaa.com,AdministrativeStaff,1,4 - Finance,2 - Payroll,,Vera Mollie Jenkins,2010-10.csv
VSS0154,2010-01-12,0.0,0.0,0.0,0.0,4.0,2.0,2.0,0.0,1.0,2.0,0.0,2.0,1.0,0.0,0.0,0.0,0.0,0.0,0.0,0.0,0.0,0.0,0.0,0.0,0.0,0.0,0.0,0.0,15,USB activity detected,1,0.2290339102880541,0,0.037354675290764694,0.697005956229538,0,15,low,USB activity detected,Vernon Samuel Sawyer,Vernon.Samuel.Sawyer@dtaa.com,AdministrativeStaff,1,4 - Finance,2 - Payroll,,Vera Mollie Jenkins,2010-10.csv
VSS0154,2010-01-13,0.0,0.0,0.0,0.0,2.0,1.0,1.0,0.0,1.0,0.0,0.0,0.0,0.0,0.0,0.0,0.0,0.0,0.0,0.0,0.0,0.0,0.0,0.0,0.0,0.0,0.0,0.0,0.0,15,USB activity detected,1,0.24138913393585137,0,0.034578884745784924,0.697005956229538,0,15,low,USB activity detected,Vernon Samuel Sawyer,Vernon.Samuel.Sawyer@dtaa.com,AdministrativeStaff,1,4 - Finance,2 - Payroll,,Vera Mollie Jenkins,2010-10.csv
VTT0385,2010-01-04,1.0,1.0,0.0,1.0,18.0,9.0,9.0,0.0,1.0,0.0,0.0,0.0,0.0,0.0,0.0,0.0,0.0,0.0,9.0,0.0,265478.0,29497.555555555555,3.0,2.0,13.0,3.0,0.0,1.0,15,USB activity detected,1,0.084109891222659,0,0.17096699023222256,0.697005956229538,0,15,low,USB activity detected,Vladimir Thomas Todd,Vladimir.Thomas.Todd@dtaa.com,Scientist,1,2 - ResearchAndEngineering,1 - Research,2 - Lab,Kim Dara Sullivan,2011-05.csv
VTT0385,2010-01-05,1.0,1.0,0.0,1.0,18.0,9.0,9.0,0.0,1.0,0.0,0.0,0.0,0.0,0.0,0.0,0.0,0.0,0.0,2.0,0.0,65691.0,32845.5,0.0,0.0,3.0,2.0,0.0,1.0,15,USB activity detected,1,0.11012558552253005,0,0.09521543837017045,0.697005956229538,0,15,low,USB activity detected,Vladimir Thomas Todd,Vladimir.Thomas.Todd@dtaa.com,Scientist,1,2 - ResearchAndEngineering,1 - Research,2 - Lab,Kim Dara Sullivan,2011-05.csv
VTT0385,2010-01-06,2.0,2.0,0.0,2.0,16.0,8.0,8.0,0.0,1.0,3.0,0.0,3.0,1.0,0.0,0.0,0.0,0.0,0.0,0.0,0.0,0.0,0.0,0.0,0.0,0.0,0.0,0.0,0.0,15,USB activity detected,1,0.1376643502611316,0,0.15820237868233097,0.697005956229538,0,15,low,USB activity detected,Vladimir Thomas Todd,Vladimir.Thomas.Todd@dtaa.com,Scientist,1,2 - ResearchAndEngineering,1 - Research,2 - Lab,Kim Dara Sullivan,2011-05.csv
VTT0385,2010-01-07,1.0,1.0,0.0,1.0,14.0,7.0,7.0,0.0,1.0,0.0,0.0,0.0,0.0,0.0,0.0,0.0,0.0,0.0,0.0,0.0,0.0,0.0,0.0,0.0,0.0,0.0,0.0,0.0,15,USB activity detected,1,0.17502136404926227,0,0.052662041527491196,0.697005956229538,0,15,low,USB activity detected,Vladimir Thomas Todd,Vladimir.Thomas.Todd@dtaa.com,Scientist,1,2 - ResearchAndEngineering,1 - Research,2 - Lab,Kim Dara Sullivan,2011-05.csv
VTT0385,2010-01-08,0.0,0.0,0.0,0.0,16.0,8.0,8.0,0.0,1.0,0.0,0.0,0.0,0.0,0.0,0.0,0.0,0.0,0.0,0.0,0.0,0.0,0.0,0.0,0.0,0.0,0.0,0.0,0.0,15,USB activity detected,1,0.1503712295256983,0,0.029066476541412846,0.697005956229538,0,15,low,USB activity detected,Vladimir Thomas Todd,Vladimir.Thomas.Todd@dtaa.com,Scientist,1,2 - ResearchAndEngineering,1 - Research,2 - Lab,Kim Dara Sullivan,2011-05.csv
VTT0385,2010-01-11,0.0,0.0,0.0,0.0,16.0,8.0,8.0,0.0,1.0,0.0,0.0,0.0,0.0,0.0,0.0,0.0,0.0,0.0,0.0,0.0,0.0,0.0,0.0,0.0,0.0,0.0,0.0,0.0,15,USB activity detected,1,0.1503712295256983,0,0.029066476541412846,0.697005956229538,0,15,low,USB activity detected,Vladimir Thomas Todd,Vladimir.Thomas.Todd@dtaa.com,Scientist,1,2 - ResearchAndEngineering,1 - Research,2 - Lab,Kim Dara Sullivan,2011-05.csv
VTT0385,2010-01-12,0.0,0.0,0.0,0.0,14.0,7.0,7.0,0.0,1.0,0.0,0.0,0.0,0.0,0.0,0.0,0.0,0.0,0.0,0.0,0.0,0.0,0.0,0.0,0.0,0.0,0.0,0.0,0.0,15,USB activity detected,1,0.15757970960448348,0,0.02795770502625191,0.697005956229538,0,15,low,USB activity detected,Vladimir Thomas Todd,Vladimir.Thomas.Todd@dtaa.com,Scientist,1,2 - ResearchAndEngineering,1 - Research,2 - Lab,Kim Dara Sullivan,2011-05.csv
VTT0385,2010-01-13,0.0,0.0,0.0,0.0,9.0,5.0,4.0,0.0,1.0,0.0,0.0,0.0,0.0,0.0,0.0,0.0,0.0,0.0,0.0,0.0,0.0,0.0,0.0,0.0,0.0,0.0,0.0,0.0,15,USB activity detected,1,0.19263759731893615,0,0.027857549668752195,0.697005956229538,0,15,low,USB activity detected,Vladimir Thomas Todd,Vladimir.Thomas.Todd@dtaa.com,Scientist,1,2 - ResearchAndEngineering,1 - Research,2 - Lab,Kim Dara Sullivan,2011-05.csv
WBC0192,2010-01-04,2.0,1.0,0.0,1.0,4.0,2.0,2.0,0.0,1.0,0.0,0.0,0.0,0.0,6.0,0.0,3.0,3.0,1.0,14.0,0.0,416810.0,29772.14285714286,7.0,5.0,25.0,19.0,12.0,1.0,15,USB activity detected,1,0.013962608765895945,0,0.8004837904382536,0.697005956229538,1,45,medium,USB activity detected; AI anomaly detected by TensorFlow Autoencoder,Whoopi Britanney Camacho,Whoopi.Britanney.Camacho@dtaa.com,Manager,1,6 - PurchasingAndContracts,3 - Contracts,,Kirby Bo Pollard,2011-05.csv
WBC0192,2010-01-11,0.0,0.0,0.0,0.0,4.0,2.0,2.0,0.0,1.0,1.0,0.0,1.0,1.0,0.0,0.0,0.0,0.0,0.0,0.0,0.0,0.0,0.0,0.0,0.0,0.0,0.0,0.0,0.0,15,USB activity detected,1,0.22508479258999203,0,0.041893755833660756,0.697005956229538,0,15,low,USB activity detected,Whoopi Britanney Camacho,Whoopi.Britanney.Camacho@dtaa.com,Manager,1,6 - PurchasingAndContracts,3 - Contracts,,Kirby Bo Pollard,2011-05.csv
WDD0366,2010-01-04,3.0,2.0,2.0,2.0,0.0,0.0,0.0,0.0,0.0,0.0,0.0,0.0,0.0,0.0,0.0,0.0,0.0,0.0,10.0,0.0,311687.0,31168.7,3.0,2.0,12.0,5.0,6.0,1.0,20,Logon activity outside working hours,1,0.08600404934346806,0,0.09498418159015229,0.697005956229538,0,20,low,Logon activity outside working hours,Wesley Dustin Dickerson,Wesley.Dustin.Dickerson@dtaa.com,ITAdmin,1,1 - Adminstration,6 - Security,3 - ElectronicSecurity,Francis Brian Armstrong,2011-02.csv
WDD0366,2010-01-05,3.0,2.0,2.0,2.0,0.0,0.0,0.0,0.0,0.0,0.0,0.0,0.0,0.0,0.0,0.0,0.0,0.0,0.0,0.0,0.0,0.0,0.0,0.0,0.0,0.0,0.0,0.0,0.0,20,Logon activity outside working hours,1,0.19389292675978076,0,0.03169153787509822,0.697005956229538,0,20,low,Logon activity outside working hours,Wesley Dustin Dickerson,Wesley.Dustin.Dickerson@dtaa.com,ITAdmin,1,1 - Adminstration,6 - Security,3 - ElectronicSecurity,Francis Brian Armstrong,2011-02.csv
WDD0366,2010-01-06,4.0,4.0,0.0,4.0,0.0,0.0,0.0,0.0,0.0,0.0,0.0,0.0,0.0,0.0,0.0,0.0,0.0,0.0,0.0,0.0,0.0,0.0,0.0,0.0,0.0,0.0,0.0,0.0,15,Multiple PCs used for logon,1,0.1542570846661711,0,0.3787520656603152,0.697005956229538,0,15,low,Multiple PCs used for logon,Wesley Dustin Dickerson,Wesley.Dustin.Dickerson@dtaa.com,ITAdmin,1,1 - Adminstration,6 - Security,3 - ElectronicSecurity,Francis Brian Armstrong,2011-02.csv
WDD0366,2010-01-07,5.0,4.0,2.0,4.0,0.0,0.0,0.0,0.0,0.0,0.0,0.0,0.0,0.0,0.0,0.0,0.0,0.0,0.0,0.0,0.0,0.0,0.0,0.0,0.0,0.0,0.0,0.0,0.0,35,Logon activity outside working hours; Multiple PCs used for logon,1,0.11201387429063181,0,0.11792689239148303,0.697005956229538,0,35,medium,Logon activity outside working hours; Multiple PCs used for logon,Wesley Dustin Dickerson,Wesley.Dustin.Dickerson@dtaa.com,ITAdmin,1,1 - Adminstration,6 - Security,3 - ElectronicSecurity,Francis Brian Armstrong,2011-02.csv
WIF0691,2010-01-04,1.0,1.0,0.0,1.0,16.0,8.0,8.0,0.0,1.0,27.0,0.0,27.0,1.0,0.0,0.0,0.0,0.0,0.0,9.0,0.0,289286.0,32142.88888888889,0.0,0.0,16.0,5.0,0.0,1.0,45,USB activity detected; High file copy activity,1,0.01285165683584022,0,0.25672655839940506,0.697005956229538,0,45,medium,USB activity detected; High file copy activity,Wade Ira Frazier,Wade.Ira.Frazier@dtaa.com,ComputerScientist,1,2 - ResearchAndEngineering,2 - SoftwareManagement,4 - Software,Aurora Tatiana Payne,2011-05.csv
WIF0691,2010-01-05,2.0,1.0,0.0,1.0,14.0,7.0,7.0,0.0,1.0,25.0,0.0,25.0,1.0,0.0,0.0,0.0,0.0,0.0,0.0,0.0,0.0,0.0,0.0,0.0,0.0,0.0,0.0,0.0,45,USB activity detected; High file copy activity,1,0.0927127534535378,0,0.07892568741231967,0.697005956229538,0,45,medium,USB activity detected; High file copy activity,Wade Ira Frazier,Wade.Ira.Frazier@dtaa.com,ComputerScientist,1,2 - ResearchAndEngineering,2 - SoftwareManagement,4 - Software,Aurora Tatiana Payne,2011-05.csv
WIF0691,2010-01-06,1.0,1.0,0.0,1.0,16.0,8.0,8.0,0.0,1.0,27.0,0.0,27.0,1.0,0.0,0.0,0.0,0.0,0.0,0.0,0.0,0.0,0.0,0.0,0.0,0.0,0.0,0.0,0.0,45,USB activity detected; High file copy activity,1,0.08946034157969951,0,0.0704822817876725,0.697005956229538,0,45,medium,USB activity detected; High file copy activity,Wade Ira Frazier,Wade.Ira.Frazier@dtaa.com,ComputerScientist,1,2 - ResearchAndEngineering,2 - SoftwareManagement,4 - Software,Aurora Tatiana Payne,2011-05.csv
WIF0691,2010-01-07,2.0,0.0,0.0,1.0,14.0,7.0,7.0,0.0,1.0,27.0,0.0,27.0,1.0,0.0,0.0,0.0,0.0,0.0,0.0,0.0,0.0,0.0,0.0,0.0,0.0,0.0,0.0,0.0,45,USB activity detected; High file copy activity,1,0.08129603395707674,0,0.12486703381807429,0.697005956229538,0,45,medium,USB activity detected; High file copy activity,Wade Ira Frazier,Wade.Ira.Frazier@dtaa.com,ComputerScientist,1,2 - ResearchAndEngineering,2 - SoftwareManagement,4 - Software,Aurora Tatiana Payne,2011-05.csv
WIF0691,2010-01-08,0.0,0.0,0.0,0.0,18.0,9.0,9.0,0.0,1.0,24.0,0.0,24.0,1.0,0.0,0.0,0.0,0.0,0.0,0.0,0.0,0.0,0.0,0.0,0.0,0.0,0.0,0.0,0.0,45,USB activity detected; High file copy activity,1,0.0937288301095639,0,0.06754479162184428,0.697005956229538,0,45,medium,USB activity detected; High file copy activity,Wade Ira Frazier,Wade.Ira.Frazier@dtaa.com,ComputerScientist,1,2 - ResearchAndEngineering,2 - SoftwareManagement,4 - Software,Aurora Tatiana Payne,2011-05.csv
WIF0691,2010-01-11,0.0,0.0,0.0,0.0,16.0,8.0,8.0,0.0,1.0,24.0,0.0,24.0,1.0,0.0,0.0,0.0,0.0,0.0,0.0,0.0,0.0,0.0,0.0,0.0,0.0,0.0,0.0,0.0,45,USB activity detected; High file copy activity,1,0.10292729091449504,0,0.06097455854139172,0.697005956229538,0,45,medium,USB activity detected; High file copy activity,Wade Ira Frazier,Wade.Ira.Frazier@dtaa.com,ComputerScientist,1,2 - ResearchAndEngineering,2 - SoftwareManagement,4 - Software,Aurora Tatiana Payne,2011-05.csv
WIF0691,2010-01-12,0.0,0.0,0.0,0.0,16.0,8.0,8.0,0.0,1.0,25.0,0.0,25.0,1.0,0.0,0.0,0.0,0.0,0.0,0.0,0.0,0.0,0.0,0.0,0.0,0.0,0.0,0.0,0.0,45,USB activity detected; High file copy activity,1,0.08742064203232269,0,0.06203147610814917,0.697005956229538,0,45,medium,USB activity detected; High file copy activity,Wade Ira Frazier,Wade.Ira.Frazier@dtaa.com,ComputerScientist,1,2 - ResearchAndEngineering,2 - SoftwareManagement,4 - Software,Aurora Tatiana Payne,2011-05.csv
WIF0691,2010-01-13,0.0,0.0,0.0,0.0,4.0,2.0,2.0,0.0,1.0,0.0,0.0,0.0,0.0,0.0,0.0,0.0,0.0,0.0,0.0,0.0,0.0,0.0,0.0,0.0,0.0,0.0,0.0,0.0,15,USB activity detected,1,0.24050968498880276,0,0.029387747032837967,0.697005956229538,0,15,low,USB activity detected,Wade Ira Frazier,Wade.Ira.Frazier@dtaa.com,ComputerScientist,1,2 - ResearchAndEngineering,2 - SoftwareManagement,4 - Software,Aurora Tatiana Payne,2011-05.csv
WIQ0567,2010-01-03,2.0,1.0,0.0,1.0,2.0,1.0,1.0,0.0,1.0,8.0,0.0,8.0,1.0,95.0,0.0,37.0,36.0,1.0,9.0,0.0,245943.0,27327.0,12.0,5.0,14.0,10.0,10.0,1.0,15,USB activity detected,-1,-0.034907254223753514,1,0.2946587848471595,0.697005956229538,0,55,medium,USB activity detected; AI anomaly detected by Isolation Forest,Willow Iliana Quinn,Willow.Iliana.Quinn@dtaa.com,ComputerProgrammer,1,2 - ResearchAndEngineering,2 - SoftwareManagement,3 - Software,Stephanie Briar Harrington,2011-05.csv
WIQ0567,2010-01-04,2.0,1.0,0.0,1.0,4.0,2.0,2.0,0.0,1.0,9.0,0.0,9.0,1.0,0.0,0.0,0.0,0.0,0.0,9.0,0.0,274179.0,30464.333333333332,9.0,5.0,14.0,17.0,4.0,1.0,15,USB activity detected,1,0.0538785489618947,0,0.36959630546048794,0.697005956229538,0,15,low,USB activity detected,Willow Iliana Quinn,Willow.Iliana.Quinn@dtaa.com,ComputerProgrammer,1,2 - ResearchAndEngineering,2 - SoftwareManagement,3 - Software,Stephanie Briar Harrington,2011-05.csv
WIQ0567,2010-01-06,2.0,1.0,0.0,1.0,1.0,1.0,0.0,0.0,1.0,2.0,0.0,2.0,1.0,0.0,0.0,0.0,0.0,0.0,0.0,0.0,0.0,0.0,0.0,0.0,0.0,0.0,0.0,0.0,15,USB activity detected,1,0.2301892364490562,0,0.08706997114519288,0.697005956229538,0,15,low,USB activity detected,Willow Iliana Quinn,Willow.Iliana.Quinn@dtaa.com,ComputerProgrammer,1,2 - ResearchAndEngineering,2 - SoftwareManagement,3 - Software,Stephanie Briar Harrington,2011-05.csv
WIQ0567,2010-01-07,2.0,0.0,0.0,1.0,4.0,2.0,2.0,0.0,1.0,5.0,0.0,5.0,1.0,0.0,0.0,0.0,0.0,0.0,0.0,0.0,0.0,0.0,0.0,0.0,0.0,0.0,0.0,0.0,15,USB activity detected,1,0.2156681294907566,0,0.10351644880688704,0.697005956229538,0,15,low,USB activity detected,Willow Iliana Quinn,Willow.Iliana.Quinn@dtaa.com,ComputerProgrammer,1,2 - ResearchAndEngineering,2 - SoftwareManagement,3 - Software,Stephanie Briar Harrington,2011-05.csv
WIQ0567,2010-01-10,0.0,0.0,0.0,0.0,2.0,1.0,1.0,0.0,1.0,9.0,0.0,9.0,1.0,0.0,0.0,0.0,0.0,0.0,0.0,0.0,0.0,0.0,0.0,0.0,0.0,0.0,0.0,0.0,15,USB activity detected,1,0.20743324651046313,0,0.02796560824597219,0.697005956229538,0,15,low,USB activity detected,Willow Iliana Quinn,Willow.Iliana.Quinn@dtaa.com,ComputerProgrammer,1,2 - ResearchAndEngineering,2 - SoftwareManagement,3 - Software,Stephanie Briar Harrington,2011-05.csv
WIQ0567,2010-01-13,0.0,0.0,0.0,0.0,2.0,1.0,1.0,0.0,1.0,0.0,0.0,0.0,0.0,0.0,0.0,0.0,0.0,0.0,0.0,0.0,0.0,0.0,0.0,0.0,0.0,0.0,0.0,0.0,15,USB activity detected,1,0.24138913393585137,0,0.034578884745784924,0.697005956229538,0,15,low,USB activity detected,Willow Iliana Quinn,Willow.Iliana.Quinn@dtaa.com,ComputerProgrammer,1,2 - ResearchAndEngineering,2 - SoftwareManagement,3 - Software,Stephanie Briar Harrington,2011-05.csv
WKD0013,2010-01-07,1.0,1.0,1.0,1.0,0.0,0.0,0.0,0.0,0.0,0.0,0.0,0.0,0.0,0.0,0.0,0.0,0.0,0.0,0.0,0.0,0.0,0.0,0.0,0.0,0.0,0.0,0.0,0.0,20,Logon activity outside working hours,1,0.2543368308857394,0,0.04029176788212439,0.697005956229538,0,20,low,Logon activity outside working hours,Wesley Kasper Duffy,Wesley.Kasper.Duffy@dtaa.com,Director,1,1 - Adminstration,4 - Safety,,Halla Cathleen Simmons,2011-05.csv
WPR0368,2010-01-02,2.0,2.0,0.0,2.0,0.0,0.0,0.0,0.0,0.0,0.0,0.0,0.0,0.0,114.0,0.0,52.0,48.0,1.0,11.0,0.0,372834.0,33894.0,4.0,2.0,15.0,3.0,0.0,1.0,0,,1,0.037005430298777675,0,0.7010860107810284,0.697005956229538,1,30,low,AI anomaly detected by TensorFlow Autoencoder,William Price Robles,William.Price.Robles@dtaa.com,ITAdmin,1,1 - Adminstration,6 - Security,3 - ElectronicSecurity,Francis Brian Armstrong,2011-05.csv
WPR0368,2010-01-04,4.0,4.0,2.0,4.0,0.0,0.0,0.0,0.0,0.0,0.0,0.0,0.0,0.0,0.0,0.0,0.0,0.0,0.0,11.0,0.0,315646.0,28695.090909090908,0.0,0.0,17.0,5.0,0.0,1.0,35,Logon activity outside working hours; Multiple PCs used for logon,1,0.07860145543702346,0,0.16457180561463347,0.697005956229538,0,35,medium,Logon activity outside working hours; Multiple PCs used for logon,William Price Robles,William.Price.Robles@dtaa.com,ITAdmin,1,1 - Adminstration,6 - Security,3 - ElectronicSecurity,Francis Brian Armstrong,2011-05.csv
WPR0368,2010-01-05,5.0,5.0,6.0,5.0,0.0,0.0,0.0,0.0,0.0,0.0,0.0,0.0,0.0,0.0,0.0,0.0,0.0,0.0,11.0,0.0,359905.0,32718.636363636364,7.0,1.0,20.0,3.0,0.0,1.0,35,Logon activity outside working hours; Multiple PCs used for logon,-1,-0.0020702868036190925,1,0.5964811781659662,0.697005956229538,0,75,high,Logon activity outside working hours; Multiple PCs used for logon; AI anomaly detected by Isolation Forest,William Price Robles,William.Price.Robles@dtaa.com,ITAdmin,1,1 - Adminstration,6 - Security,3 - ElectronicSecurity,Francis Brian Armstrong,2011-05.csv
WPR0368,2010-01-06,6.0,6.0,4.0,6.0,0.0,0.0,0.0,0.0,0.0,0.0,0.0,0.0,0.0,0.0,0.0,0.0,0.0,0.0,0.0,0.0,0.0,0.0,0.0,0.0,0.0,0.0,0.0,0.0,35,Logon activity outside working hours; Multiple PCs used for logon,1,0.06522154016427717,0,0.09816089396224031,0.697005956229538,0,35,medium,Logon activity outside working hours; Multiple PCs used for logon,William Price Robles,William.Price.Robles@dtaa.com,ITAdmin,1,1 - Adminstration,6 - Security,3 - ElectronicSecurity,Francis Brian Armstrong,2011-05.csv
WSR0241,2010-01-06,3.0,3.0,0.0,3.0,0.0,0.0,0.0,0.0,0.0,0.0,0.0,0.0,0.0,0.0,0.0,0.0,0.0,0.0,0.0,0.0,0.0,0.0,0.0,0.0,0.0,0.0,0.0,0.0,15,Multiple PCs used for logon,1,0.20284253372635475,0,0.1905053484164695,0.697005956229538,0,15,low,Multiple PCs used for logon,Wanda Samantha Rogers,Wanda.Samantha.Rogers@dtaa.com,ComputerProgrammer,1,2 - ResearchAndEngineering,2 - SoftwareManagement,1 - Software,Vance Ira Alston,2011-05.csv
WXH0872,2010-01-04,2.0,2.0,0.0,2.0,6.0,3.0,3.0,0.0,1.0,5.0,0.0,5.0,1.0,6.0,0.0,4.0,4.0,1.0,15.0,0.0,475967.0,31731.133333333335,10.0,7.0,24.0,15.0,9.0,1.0,15,USB activity detected,-1,-0.03162041698136886,1,0.5804305004478785,0.697005956229538,0,55,medium,USB activity detected; AI anomaly detected by Isolation Forest,Wynne Xyla Hartman,Wynne.Xyla.Hartman@dtaa.com,Salesman,1,5 - SalesAndMarketing,2 - Sales,5 - RegionalSales,Hashim Damon Dudley,2011-05.csv
WXH0872,2010-01-05,1.0,1.0,0.0,1.0,6.0,3.0,3.0,0.0,1.0,0.0,0.0,0.0,0.0,0.0,0.0,0.0,0.0,0.0,3.0,0.0,93415.0,31138.333333333332,0.0,0.0,3.0,3.0,0.0,1.0,15,USB activity detected,1,0.1669327824134027,0,0.08196945521074193,0.697005956229538,0,15,low,USB activity detected,Wynne Xyla Hartman,Wynne.Xyla.Hartman@dtaa.com,Salesman,1,5 - SalesAndMarketing,2 - Sales,5 - RegionalSales,Hashim Damon Dudley,2011-05.csv
WXH0872,2010-01-07,1.0,0.0,0.0,1.0,4.0,2.0,2.0,0.0,1.0,3.0,0.0,3.0,1.0,0.0,0.0,0.0,0.0,0.0,0.0,0.0,0.0,0.0,0.0,0.0,0.0,0.0,0.0,0.0,15,USB activity detected,1,0.2299783633989277,0,0.06159706080530478,0.697005956229538,0,15,low,USB activity detected,Wynne Xyla Hartman,Wynne.Xyla.Hartman@dtaa.com,Salesman,1,5 - SalesAndMarketing,2 - Sales,5 - RegionalSales,Hashim Damon Dudley,2011-05.csv
WXH0872,2010-01-11,0.0,0.0,0.0,0.0,2.0,1.0,1.0,0.0,1.0,0.0,0.0,0.0,0.0,0.0,0.0,0.0,0.0,0.0,0.0,0.0,0.0,0.0,0.0,0.0,0.0,0.0,0.0,0.0,15,USB activity detected,1,0.24138913393585137,0,0.03457887603854521,0.697005956229538,0,15,low,USB activity detected,Wynne Xyla Hartman,Wynne.Xyla.Hartman@dtaa.com,Salesman,1,5 - SalesAndMarketing,2 - Sales,5 - RegionalSales,Hashim Damon Dudley,2011-05.csv
WXH0872,2010-01-12,0.0,0.0,0.0,0.0,8.0,4.0,4.0,0.0,1.0,4.0,0.0,4.0,1.0,0.0,0.0,0.0,0.0,0.0,0.0,0.0,0.0,0.0,0.0,0.0,0.0,0.0,0.0,0.0,15,USB activity detected,1,0.19500759345825486,0,0.0300549003793461,0.697005956229538,0,15,low,USB activity detected,Wynne Xyla Hartman,Wynne.Xyla.Hartman@dtaa.com,Salesman,1,5 - SalesAndMarketing,2 - Sales,5 - RegionalSales,Hashim Damon Dudley,2011-05.csv
WXH0872,2010-01-13,0.0,0.0,0.0,0.0,2.0,1.0,1.0,0.0,1.0,0.0,0.0,0.0,0.0,0.0,0.0,0.0,0.0,0.0,0.0,0.0,0.0,0.0,0.0,0.0,0.0,0.0,0.0,0.0,15,USB activity detected,1,0.24138913393585137,0,0.034578884745784924,0.697005956229538,0,15,low,USB activity detected,Wynne Xyla Hartman,Wynne.Xyla.Hartman@dtaa.com,Salesman,1,5 - SalesAndMarketing,2 - Sales,5 - RegionalSales,Hashim Damon Dudley,2011-05.csv
XAA0104,2010-01-13,0.0,0.0,0.0,0.0,2.0,1.0,1.0,0.0,1.0,0.0,0.0,0.0,0.0,0.0,0.0,0.0,0.0,0.0,0.0,0.0,0.0,0.0,0.0,0.0,0.0,0.0,0.0,0.0,15,USB activity detected,1,0.24138913393585137,0,0.034578884745784924,0.697005956229538,0,15,low,USB activity detected,Xander Aaron Acevedo,Xander.Aaron.Acevedo@dtaa.com,HardwareEngineer,1,2 - ResearchAndEngineering,3 - Engineering,4 - SystemsEngineering,Gage Kaden Odonnell,2011-05.csv
XHW0498,2010-01-04,1.0,1.0,0.0,1.0,6.0,3.0,3.0,0.0,1.0,0.0,0.0,0.0,0.0,0.0,0.0,0.0,0.0,0.0,13.0,0.0,380521.0,29270.846153846152,11.0,6.0,21.0,7.0,0.0,1.0,15,USB activity detected,1,0.0956918254481236,0,0.22225141844386448,0.697005956229538,0,15,low,USB activity detected,Xerxes Howard Wilcox,Xerxes.Howard.Wilcox@dtaa.com,Salesman,1,5 - SalesAndMarketing,2 - Sales,2 - RegionalSales,Bert Jason Henderson,2010-09.csv
XHW0498,2010-01-05,1.0,1.0,0.0,1.0,6.0,3.0,3.0,0.0,1.0,4.0,0.0,4.0,1.0,0.0,0.0,0.0,0.0,0.0,3.0,0.0,65602.0,21867.333333333332,0.0,0.0,6.0,1.0,0.0,1.0,15,USB activity detected,1,0.14098261968532627,0,0.04825083111662057,0.697005956229538,0,15,low,USB activity detected,Xerxes Howard Wilcox,Xerxes.Howard.Wilcox@dtaa.com,Salesman,1,5 - SalesAndMarketing,2 - Sales,2 - RegionalSales,Bert Jason Henderson,2010-09.csv
XHW0498,2010-01-06,1.0,1.0,0.0,1.0,6.0,3.0,3.0,0.0,1.0,2.0,0.0,2.0,1.0,0.0,0.0,0.0,0.0,0.0,0.0,0.0,0.0,0.0,0.0,0.0,0.0,0.0,0.0,0.0,15,USB activity detected,1,0.22347714679580627,0,0.060328303397269106,0.697005956229538,0,15,low,USB activity detected,Xerxes Howard Wilcox,Xerxes.Howard.Wilcox@dtaa.com,Salesman,1,5 - SalesAndMarketing,2 - Sales,2 - RegionalSales,Bert Jason Henderson,2010-09.csv
XHW0498,2010-01-07,1.0,0.0,0.0,1.0,4.0,2.0,2.0,0.0,1.0,2.0,0.0,2.0,1.0,0.0,0.0,0.0,0.0,0.0,0.0,0.0,0.0,0.0,0.0,0.0,0.0,0.0,0.0,0.0,15,USB activity detected,1,0.2278574281244239,0,0.06483340554146275,0.697005956229538,0,15,low,USB activity detected,Xerxes Howard Wilcox,Xerxes.Howard.Wilcox@dtaa.com,Salesman,1,5 - SalesAndMarketing,2 - Sales,2 - RegionalSales,Bert Jason Henderson,2010-09.csv
XHW0498,2010-01-08,0.0,0.0,0.0,0.0,2.0,1.0,1.0,0.0,1.0,0.0,0.0,0.0,0.0,0.0,0.0,0.0,0.0,0.0,0.0,0.0,0.0,0.0,0.0,0.0,0.0,0.0,0.0,0.0,15,USB activity detected,1,0.24138913393585137,0,0.034578884745784924,0.697005956229538,0,15,low,USB activity detected,Xerxes Howard Wilcox,Xerxes.Howard.Wilcox@dtaa.com,Salesman,1,5 - SalesAndMarketing,2 - Sales,2 - RegionalSales,Bert Jason Henderson,2010-09.csv
XHW0498,2010-01-12,0.0,0.0,0.0,0.0,8.0,4.0,4.0,0.0,1.0,0.0,0.0,0.0,0.0,0.0,0.0,0.0,0.0,0.0,0.0,0.0,0.0,0.0,0.0,0.0,0.0,0.0,0.0,0.0,15,USB activity detected,1,0.19727497896406737,0,0.026766841620095603,0.697005956229538,0,15,low,USB activity detected,Xerxes Howard Wilcox,Xerxes.Howard.Wilcox@dtaa.com,Salesman,1,5 - SalesAndMarketing,2 - Sales,2 - RegionalSales,Bert Jason Henderson,2010-09.csv
XHW0498,2010-01-13,0.0,0.0,0.0,0.0,2.0,1.0,1.0,0.0,1.0,0.0,0.0,0.0,0.0,0.0,0.0,0.0,0.0,0.0,0.0,0.0,0.0,0.0,0.0,0.0,0.0,0.0,0.0,0.0,15,USB activity detected,1,0.24138913393585137,0,0.034578884745784924,0.697005956229538,0,15,low,USB activity detected,Xerxes Howard Wilcox,Xerxes.Howard.Wilcox@dtaa.com,Salesman,1,5 - SalesAndMarketing,2 - Sales,2 - RegionalSales,Bert Jason Henderson,2010-09.csv
XRS0633,2010-01-04,2.0,1.0,1.0,1.0,0.0,0.0,0.0,0.0,0.0,0.0,0.0,0.0,0.0,0.0,0.0,0.0,0.0,0.0,3.0,0.0,77569.0,25856.333333333332,3.0,1.0,7.0,3.0,0.0,1.0,20,Logon activity outside working hours,1,0.18216828067596935,0,0.08843970834376172,0.697005956229538,0,20,low,Logon activity outside working hours,Xenos Rudyard Small,Xenos.Rudyard.Small@dtaa.com,Technician,1,5 - SalesAndMarketing,3 - FieldService,3 - RegionalFieldService,Hedwig Regina Livingston,2011-05.csv
XRS0633,2010-01-05,2.0,1.0,1.0,1.0,0.0,0.0,0.0,0.0,0.0,0.0,0.0,0.0,0.0,0.0,0.0,0.0,0.0,0.0,0.0,0.0,0.0,0.0,0.0,0.0,0.0,0.0,0.0,0.0,20,Logon activity outside working hours,1,0.25615140751235443,0,0.042606806625200486,0.697005956229538,0,20,low,Logon activity outside working hours,Xenos Rudyard Small,Xenos.Rudyard.Small@dtaa.com,Technician,1,5 - SalesAndMarketing,3 - FieldService,3 - RegionalFieldService,Hedwig Regina Livingston,2011-05.csv
XRS0633,2010-01-06,1.0,1.0,1.0,1.0,0.0,0.0,0.0,0.0,0.0,0.0,0.0,0.0,0.0,0.0,0.0,0.0,0.0,0.0,0.0,0.0,0.0,0.0,0.0,0.0,0.0,0.0,0.0,0.0,20,Logon activity outside working hours,1,0.2543368308857394,0,0.04029176788212439,0.697005956229538,0,20,low,Logon activity outside working hours,Xenos Rudyard Small,Xenos.Rudyard.Small@dtaa.com,Technician,1,5 - SalesAndMarketing,3 - FieldService,3 - RegionalFieldService,Hedwig Regina Livingston,2011-05.csv
XWD0923,2010-01-04,1.0,1.0,0.0,1.0,2.0,1.0,1.0,0.0,1.0,27.0,0.0,27.0,1.0,0.0,0.0,0.0,0.0,0.0,10.0,0.0,265483.0,26548.3,11.0,5.0,20.0,12.0,11.0,1.0,45,USB activity detected; High file copy activity,1,0.012339979325780903,0,0.7225388952353555,0.697005956229538,1,75,high,USB activity detected; High file copy activity; AI anomaly detected by TensorFlow Autoencoder,Xander Walter Doyle,Xander.Walter.Doyle@dtaa.com,Mathematician,1,2 - ResearchAndEngineering,1 - Research,6 - Lab,Lillith Adena Matthews,2010-11.csv
XWD0923,2010-01-05,2.0,1.0,0.0,1.0,8.0,4.0,4.0,0.0,1.0,27.0,0.0,27.0,1.0,0.0,0.0,0.0,0.0,0.0,0.0,0.0,0.0,0.0,0.0,0.0,0.0,0.0,0.0,0.0,45,USB activity detected; High file copy activity,1,0.10498393182903465,0,0.07421044640947895,0.697005956229538,0,45,medium,USB activity detected; High file copy activity,Xander Walter Doyle,Xander.Walter.Doyle@dtaa.com,Mathematician,1,2 - ResearchAndEngineering,1 - Research,6 - Lab,Lillith Adena Matthews,2010-11.csv
XWD0923,2010-01-06,1.0,1.0,0.0,1.0,2.0,1.0,1.0,0.0,1.0,25.0,0.0,25.0,1.0,0.0,0.0,0.0,0.0,0.0,0.0,0.0,0.0,0.0,0.0,0.0,0.0,0.0,0.0,0.0,45,USB activity detected; High file copy activity,1,0.13791903859638616,0,0.045011141698302545,0.697005956229538,0,45,medium,USB activity detected; High file copy activity,Xander Walter Doyle,Xander.Walter.Doyle@dtaa.com,Mathematician,1,2 - ResearchAndEngineering,1 - Research,6 - Lab,Lillith Adena Matthews,2010-11.csv
XWD0923,2010-01-07,2.0,0.0,0.0,1.0,4.0,2.0,2.0,0.0,1.0,15.0,0.0,15.0,1.0,0.0,0.0,0.0,0.0,0.0,0.0,0.0,0.0,0.0,0.0,0.0,0.0,0.0,0.0,0.0,15,USB activity detected,1,0.1753473670984182,0,0.11586035421241575,0.697005956229538,0,15,low,USB activity detected,Xander Walter Doyle,Xander.Walter.Doyle@dtaa.com,Mathematician,1,2 - ResearchAndEngineering,1 - Research,6 - Lab,Lillith Adena Matthews,2010-11.csv
XWD0923,2010-01-08,0.0,0.0,0.0,0.0,2.0,1.0,1.0,0.0,1.0,27.0,0.0,27.0,1.0,0.0,0.0,0.0,0.0,0.0,0.0,0.0,0.0,0.0,0.0,0.0,0.0,0.0,0.0,0.0,45,USB activity detected; High file copy activity,1,0.11667756785690575,0,0.07398013920069593,0.697005956229538,0,45,medium,USB activity detected; High file copy activity,Xander Walter Doyle,Xander.Walter.Doyle@dtaa.com,Mathematician,1,2 - ResearchAndEngineering,1 - Research,6 - Lab,Lillith Adena Matthews,2010-11.csv
XWD0923,2010-01-11,0.0,0.0,0.0,0.0,2.0,1.0,1.0,0.0,1.0,24.0,0.0,24.0,1.0,0.0,0.0,0.0,0.0,0.0,0.0,0.0,0.0,0.0,0.0,0.0,0.0,0.0,0.0,0.0,45,USB activity detected; High file copy activity,1,0.13263548139720371,0,0.05158182751011515,0.697005956229538,0,45,medium,USB activity detected; High file copy activity,Xander Walter Doyle,Xander.Walter.Doyle@dtaa.com,Mathematician,1,2 - ResearchAndEngineering,1 - Research,6 - Lab,Lillith Adena Matthews,2010-11.csv
XWD0923,2010-01-12,0.0,0.0,0.0,0.0,4.0,2.0,2.0,0.0,1.0,21.0,0.0,21.0,1.0,0.0,0.0,0.0,0.0,0.0,0.0,0.0,0.0,0.0,0.0,0.0,0.0,0.0,0.0,0.0,45,USB activity detected; High file copy activity,1,0.1450309392807198,0,0.040277453609717885,0.697005956229538,0,45,medium,USB activity detected; High file copy activity,Xander Walter Doyle,Xander.Walter.Doyle@dtaa.com,Mathematician,1,2 - ResearchAndEngineering,1 - Research,6 - Lab,Lillith Adena Matthews,2010-11.csv
XWD0923,2010-01-13,0.0,0.0,0.0,0.0,4.0,2.0,2.0,0.0,1.0,0.0,0.0,0.0,0.0,0.0,0.0,0.0,0.0,0.0,0.0,0.0,0.0,0.0,0.0,0.0,0.0,0.0,0.0,0.0,15,USB activity detected,1,0.24050968498880276,0,0.029387747032837967,0.697005956229538,0,15,low,USB activity detected,Xander Walter Doyle,Xander.Walter.Doyle@dtaa.com,Mathematician,1,2 - ResearchAndEngineering,1 - Research,6 - Lab,Lillith Adena Matthews,2010-11.csv
YWW0660,2010-01-04,1.0,1.0,1.0,1.0,0.0,0.0,0.0,0.0,0.0,0.0,0.0,0.0,0.0,0.0,0.0,0.0,0.0,0.0,3.0,0.0,103516.0,34505.333333333336,0.0,0.0,6.0,2.0,0.0,1.0,20,Logon activity outside working hours,1,0.2037320742058515,0,0.07318431279158832,0.697005956229538,0,20,low,Logon activity outside working hours,Yasir Wade Wilcox,Yasir.Wade.Wilcox@dtaa.com,Technician,1,5 - SalesAndMarketing,3 - FieldService,3 - RegionalFieldService,Hedwig Regina Livingston,2010-12.csv
YWW0660,2010-01-05,1.0,1.0,1.0,1.0,0.0,0.0,0.0,0.0,0.0,0.0,0.0,0.0,0.0,0.0,0.0,0.0,0.0,0.0,0.0,0.0,0.0,0.0,0.0,0.0,0.0,0.0,0.0,0.0,20,Logon activity outside working hours,1,0.2543368308857394,0,0.04029176788212439,0.697005956229538,0,20,low,Logon activity outside working hours,Yasir Wade Wilcox,Yasir.Wade.Wilcox@dtaa.com,Technician,1,5 - SalesAndMarketing,3 - FieldService,3 - RegionalFieldService,Hedwig Regina Livingston,2010-12.csv
YWW0660,2010-01-06,1.0,1.0,1.0,1.0,0.0,0.0,0.0,0.0,0.0,0.0,0.0,0.0,0.0,0.0,0.0,0.0,0.0,0.0,0.0,0.0,0.0,0.0,0.0,0.0,0.0,0.0,0.0,0.0,20,Logon activity outside working hours,1,0.2543368308857394,0,0.04029176788212439,0.697005956229538,0,20,low,Logon activity outside working hours,Yasir Wade Wilcox,Yasir.Wade.Wilcox@dtaa.com,Technician,1,5 - SalesAndMarketing,3 - FieldService,3 - RegionalFieldService,Hedwig Regina Livingston,2010-12.csv
ZDW0859,2010-01-04,1.0,1.0,0.0,1.0,0.0,0.0,0.0,0.0,0.0,0.0,0.0,0.0,0.0,3.0,0.0,3.0,3.0,1.0,15.0,0.0,463795.0,30919.666666666668,6.0,3.0,24.0,21.0,16.0,1.0,0,,1,0.069425676081462,0,0.8583801862905942,0.697005956229538,1,30,low,AI anomaly detected by TensorFlow Autoencoder,Zeph Dakota Wilkerson,Zeph.Dakota.Wilkerson@dtaa.com,Salesman,1,5 - SalesAndMarketing,2 - Sales,5 - RegionalSales,Hashim Damon Dudley,2011-05.csv
ZKS0899,2010-01-04,1.0,1.0,0.0,1.0,16.0,8.0,8.0,0.0,1.0,21.0,0.0,21.0,1.0,0.0,0.0,0.0,0.0,0.0,3.0,0.0,65565.0,21855.0,1.0,1.0,7.0,4.0,1.0,1.0,45,USB activity detected; High file copy activity,1,0.040472347363905814,0,0.08148030189815574,0.697005956229538,0,45,medium,USB activity detected; High file copy activity,Zenia Kiona Stevenson,Zenia.Kiona.Stevenson@dtaa.com,Technician,1,5 - SalesAndMarketing,3 - FieldService,5 - RegionalFieldService,Blythe Veda Cooke,2011-05.csv
ZKS0899,2010-01-05,1.0,1.0,0.0,1.0,16.0,8.0,8.0,0.0,1.0,24.0,0.0,24.0,1.0,0.0,0.0,0.0,0.0,0.0,0.0,0.0,0.0,0.0,0.0,0.0,0.0,0.0,0.0,0.0,45,USB activity detected; High file copy activity,1,0.10819203892400575,0,0.061740250725934184,0.697005956229538,0,45,medium,USB activity detected; High file copy activity,Zenia Kiona Stevenson,Zenia.Kiona.Stevenson@dtaa.com,Technician,1,5 - SalesAndMarketing,3 - FieldService,5 - RegionalFieldService,Blythe Veda Cooke,2011-05.csv
ZKS0899,2010-01-06,1.0,1.0,0.0,1.0,18.0,9.0,9.0,0.0,1.0,27.0,0.0,27.0,1.0,0.0,0.0,0.0,0.0,0.0,0.0,0.0,0.0,0.0,0.0,0.0,0.0,0.0,0.0,0.0,45,USB activity detected; High file copy activity,1,0.07404346950740104,0,0.07365074946758597,0.697005956229538,0,45,medium,USB activity detected; High file copy activity,Zenia Kiona Stevenson,Zenia.Kiona.Stevenson@dtaa.com,Technician,1,5 - SalesAndMarketing,3 - FieldService,5 - RegionalFieldService,Blythe Veda Cooke,2011-05.csv
ZKS0899,2010-01-07,1.0,0.0,0.0,1.0,18.0,9.0,9.0,0.0,1.0,27.0,0.0,27.0,1.0,0.0,0.0,0.0,0.0,0.0,0.0,0.0,0.0,0.0,0.0,0.0,0.0,0.0,0.0,0.0,45,USB activity detected; High file copy activity,1,0.06971875468120237,0,0.08881209692628077,0.697005956229538,0,45,medium,USB activity detected; High file copy activity,Zenia Kiona Stevenson,Zenia.Kiona.Stevenson@dtaa.com,Technician,1,5 - SalesAndMarketing,3 - FieldService,5 - RegionalFieldService,Blythe Veda Cooke,2011-05.csv
ZKS0899,2010-01-08,0.0,0.0,0.0,0.0,18.0,9.0,9.0,0.0,1.0,24.0,0.0,24.0,1.0,0.0,0.0,0.0,0.0,0.0,0.0,0.0,0.0,0.0,0.0,0.0,0.0,0.0,0.0,0.0,45,USB activity detected; High file copy activity,1,0.0937288301095639,0,0.06754479343833958,0.697005956229538,0,45,medium,USB activity detected; High file copy activity,Zenia Kiona Stevenson,Zenia.Kiona.Stevenson@dtaa.com,Technician,1,5 - SalesAndMarketing,3 - FieldService,5 - RegionalFieldService,Blythe Veda Cooke,2011-05.csv
ZKS0899,2010-01-11,0.0,0.0,0.0,0.0,18.0,9.0,9.0,0.0,1.0,26.0,0.0,26.0,1.0,0.0,0.0,0.0,0.0,0.0,0.0,0.0,0.0,0.0,0.0,0.0,0.0,0.0,0.0,0.0,45,USB activity detected; High file copy activity,1,0.07805894001208902,0,0.07185445176116367,0.697005956229538,0,45,medium,USB activity detected; High file copy activity,Zenia Kiona Stevenson,Zenia.Kiona.Stevenson@dtaa.com,Technician,1,5 - SalesAndMarketing,3 - FieldService,5 - RegionalFieldService,Blythe Veda Cooke,2011-05.csv
ZKS0899,2010-01-12,0.0,0.0,0.0,0.0,18.0,9.0,9.0,0.0,1.0,19.0,0.0,19.0,1.0,0.0,0.0,0.0,0.0,0.0,0.0,0.0,0.0,0.0,0.0,0.0,0.0,0.0,0.0,0.0,15,USB activity detected,1,0.10363601383357923,0,0.08511852475709694,0.697005956229538,0,15,low,USB activity detected,Zenia Kiona Stevenson,Zenia.Kiona.Stevenson@dtaa.com,Technician,1,5 - SalesAndMarketing,3 - FieldService,5 - RegionalFieldService,Blythe Veda Cooke,2011-05.csv
ZKS0899,2010-01-13,0.0,0.0,0.0,0.0,8.0,4.0,4.0,0.0,1.0,0.0,0.0,0.0,0.0,0.0,0.0,0.0,0.0,0.0,0.0,0.0,0.0,0.0,0.0,0.0,0.0,0.0,0.0,0.0,15,USB activity detected,1,0.19727497896406737,0,0.02676686947862803,0.697005956229538,0,15,low,USB activity detected,Zenia Kiona Stevenson,Zenia.Kiona.Stevenson@dtaa.com,Technician,1,5 - SalesAndMarketing,3 - FieldService,5 - RegionalFieldService,Blythe Veda Cooke,2011-05.csv
ZSB0649,2010-01-04,1.0,1.0,1.0,1.0,0.0,0.0,0.0,0.0,0.0,0.0,0.0,0.0,0.0,0.0,0.0,0.0,0.0,0.0,3.0,0.0,100353.0,33451.0,2.0,1.0,5.0,2.0,0.0,1.0,20,Logon activity outside working hours,1,0.19934462485752874,0,0.09299989586151326,0.697005956229538,0,20,low,Logon activity outside working hours,Zia Shelley Blankenship,Zia.Shelley.Blankenship@dtaa.com,Technician,1,5 - SalesAndMarketing,3 - FieldService,3 - RegionalFieldService,Hedwig Regina Livingston,2011-05.csv
ZSB0649,2010-01-05,1.0,1.0,1.0,1.0,0.0,0.0,0.0,0.0,0.0,0.0,0.0,0.0,0.0,0.0,0.0,0.0,0.0,0.0,0.0,0.0,0.0,0.0,0.0,0.0,0.0,0.0,0.0,0.0,20,Logon activity outside working hours,1,0.2543368308857394,0,0.04029176788212439,0.697005956229538,0,20,low,Logon activity outside working hours,Zia Shelley Blankenship,Zia.Shelley.Blankenship@dtaa.com,Technician,1,5 - SalesAndMarketing,3 - FieldService,3 - RegionalFieldService,Hedwig Regina Livingston,2011-05.csv
ZSB0649,2010-01-06,1.0,1.0,1.0,1.0,0.0,0.0,0.0,0.0,0.0,0.0,0.0,0.0,0.0,0.0,0.0,0.0,0.0,0.0,0.0,0.0,0.0,0.0,0.0,0.0,0.0,0.0,0.0,0.0,20,Logon activity outside working hours,1,0.2543368308857394,0,0.04029176788212439,0.697005956229538,0,20,low,Logon activity outside working hours,Zia Shelley Blankenship,Zia.Shelley.Blankenship@dtaa.com,Technician,1,5 - SalesAndMarketing,3 - FieldService,3 - RegionalFieldService,Hedwig Regina Livingston,2011-05.csv
